timestamp,datetime,raw_gaze_position_x,raw_gaze_position_y,calibrated_gaze_position_x,calibrated_gaze_position_y,filtered_gaze_position_x,filtered_gaze_position_y,left_eye_openness,right_eye_openness,tracking_status,status,event,trigger
1783878002386882400,2026-07-13 01:40:02.386882,NA,NA,NA,NA,NA,NA,0.0,0.0,0,0,0,1
1783878002485157700,2026-07-13 01:40:02.485158,NA,NA,NA,NA,NA,NA,0.0,0.0,0,0,0,0
1783878002552689200,2026-07-13 01:40:02.552689,NA,NA,NA,NA,NA,NA,0.0,0.0,0,0,0,0
1783878002650937800,2026-07-13 01:40:02.650938,NA,NA,NA,NA,NA,NA,0.0,0.0,0,0,0,0
1783878002753170400,2026-07-13 01:40:02.753170,NA,NA,NA,NA,NA,NA,0.0,0.0,0,0,0,0
1783878002849428900,2026-07-13 01:40:02.849429,NA,NA,NA,NA,NA,NA,0.0,0.0,0,0,0,0
1783878002916173300,2026-07-13 01:40:02.916173,NA,NA,NA,NA,NA,NA,0.0,0.0,0,0,0,0
1783878002987595300,2026-07-13 01:40:02.987595,NA,NA,NA,NA,NA,NA,0.0,0.0,0,0,0,0
1783878003086712400,2026-07-13 01:40:03.086712,NA,NA,NA,NA,NA,NA,0.0,0.0,0,0,0,0
1783878003154170800,2026-07-13 01:40:03.154171,NA,NA,NA,NA,NA,NA,0.0,0.0,0,0,0,0
1783878003221354300,2026-07-13 01:40:03.221354,NA,NA,NA,NA,NA,NA,0.0,0.0,0,0,0,0
1783878003289797800,2026-07-13 01:40:03.289798,NA,NA,NA,NA,NA,NA,0.0,0.0,0,0,0,0
1783878003358335300,2026-07-13 01:40:03.358335,NA,NA,NA,NA,NA,NA,0.0,0.0,0,0,0,0
1783878003425154400,2026-07-13 01:40:03.425154,NA,NA,NA,NA,NA,NA,0.0,0.0,0,0,0,0
1783878003522166400,2026-07-13 01:40:03.522166,2.5535075664520264,-6.267605304718018,1317.5588607788086,820.0559616088867,1317.5588607788086,820.0559616088867,22.0,46.0,1,1,0,0
1783878003592279100,2026-07-13 01:40:03.592279,2.126356840133667,-4.2445597648620605,1551.167869567871,682.4824810028076,1551.167869567871,682.4824810028076,31.0,24.0,1,1,0,0
1783878003691268100,2026-07-13 01:40:03.691268,2.399139404296875,-3.691433906555176,1450.4053115844727,574.5664238929749,1450.4053115844727,574.5664238929749,25.5,25.0,1,1,0,0
1783878003758154900,2026-07-13 01:40:03.758155,2.3252341747283936,-3.138296127319336,1449.2501258850098,548.152506351471,1449.2501258850098,548.152506351471,25.5,26.5,1,1,0,0
1783878003826593000,2026-07-13 01:40:03.826593,2.105585813522339,-3.429239273071289,1469.1974639892578,538.3930802345276,1469.1974639892578,538.3930802345276,31.0,23.0,1,1,0,0
1783878003894529300,2026-07-13 01:40:03.894529,2.2461097240448,-2.936811685562134,1398.8396644592285,463.36179971694946,1398.8396644592285,463.36179971694946,33.5,27.0,1,1,0,0
1783878003964204000,2026-07-13 01:40:03.964204,1.2374306917190552,-4.403733730316162,1324.0166664123535,671.7466115951538,1324.0166664123535,671.7466115951538,31.5,27.0,1,1,0,0
1783878004031504700,2026-07-13 01:40:04.031505,1.6816219091415405,-4.067980766296387,1321.9293594360352,624.3966221809387,1398.8396644592285,624.3966221809387,29.5,26.5,1,1,0,0
1783878004098643200,2026-07-13 01:40:04.098643,2.172248363494873,-3.883974552154541,1330.9879302978516,555.9897422790527,1330.9879302978516,574.5664238929749,31.0,24.0,1,1,0,0
1783878004170071600,2026-07-13 01:40:04.170072,2.297788619995117,-5.550771713256836,1572.768211364746,753.2112002372742,1330.9879302978516,671.7466115951538,33.0,22.5,1,1,0,0
1783878004271260700,2026-07-13 01:40:04.271261,1.2629616260528564,-4.337613582611084,1311.9998931884766,792.1034097671509,1330.9879302978516,624.3966221809387,25.0,13.5,1,1,0,0
1783878004370867300,2026-07-13 01:40:04.370867,2.0880825519561768,-5.19878625869751,1481.1267852783203,848.1988906860352,1330.9879302978516,671.7466115951538,14.0,19.0,1,1,0,0
1783878004471368500,2026-07-13 01:40:04.471369,2.1438024044036865,-4.539511203765869,1308.5128784179688,725.2485156059265,1330.9879302978516,725.2485156059265,13.5,12.0,1,1,0,0
1783878004570309600,2026-07-13 01:40:04.570310,1.9381574392318726,-5.97851037979126,1346.9892501831055,792.7642464637756,1330.9879302978516,725.2485156059265,24.0,17.5,1,1,0,0
1783878004640069600,2026-07-13 01:40:04.640070,2.6487090587615967,-3.8449454307556152,1331.754207611084,598.328173160553,1330.9879302978516,671.7466115951538,24.5,18.5,1,1,0,0
1783878004741808200,2026-07-13 01:40:04.741808,1.8293496370315552,-4.394087791442871,1300.506591796875,673.7267374992371,1330.9879302978516,725.2485156059265,22.5,15.5,1,1,0,0
1783878004841060900,2026-07-13 01:40:04.841061,2.802995204925537,-2.723832607269287,1318.5209274291992,409.28635001182556,1330.9879302978516,673.7267374992371,34.5,23.0,1,1,0,0
1783878004909034700,2026-07-13 01:40:04.909035,2.616650104522705,-3.12188720703125,1236.8057250976562,445.22038102149963,1330.9879302978516,671.7466115951538,34.0,16.0,1,1,0,0
1783878005009057600,2026-07-13 01:40:05.009058,2.8395402431488037,-3.241218090057373,1434.3881607055664,406.5767228603363,1330.9879302978516,671.7466115951538,28.5,28.0,1,1,0,0
1783878005107722900,2026-07-13 01:40:05.107723,2.543851613998413,-3.9623005390167236,1250.834560394287,441.3556158542633,1330.9879302978516,445.22038102149963,33.5,29.0,1,1,0,0
1783878005177918500,2026-07-13 01:40:05.177918,2.685985803604126,-2.808152198791504,1429.0308952331543,382.6013207435608,1330.9879302978516,445.22038102149963,33.5,32.5,1,1,0,0
1783878005246274900,2026-07-13 01:40:05.246275,2.3600127696990967,-4.265901565551758,1381.437873840332,497.69264459609985,1330.9879302978516,497.69264459609985,35.0,11.0,1,1,0,0
1783878005344164400,2026-07-13 01:40:05.344164,1.6659760475158691,-4.626960277557373,1246.4081764221191,631.5202116966248,1330.9879302978516,445.22038102149963,41.5,21.0,1,1,0,0
1783878005412314000,2026-07-13 01:40:05.412314,1.9103957414627075,-4.087738513946533,1200.8395195007324,526.0977745056152,1330.9879302978516,497.69264459609985,33.5,23.0,1,1,0,0
1783878005480860400,2026-07-13 01:40:05.480860,2.0529704093933105,-5.200220584869385,1288.6507034301758,625.646710395813,1330.9879302978516,497.69264459609985,28.5,28.5,1,1,0,0
1783878005548081200,2026-07-13 01:40:05.548081,2.547743797302246,-4.216044902801514,1302.8207778930664,579.1590809822083,1302.8207778930664,526.0977745056152,26.5,29.5,1,1,0,0
1783878005615491600,2026-07-13 01:40:05.615492,2.241824150085449,-4.484005451202393,1214.2724990844727,530.178964138031,1302.8207778930664,526.0977745056152,36.0,28.0,1,1,0,0
1783878005684607100,2026-07-13 01:40:05.684607,2.435978412628174,-4.785128593444824,1269.2886352539062,599.6403694152832,1302.8207778930664,530.178964138031,44.5,21.5,1,1,0,0
1783878005751913000,2026-07-13 01:40:05.751913,1.9088081121444702,-4.7184062004089355,1293.9525604248047,675.6108999252319,1302.8207778930664,530.178964138031,43.0,26.5,1,1,0,0
1783878005848588100,2026-07-13 01:40:05.848588,2.1306629180908203,-3.7581892013549805,1237.4048233032227,479.1054427623749,1293.9525604248047,526.0977745056152,40.5,19.0,1,1,0,0
1783878005916301100,2026-07-13 01:40:05.916301,1.256744623184204,-4.680713176727295,1145.760154724121,604.8727035522461,1293.9525604248047,530.178964138031,40.5,30.0,1,1,0,0
1783878005984139900,2026-07-13 01:40:05.984140,2.3991620540618896,-5.219146251678467,1302.543830871582,589.6652936935425,1302.543830871582,530.178964138031,47.5,29.5,1,1,0,0
1783878006050939500,2026-07-13 01:40:06.050939,2.1151034832000732,-4.011643886566162,1231.783676147461,530.9091210365295,1293.9525604248047,530.178964138031,47.5,24.5,1,1,0,0
1783878006118553000,2026-07-13 01:40:06.118553,1.3551321029663086,-5.04841423034668,1182.2861671447754,692.1812295913696,1293.9525604248047,530.9091210365295,42.5,15.5,1,1,0,0
1783878006186103000,2026-07-13 01:40:06.186103,2.051241159439087,-5.80872917175293,1315.9873008728027,773.2195854187012,1302.543830871582,530.9091210365295,39.0,24.5,1,1,0,0
1783878006253545500,2026-07-13 01:40:06.253546,1.6324114799499512,-6.738383769989014,1225.033187866211,900.2967476844788,1293.9525604248047,530.9091210365295,34.5,27.0,1,1,0,0
1783878006354429900,2026-07-13 01:40:06.354430,1.8044251203536987,-7.519113063812256,1454.9748420715332,1015.5727863311768,1293.9525604248047,692.1812295913696,41.0,36.5,1,1,0,0
1783878006455092400,2026-07-13 01:40:06.455092,2.5467636585235596,-7.476033687591553,1659.733772277832,924.4199991226196,1302.543830871582,773.2195854187012,36.0,37.5,1,1,0,0
1783878006523096500,2026-07-13 01:40:06.523097,1.7274236679077148,-5.3781914710998535,1267.618751525879,695.8139538764954,1293.9525604248047,695.8139538764954,47.0,25.0,1,1,0,0
1783878006623466900,2026-07-13 01:40:06.623467,2.442734479904175,-5.380160808563232,1359.5490455627441,681.6770434379578,1302.543830871582,692.1812295913696,43.0,32.5,1,1,0,0
1783878006721356100,2026-07-13 01:40:06.721356,2.4251279830932617,-5.390600681304932,1387.403678894043,687.7149343490601,1302.543830871582,695.8139538764954,47.0,38.5,1,1,0,0
1783878006788966100,2026-07-13 01:40:06.788966,2.0696816444396973,-4.628368854522705,1371.657943725586,644.0793871879578,1302.543830871582,692.1812295913696,42.0,41.5,1,1,0,0
1783878006858243400,2026-07-13 01:40:06.858243,2.3607866764068604,-3.518657922744751,1269.4350242614746,474.75677728652954,1302.543830871582,687.7149343490601,52.5,28.0,1,1,0,0
1783878006956842300,2026-07-13 01:40:06.956842,2.4101369380950928,-5.933263301849365,1409.6848487854004,692.1929717063904,1302.543830871582,692.1929717063904,47.5,28.0,1,1,0,0
1783878007026969600,2026-07-13 01:40:07.026970,1.8347800970077515,-5.7887492179870605,1279.6876907348633,757.9931616783142,1302.543830871582,692.1812295913696,35.5,28.0,1,1,0,0
1783878007126447700,2026-07-13 01:40:07.126448,2.3243772983551025,-6.374462604522705,1309.7474098205566,754.5809745788574,1302.543830871582,692.1929717063904,48.5,36.0,1,1,0,0
1783878007195363600,2026-07-13 01:40:07.195364,2.3582065105438232,-5.976744174957275,1360.962963104248,785.0208282470703,1302.543830871582,692.1929717063904,48.5,44.0,1,1,0,0
1783878007295145200,2026-07-13 01:40:07.295145,1.9909566640853882,-5.965882301330566,1262.4931335449219,804.6605587005615,1302.543830871582,754.5809745788574,51.5,37.5,1,1,0,0
1783878007394353100,2026-07-13 01:40:07.394353,1.8890224695205688,-5.254402160644531,1269.6074485778809,679.684042930603,1302.543830871582,692.1929717063904,45.5,35.0,1,1,0,0
1783878007496072400,2026-07-13 01:40:07.496073,1.8298735618591309,-6.77307653427124,1489.4264221191406,1073.970079421997,1302.543830871582,754.5809745788574,35.5,26.0,1,1,0,0
1783878007563290400,2026-07-13 01:40:07.563290,2.0465574264526367,-5.185451030731201,1380.5717468261719,774.7161388397217,1302.543830871582,754.5809745788574,41.0,43.0,1,1,0,0
1783878007662929400,2026-07-13 01:40:07.662929,1.3136754035949707,-4.469842910766602,1105.2632331848145,626.1497735977173,1302.543830871582,692.1929717063904,33.5,26.0,1,1,0,0
1783878007729788200,2026-07-13 01:40:07.729788,2.1377620697021484,-4.753687381744385,1414.7924423217773,665.9666895866394,1302.543830871582,754.5809745788574,35.0,34.5,1,1,0,0
1783878007826444900,2026-07-13 01:40:07.826445,2.74275541305542,-3.342245101928711,1256.9950103759766,387.4587416648865,1302.543830871582,692.1929717063904,43.5,32.0,1,1,0,0
1783878007895216500,2026-07-13 01:40:07.895216,2.6420814990997314,-4.396620750427246,1365.9510612487793,551.547110080719,1302.543830871582,665.9666895866394,42.5,33.0,1,1,0,0
1783878007962167100,2026-07-13 01:40:07.962167,2.5713729858398438,-5.0062384605407715,1366.015625,637.2060775756836,1302.543830871582,665.9666895866394,35.5,27.5,1,1,0,0
1783878008029792900,2026-07-13 01:40:08.029793,2.352836847305298,-4.795101642608643,1273.3299255371094,549.4908690452576,1302.543830871582,637.2060775756836,37.0,33.5,1,1,0,0
1783878008133178300,2026-07-13 01:40:08.133178,2.2270355224609375,-5.895567417144775,1359.7458839416504,830.3776383399963,1302.543830871582,665.9666895866394,39.5,27.5,1,1,0,0
1783878008231115800,2026-07-13 01:40:08.231116,2.5258843898773193,-5.566283702850342,1413.893699645996,785.1762771606445,1302.543830871582,665.9666895866394,43.0,26.0,1,1,0,0
1783878008333493200,2026-07-13 01:40:08.333493,2.521544933319092,-5.724241733551025,1437.2715950012207,672.6499795913696,1302.543830871582,665.9666895866394,43.5,27.0,1,1,0,0
1783878008430431100,2026-07-13 01:40:08.430431,2.226285219192505,-4.897146224975586,1280.1799774169922,607.9934239387512,1302.543830871582,665.9666895866394,46.0,29.5,1,1,0,0
1783878008533934200,2026-07-13 01:40:08.533934,2.5529613494873047,-4.659405708312988,1277.6979446411133,533.1543684005737,1302.543830871582,665.9666895866394,52.0,30.0,1,1,0,0
1783878008633464800,2026-07-13 01:40:08.633465,2.4640800952911377,-5.1275858879089355,1394.5225715637207,557.9875707626343,1302.543830871582,665.9666895866394,45.5,32.5,1,1,0,0
1783878008703260100,2026-07-13 01:40:08.703260,2.407785177230835,-4.790913105010986,1301.894187927246,545.4707145690918,1302.543830871582,607.9934239387512,48.0,42.0,1,1,0,0
1783878008800345200,2026-07-13 01:40:08.800345,2.51806378364563,-4.848364353179932,1349.0984916687012,504.15199995040894,1302.543830871582,557.9875707626343,49.0,41.5,1,1,0,0
1783878008900529800,2026-07-13 01:40:08.900530,2.3914449214935303,-4.953691482543945,1309.1957092285156,588.4842276573181,1302.543830871582,588.4842276573181,51.5,39.0,1,1,0,0
1783878009005279600,2026-07-13 01:40:09.005280,2.5131020545959473,-4.0932135581970215,1267.1610832214355,485.0558340549469,1302.543830871582,557.9875707626343,51.0,39.0,1,1,0,0
1783878009102704600,2026-07-13 01:40:09.102705,2.375605344772339,-4.3639302253723145,1295.6510543823242,554.998517036438,1302.543830871582,557.9875707626343,53.0,43.0,1,1,0,0
1783878009169411700,2026-07-13 01:40:09.169412,2.4863691329956055,-4.252219200134277,1249.0548133850098,499.8554289340973,1302.543830871582,557.9875707626343,55.0,40.0,1,1,0,0
1783878009236104400,2026-07-13 01:40:09.236104,2.5159130096435547,-4.413614749908447,1298.0976104736328,505.0128102302551,1298.0976104736328,554.998517036438,54.5,35.5,1,1,0,0
1783878009308780100,2026-07-13 01:40:09.308780,2.5728466510772705,-4.163767337799072,1242.7314758300781,468.72231364250183,1298.0976104736328,554.998517036438,54.5,29.0,1,1,0,0
1783878009406459200,2026-07-13 01:40:09.406459,2.511373519897461,-4.37682580947876,1250.195026397705,500.88924169540405,1298.0976104736328,505.0128102302551,43.5,29.5,1,1,0,0
1783878009474164400,2026-07-13 01:40:09.474164,2.5937418937683105,-3.198072910308838,1192.448616027832,382.7905058860779,1298.0976104736328,505.0128102302551,48.0,40.5,1,1,0,0
1783878009573981200,2026-07-13 01:40:09.573981,2.239544630050659,-3.1538009643554688,1101.2993812561035,381.2980055809021,1250.195026397705,500.88924169540405,52.0,22.0,1,1,0,0
1783878009675131600,2026-07-13 01:40:09.675132,2.333711862564087,-3.9059102535247803,1181.9082260131836,466.18127822875977,1250.195026397705,500.88924169540405,46.0,29.0,1,1,0,0
1783878009742633700,2026-07-13 01:40:09.742634,2.0720958709716797,-4.590856075286865,1186.9409561157227,547.7463006973267,1192.448616027832,505.0128102302551,47.0,34.5,1,1,0,0
1783878009843057500,2026-07-13 01:40:09.843057,2.143620491027832,-4.51682186126709,1178.3172607421875,551.2122511863708,1186.9409561157227,500.88924169540405,45.5,34.0,1,1,0,0
1783878009912553000,2026-07-13 01:40:09.912553,2.553710460662842,-3.7441444396972656,1185.109519958496,414.09462690353394,1186.9409561157227,500.88924169540405,50.5,32.0,1,1,0,0
1783878010014744800,2026-07-13 01:40:10.014745,2.704982042312622,-3.9307570457458496,1267.0486450195312,431.19385838508606,1192.448616027832,500.88924169540405,46.5,33.5,1,1,0,0
1783878010111119300,2026-07-13 01:40:10.111119,2.462681531906128,-4.224946975708008,1274.3714332580566,464.21346068382263,1186.9409561157227,500.88924169540405,43.5,31.5,1,1,0,0
1783878010179619300,2026-07-13 01:40:10.179619,2.463740110397339,-4.414307117462158,1285.0610733032227,474.2544889450073,1192.448616027832,474.2544889450073,45.5,27.0,1,1,0,0
1783878010279251500,2026-07-13 01:40:10.279251,2.766474962234497,-3.8599066734313965,1338.7815475463867,385.27995347976685,1267.0486450195312,474.2544889450073,46.5,32.0,1,1,0,0
1783878010347355500,2026-07-13 01:40:10.347355,1.9225579500198364,-12.04709243774414,1379.7444343566895,1997.964859008789,1274.3714332580566,500.88924169540405,9.5,8.0,1,1,0,0
1783878010415176000,2026-07-13 01:40:10.415176,1.3222357034683228,-10.684664726257324,1381.2685012817383,1833.3265781402588,1285.0610733032227,474.2544889450073,14.0,6.5,1,1,0,0
1783878010514414100,2026-07-13 01:40:10.514414,1.7168229818344116,-8.208343505859375,1740.328025817871,1470.360517501831,1338.7815475463867,500.88924169540405,34.5,22.0,1,1,0,0
1783878010582719200,2026-07-13 01:40:10.582719,1.617181420326233,-7.740111827850342,1614.0680313110352,1369.9575662612915,1379.7444343566895,1369.9575662612915,36.5,22.0,1,1,0,0
1783878010649619300,2026-07-13 01:40:10.649619,1.73175847530365,-5.972663879394531,1299.2860794067383,879.0077567100525,1299.2860794067383,879.0077567100525,40.5,36.5,1,1,0,0
1783878010718947000,2026-07-13 01:40:10.718947,2.5157573223114014,-5.3763651847839355,1314.3972396850586,692.858636379242,1338.7815475463867,692.858636379242,40.0,27.5,1,1,0,0
1783878010817272700,2026-07-13 01:40:10.817273,2.6198318004608154,-4.945382595062256,1342.8473472595215,645.1682448387146,1342.8473472595215,879.0077567100525,42.0,27.0,1,1,0,0
1783878010884429100,2026-07-13 01:40:10.884429,2.7502331733703613,-5.072314739227295,1309.0217590332031,609.5022559165955,1309.0217590332031,692.858636379242,43.5,27.5,1,1,0,0
1783878010953110800,2026-07-13 01:40:10.953111,2.809021234512329,-4.20188045501709,1318.0181503295898,443.3038830757141,1318.0181503295898,692.858636379242,45.5,24.5,1,1,0,0
1783878011052898000,2026-07-13 01:40:11.052898,2.2598159313201904,-4.7286272048950195,1239.5936965942383,566.7662024497986,1318.0181503295898,645.1682448387146,43.5,33.0,1,1,0,0
1783878011120374300,2026-07-13 01:40:11.120374,2.5334739685058594,-4.446422100067139,1278.9945602416992,503.73756885528564,1309.0217590332031,609.5022559165955,44.0,32.0,1,1,0,0
1783878011221001000,2026-07-13 01:40:11.221001,2.697627544403076,-4.001625061035156,1238.9044761657715,428.0790090560913,1309.0217590332031,566.7662024497986,44.0,26.5,1,1,0,0
1783878011288640900,2026-07-13 01:40:11.288641,2.3921408653259277,-3.9064998626708984,1160.4820251464844,464.05017375946045,1278.9945602416992,566.7662024497986,44.0,30.0,1,1,0,0
1783878011356547500,2026-07-13 01:40:11.356548,2.7145049571990967,-3.311758518218994,1217.1929359436035,366.2703037261963,1278.9945602416992,503.73756885528564,44.0,30.5,1,1,0,0
1783878011424415400,2026-07-13 01:40:11.424416,2.6831657886505127,-3.22550630569458,1195.7284927368164,344.894677400589,1238.9044761657715,464.05017375946045,45.0,37.5,1,1,0,0
1783878011492601600,2026-07-13 01:40:11.492602,2.5450377464294434,-3.6438446044921875,1213.4977340698242,394.85445618629456,1217.1929359436035,464.05017375946045,48.5,41.5,1,1,0,0
1783878011560407200,2026-07-13 01:40:11.560407,2.5173463821411133,-4.6567206382751465,1369.4117546081543,480.13415932655334,1278.9945602416992,480.13415932655334,52.0,34.5,1,1,0,0
1783878011627686100,2026-07-13 01:40:11.627686,2.736877679824829,-4.388015270233154,1273.526668548584,457.5880765914917,1238.9044761657715,464.05017375946045,48.0,35.0,1,1,0,0
1783878011726628800,2026-07-13 01:40:11.726629,2.615267515182495,-4.0908918380737305,1275.581455230713,457.34354853630066,1273.526668548584,464.05017375946045,46.5,34.5,1,1,0,0
1783878011826288600,2026-07-13 01:40:11.826289,2.685924768447876,-4.19248104095459,1438.08012008667,398.0887234210968,1278.9945602416992,464.05017375946045,49.0,34.5,1,1,0,0
1783878011893341100,2026-07-13 01:40:11.893341,2.801286458969116,-3.8412561416625977,1300.0078201293945,412.3992919921875,1275.581455230713,457.5880765914917,46.5,32.5,1,1,0,0
1783878011963119100,2026-07-13 01:40:11.963119,2.70056414604187,-4.356146335601807,1268.6408996582031,442.0669376850128,1273.526668548584,457.34354853630066,43.5,34.5,1,1,0,0
1783878012060706000,2026-07-13 01:40:12.060706,2.5306081771850586,-5.214779853820801,1312.7196311950684,603.3787131309509,1278.9945602416992,464.05017375946045,46.0,23.0,1,1,0,0
1783878012159125600,2026-07-13 01:40:12.159126,2.7515110969543457,-4.070061206817627,1286.088466644287,410.74901819229126,1278.9945602416992,457.34354853630066,48.0,28.5,1,1,0,0
1783878012229629500,2026-07-13 01:40:12.229630,2.686706304550171,-4.727596282958984,1301.4647483825684,496.00446224212646,1278.9945602416992,457.34354853630066,52.0,31.0,1,1,0,0
1783878012298161700,2026-07-13 01:40:12.298162,2.8126296997070312,-4.316605091094971,1260.224437713623,429.8493564128876,1278.9945602416992,457.34354853630066,48.5,30.5,1,1,0,0
1783878012397816800,2026-07-13 01:40:12.397817,2.6604485511779785,-5.163168907165527,1343.820858001709,575.8435130119324,1278.9945602416992,457.34354853630066,55.0,27.0,1,1,0,0
1783878012496774600,2026-07-13 01:40:12.496775,2.7584869861602783,-4.5245680809021,1315.2740478515625,473.9760458469391,1278.9945602416992,457.34354853630066,56.0,44.5,1,1,0,0
1783878012596497300,2026-07-13 01:40:12.596497,2.5047290325164795,-4.530192852020264,1322.4953651428223,465.25222063064575,1278.9945602416992,457.34354853630066,46.0,48.5,1,1,0,0
1783878012664175400,2026-07-13 01:40:12.664175,2.5600829124450684,-4.549437046051025,1422.1112251281738,428.49013209342957,1315.2740478515625,457.34354853630066,43.0,25.5,1,1,0,0
1783878012731448700,2026-07-13 01:40:12.731449,2.617682933807373,-4.059378147125244,1388.4382247924805,382.47156143188477,1315.2740478515625,457.34354853630066,46.0,32.5,1,1,0,0
1783878012830857300,2026-07-13 01:40:12.830857,2.716449022293091,-3.8553476333618164,1339.4354820251465,316.5094554424286,1322.4953651428223,457.34354853630066,47.0,34.5,1,1,0,0
1783878012899565300,2026-07-13 01:40:12.899565,2.7029061317443848,-3.638612747192383,1338.1746292114258,291.4573848247528,1338.1746292114258,428.49013209342957,51.5,36.0,1,1,0,0
1783878012969444700,2026-07-13 01:40:12.969445,2.5327227115631104,-4.125062942504883,1292.2327995300293,412.24756836891174,1315.2740478515625,412.24756836891174,47.0,36.5,1,1,0,0
1783878013066336400,2026-07-13 01:40:13.066336,2.266523838043213,-3.3331522941589355,1117.2706604003906,376.8366575241089,1322.4953651428223,412.24756836891174,44.0,37.5,1,1,0,0
1783878013134051100,2026-07-13 01:40:13.134051,2.6727983951568604,-3.4539856910705566,1211.6352081298828,312.281996011734,1315.2740478515625,412.24756836891174,42.0,38.0,1,1,0,0
1783878013234014900,2026-07-13 01:40:13.234015,2.6682121753692627,-3.951106548309326,1228.4472465515137,362.22922801971436,1292.2327995300293,412.24756836891174,43.5,27.5,1,1,0,0
1783878013301150400,2026-07-13 01:40:13.301151,2.978205442428589,-3.3137261867523193,1271.809959411621,281.3994288444519,1271.809959411621,376.8366575241089,48.0,47.5,1,1,0,0
1783878013370873900,2026-07-13 01:40:13.370874,1.9806169271469116,-6.835540771484375,1581.0712814331055,997.0200061798096,1315.2740478515625,412.24756836891174,52.5,33.0,1,1,0,0
1783878013466157600,2026-07-13 01:40:13.466158,1.8629223108291626,-13.408345222473145,789.3270969390869,2146.498918533325,1271.809959411621,412.24756836891174,5.5,8.5,1,1,0,0
1783878013534237100,2026-07-13 01:40:13.534237,1.6177376508712769,-12.868557929992676,1012.2891426086426,2109.6701622009277,1271.809959411621,412.24756836891174,12.0,8.0,1,1,0,0
1783878013602248800,2026-07-13 01:40:13.602249,1.7368439435958862,-13.06328296661377,1007.5031280517578,2174.4296550750732,1271.809959411621,997.0200061798096,9.0,4.0,1,1,0,0
1783878013671005400,2026-07-13 01:40:13.671005,1.6915265321731567,-12.581459045410156,1208.8692665100098,2093.616008758545,1208.8692665100098,2093.616008758545,14.5,1.5,1,1,0,0
1783878013771079400,2026-07-13 01:40:13.771080,1.5131142139434814,-11.212052345275879,1491.6571617126465,2104.7630310058594,1271.809959411621,2093.616008758545,14.5,2.5,1,1,0,0
1783878013841675200,2026-07-13 01:40:13.841675,1.5065956115722656,-8.729710578918457,1602.1968841552734,1625.3492832183838,1271.809959411621,1625.3492832183838,23.5,14.5,1,1,0,0
1783878013941983300,2026-07-13 01:40:13.941983,1.7610697746276855,-6.79757833480835,1595.8834648132324,1127.4689435958862,1271.809959411621,2093.616008758545,26.0,25.5,1,1,0,0
1783878014010767400,2026-07-13 01:40:14.010767,2.1122233867645264,-6.94488525390625,1608.7844848632812,1150.0859260559082,1491.6571617126465,1625.3492832183838,29.5,16.5,1,1,0,0
1783878014108077000,2026-07-13 01:40:14.108077,2.0141491889953613,-8.645792961120605,1847.5654602050781,1484.549880027771,1595.8834648132324,1625.3492832183838,30.0,25.0,1,1,0,0
1783878014209772100,2026-07-13 01:40:14.209772,2.061840772628784,-9.193291664123535,1752.4238586425781,1442.9486989974976,1595.8834648132324,1484.549880027771,34.5,25.0,1,1,0,0
1783878014278141200,2026-07-13 01:40:14.278141,1.7258633375167847,-8.2512845993042,1665.959358215332,1426.1441230773926,1608.7844848632812,1484.549880027771,35.5,22.5,1,1,0,0
1783878014377341700,2026-07-13 01:40:14.377342,2.0891191959381104,-7.994154930114746,1538.4017944335938,1246.5054988861084,1595.8834648132324,1484.549880027771,35.0,22.0,1,1,0,0
1783878014478703400,2026-07-13 01:40:14.478703,2.3022818565368652,-7.303975582122803,1487.7511024475098,1065.0570392608643,1595.8834648132324,1442.9486989974976,33.0,25.0,1,1,0,0
1783878014546725400,2026-07-13 01:40:14.546725,2.403956890106201,-6.558933258056641,1441.3115501403809,897.2002863883972,1595.8834648132324,1426.1441230773926,34.5,17.5,1,1,0,0
1783878014614364600,2026-07-13 01:40:14.614365,2.0955803394317627,-7.612767696380615,1539.3643379211426,1189.8584365844727,1539.3643379211426,1246.5054988861084,34.5,14.5,1,1,0,0
1783878014681217400,2026-07-13 01:40:14.681217,2.1599392890930176,-7.570978164672852,1455.2919387817383,1125.1076459884644,1539.3643379211426,1189.8584365844727,34.0,16.0,1,1,0,0
1783878014750047900,2026-07-13 01:40:14.750048,1.9505369663238525,-7.825136661529541,1210.0336074829102,1082.628607749939,1539.3643379211426,1189.8584365844727,35.0,25.0,1,1,0,0
1783878014847262000,2026-07-13 01:40:14.847262,2.2354094982147217,-7.512291431427002,1557.273292541504,1141.7239904403687,1539.3643379211426,1189.8584365844727,34.0,19.5,1,1,0,0
1783878014914325500,2026-07-13 01:40:14.914325,1.9865169525146484,-6.934032917022705,1436.6352081298828,1072.034478187561,1539.3643379211426,1141.7239904403687,34.5,20.0,1,1,0,0
1783878014982287400,2026-07-13 01:40:14.982287,2.0909526348114014,-7.793534278869629,1491.3914680480957,1207.9143524169922,1539.3643379211426,1189.8584365844727,34.5,22.5,1,1,0,0
1783878015082500000,2026-07-13 01:40:15.082500,1.802437663078308,-7.832156181335449,1206.367588043213,1075.025200843811,1539.3643379211426,1141.7239904403687,34.5,17.0,1,1,0,0
1783878015149426700,2026-07-13 01:40:15.149427,2.061154365539551,-7.474592685699463,1331.2543869018555,1118.4701919555664,1491.3914680480957,1141.7239904403687,40.5,16.5,1,1,0,0
1783878015216515100,2026-07-13 01:40:15.216515,2.075873374938965,-7.752874851226807,1572.029685974121,1210.6165885925293,1539.3643379211426,1189.8584365844727,33.5,15.0,1,1,0,0
1783878015285408500,2026-07-13 01:40:15.285408,2.1781413555145264,-8.279549598693848,1607.4106216430664,1297.5324392318726,1539.3643379211426,1141.7239904403687,45.5,16.5,1,1,0,0
1783878015352230600,2026-07-13 01:40:15.352231,1.9790977239608765,-8.146145820617676,1454.1929244995117,1274.9441862106323,1491.3914680480957,1189.8584365844727,48.0,18.5,1,1,0,0
1783878015451033400,2026-07-13 01:40:15.451033,1.921100378036499,-7.797003269195557,1388.7263298034668,1191.5591955184937,1539.3643379211426,1191.5591955184937,36.0,13.5,1,1,0,0
1783878015521091200,2026-07-13 01:40:15.521091,1.9554144144058228,-8.14313793182373,1377.721881866455,1280.8057069778442,1491.3914680480957,1191.5591955184937,44.5,16.0,1,1,0,0
1783878015619033800,2026-07-13 01:40:15.619034,1.9251964092254639,-6.763706684112549,1561.8456840515137,985.2898120880127,1491.3914680480957,1189.8584365844727,52.0,26.5,1,1,0,0
1783878015686845200,2026-07-13 01:40:15.686845,1.9929115772247314,-8.23510456085205,1783.359146118164,1265.493631362915,1539.3643379211426,1191.5591955184937,39.0,16.5,1,1,0,0
1783878015756922700,2026-07-13 01:40:15.756923,1.835766315460205,-7.977238178253174,1807.9002380371094,1278.510332107544,1539.3643379211426,1191.5591955184937,44.5,20.0,1,1,0,0
1783878015828237500,2026-07-13 01:40:15.828238,2.037496328353882,-8.173604965209961,1904.0948867797852,1301.5342950820923,1561.8456840515137,1191.5591955184937,44.0,30.5,1,1,0,0
1783878015920017400,2026-07-13 01:40:15.920017,2.055147886276245,-7.241871356964111,1806.0575485229492,1072.6349353790283,1783.359146118164,1191.5591955184937,45.0,31.0,1,1,0,0
1783878015987376000,2026-07-13 01:40:15.987376,2.0229763984680176,-6.211932182312012,1690.9149169921875,866.1818504333496,1690.9149169921875,1191.5591955184937,49.0,31.0,1,1,0,0
1783878016057591000,2026-07-13 01:40:16.057591,1.9709806442260742,-6.813004970550537,1786.7900848388672,959.5036506652832,1783.359146118164,1191.5591955184937,44.5,33.5,1,1,0,0
1783878016156110800,2026-07-13 01:40:16.156111,2.0387978553771973,-6.992979049682617,1832.912254333496,1058.6371421813965,1783.359146118164,1072.6349353790283,42.0,37.0,1,1,0,0
1783878016224239800,2026-07-13 01:40:16.224240,2.031877279281616,-6.684484004974365,1852.4946212768555,975.4397869110107,1783.359146118164,1058.6371421813965,45.5,35.5,1,1,0,0
1783878016326141000,2026-07-13 01:40:16.326141,1.8125699758529663,-6.944271087646484,1947.3085403442383,1031.3185453414917,1786.7900848388672,1058.6371421813965,49.5,43.5,1,1,0,0
1783878016424471300,2026-07-13 01:40:16.424471,1.6837140321731567,-7.7776994705200195,2200.18253326416,1200.5728483200073,1832.912254333496,1072.6349353790283,44.0,41.0,1,1,0,0
1783878016495188800,2026-07-13 01:40:16.495189,1.7136749029159546,-7.9005255699157715,2236.5989685058594,1232.0674657821655,1852.4946212768555,1058.6371421813965,46.5,38.5,1,1,0,0
1783878016592255300,2026-07-13 01:40:16.592255,1.9069639444351196,-8.016559600830078,2000.6067276000977,1248.3278512954712,1947.3085403442383,1072.6349353790283,52.0,35.0,1,1,0,0
1783878016664469800,2026-07-13 01:40:16.664470,1.990063190460205,-7.751906871795654,2044.2609786987305,1123.477578163147,2000.6067276000977,1123.477578163147,55.0,34.0,1,1,0,0
1783878016760611800,2026-07-13 01:40:16.760612,1.8590495586395264,-8.123223304748535,2266.571044921875,1076.6459703445435,2000.6067276000977,1076.6459703445435,57.0,41.5,1,1,0,0
1783878016829652700,2026-07-13 01:40:16.829653,1.777154564857483,-7.095238208770752,2045.1093673706055,847.0921516418457,2000.6067276000977,1072.6349353790283,53.0,35.5,1,1,0,0
1783878016898081200,2026-07-13 01:40:16.898081,1.869167685508728,-6.898887634277344,1965.1756286621094,851.8393039703369,2000.6067276000977,1076.6459703445435,47.0,39.5,1,1,0,0
1783878016997505900,2026-07-13 01:40:16.997506,1.8697704076766968,-6.620670795440674,1911.501121520996,727.9269695281982,2000.6067276000977,1072.6349353790283,49.0,27.5,1,1,0,0
1783878017065913600,2026-07-13 01:40:17.065914,1.9444150924682617,-6.579768657684326,1856.5301895141602,693.2790875434875,2000.6067276000977,851.8393039703369,46.0,33.0,1,1,0,0
1783878017134167400,2026-07-13 01:40:17.134167,2.2051777839660645,-6.339677333831787,1833.7846755981445,668.6649918556213,1965.1756286621094,851.8393039703369,45.5,36.0,1,1,0,0
1783878017232682500,2026-07-13 01:40:17.232682,1.6428505182266235,-7.478521347045898,2268.390464782715,825.7430791854858,2000.6067276000977,825.7430791854858,46.5,35.0,1,1,0,0
1783878017299960000,2026-07-13 01:40:17.299960,1.6833361387252808,-7.708449840545654,2364.840316772461,916.8041348457336,2000.6067276000977,851.8393039703369,49.0,41.5,1,1,0,0
1783878017398503100,2026-07-13 01:40:17.398503,1.574358582496643,-7.736691474914551,2408.513641357422,688.5929703712463,2000.6067276000977,825.7430791854858,53.5,35.0,1,1,0,0
1783878017467389500,2026-07-13 01:40:17.467389,2.012455701828003,-6.435601711273193,2031.1830520629883,620.3529834747314,2031.1830520629883,825.7430791854858,50.0,35.5,1,1,0,0
1783878017534407600,2026-07-13 01:40:17.534408,2.1686811447143555,-6.497868061065674,1923.5898971557617,669.5249676704407,2000.6067276000977,825.7430791854858,47.0,35.0,1,1,0,0
1783878017601829300,2026-07-13 01:40:17.601829,2.2190017700195312,-6.541066646575928,1813.8069152832031,715.1917815208435,2000.6067276000977,715.1917815208435,49.0,35.0,1,1,0,0
1783878017669912800,2026-07-13 01:40:17.669913,2.149477958679199,-7.157775402069092,1825.0408172607422,760.9652280807495,2000.6067276000977,760.9652280807495,48.0,30.0,1,1,0,0
1783878017769195700,2026-07-13 01:40:17.769196,2.1737935543060303,-6.55348014831543,1995.7571029663086,636.2787485122681,1995.7571029663086,715.1917815208435,50.0,33.5,1,1,0,0
1783878017837463100,2026-07-13 01:40:17.837463,1.9623714685440063,-7.527507305145264,2056.4483642578125,949.9368071556091,2000.6067276000977,715.1917815208435,49.0,30.5,1,1,0,0
1783878017936146000,2026-07-13 01:40:17.936146,2.108121395111084,-6.411370277404785,1980.7302474975586,611.4877462387085,1995.7571029663086,715.1917815208435,49.0,32.0,1,1,0,0
1783878018004968000,2026-07-13 01:40:18.004968,2.1620852947235107,-6.479678153991699,2020.0366973876953,568.6402916908264,1995.7571029663086,715.1917815208435,53.0,31.5,1,1,0,0
1783878018073931200,2026-07-13 01:40:18.073931,2.0278074741363525,-6.935088634490967,2078.782844543457,670.7497835159302,2000.6067276000977,715.1917815208435,52.5,31.0,1,1,0,0
1783878018180047800,2026-07-13 01:40:18.180048,1.915306806564331,-7.694695949554443,2157.4573516845703,919.2843437194824,2000.6067276000977,715.1917815208435,55.0,31.0,1,1,0,0
1783878018279728500,2026-07-13 01:40:18.279728,1.602584719657898,-9.187015533447266,2425.270652770996,1254.6018362045288,2020.0366973876953,715.1917815208435,53.5,36.0,1,1,0,0
1783878018375265200,2026-07-13 01:40:18.375265,1.7083885669708252,-9.601489067077637,2530.850028991699,1307.1035146713257,2078.782844543457,715.1917815208435,51.5,36.0,1,1,0,0
1783878018442598200,2026-07-13 01:40:18.442598,2.15608286857605,-7.880936145782471,2186.8335723876953,862.6627326011658,2157.4573516845703,862.6627326011658,53.0,35.5,1,1,0,0
1783878018542569100,2026-07-13 01:40:18.542569,2.0431597232818604,-7.652541637420654,2026.2174606323242,933.0727458000183,2026.2174606323242,862.6627326011658,51.0,35.0,1,1,0,0
1783878018613001900,2026-07-13 01:40:18.613002,2.380661725997925,-7.188411235809326,1906.0714721679688,875.722348690033,2078.782844543457,862.6627326011658,55.0,42.5,1,1,0,0
1783878018711557800,2026-07-13 01:40:18.711558,2.305589437484741,-7.095345973968506,1972.1878051757812,729.2279601097107,2026.2174606323242,862.6627326011658,56.0,41.5,1,1,0,0
1783878018814222600,2026-07-13 01:40:18.814223,1.973023533821106,-8.161027908325195,2234.818458557129,1002.5602579116821,2026.2174606323242,862.6627326011658,56.5,36.5,1,1,0,0
1783878018914530600,2026-07-13 01:40:18.914531,1.989750862121582,-8.381083488464355,2071.291160583496,1216.8117761611938,2071.291160583496,862.6627326011658,48.0,29.5,1,1,0,0
1783878019016578200,2026-07-13 01:40:19.016578,1.546485424041748,-8.685379981994629,2407.945442199707,1171.0431575775146,2071.291160583496,862.6627326011658,51.5,25.5,1,1,0,0
1783878019084258700,2026-07-13 01:40:19.084259,2.0671205520629883,-8.146198272705078,1587.8732681274414,1198.9351511001587,2026.2174606323242,1002.5602579116821,36.0,22.0,1,1,0,0
1783878019151431900,2026-07-13 01:40:19.151432,2.359830141067505,-7.032507419586182,1556.5564155578613,937.6592636108398,2071.291160583496,937.6592636108398,34.5,29.0,1,1,0,0
1783878019250464400,2026-07-13 01:40:19.250464,1.5820001363754272,-12.19078540802002,1495.3301429748535,2250.3631114959717,2026.2174606323242,1002.5602579116821,13.5,2.0,1,1,0,0
1783878019349679600,2026-07-13 01:40:19.349680,1.4709657430648804,-12.824028968811035,875.7668495178223,2138.4339332580566,1587.8732681274414,1002.5602579116821,20.5,11.5,1,1,0,0
1783878019418295800,2026-07-13 01:40:19.418296,1.6239761114120483,-11.173157691955566,1403.32612991333,1898.0473279953003,1556.5564155578613,1002.5602579116821,12.5,14.5,1,1,0,0
1783878019518905100,2026-07-13 01:40:19.518905,1.8620994091033936,-9.4490327835083,1343.2303428649902,1683.1467151641846,1495.3301429748535,1683.1467151641846,21.5,5.5,1,1,0,0
1783878019617933300,2026-07-13 01:40:19.617933,1.4069947004318237,-7.473323345184326,963.1353378295898,1025.99036693573,1403.32612991333,1025.99036693573,45.5,32.0,1,1,0,0
1783878019686513100,2026-07-13 01:40:19.686513,2.0012264251708984,-5.176275253295898,1146.9661712646484,606.033205986023,1403.32612991333,1002.5602579116821,34.0,36.5,1,1,0,0
1783878019754618000,2026-07-13 01:40:19.754618,2.045966625213623,-4.2219390869140625,1060.8134269714355,414.85151648521423,1343.2303428649902,1025.99036693573,36.5,44.5,1,1,0,0
1783878019856964300,2026-07-13 01:40:19.856964,0.9308686852455139,-3.3765828609466553,911.8090629577637,321.28435373306274,1146.9661712646484,1002.5602579116821,59.5,51.0,1,1,0,0
1783878019954653600,2026-07-13 01:40:19.954654,-0.3782896399497986,-2.799816608428955,678.4514904022217,323.71076941490173,1146.9661712646484,606.033205986023,60.5,44.5,1,1,0,0
1783878020023496900,2026-07-13 01:40:20.023497,0.3892665207386017,-3.1779062747955322,796.6705799102783,292.4852669239044,1060.8134269714355,414.85151648521423,59.5,50.0,1,1,0,0
1783878020123220400,2026-07-13 01:40:20.123220,-0.25755375623703003,-3.2206122875213623,583.1349849700928,261.85256242752075,911.8090629577637,323.71076941490173,60.0,50.0,1,1,0,0
1783878020191300100,2026-07-13 01:40:20.191300,-0.11482582986354828,-3.3024063110351562,651.005744934082,277.12342143058777,796.6705799102783,323.71076941490173,58.0,52.5,1,1,0,0
1783878020258061900,2026-07-13 01:40:20.258062,0.5634254813194275,-2.8607568740844727,823.6526489257812,312.24536895751953,823.6526489257812,312.24536895751953,61.5,56.0,1,1,0,0
1783878020326861700,2026-07-13 01:40:20.326862,-0.13500811159610748,-3.1607179641723633,688.880443572998,312.5448524951935,796.6705799102783,312.5448524951935,65.5,44.0,1,1,0,0
1783878020427520800,2026-07-13 01:40:20.427521,1.0400105714797974,-2.8438682556152344,927.9757499694824,307.80789256095886,796.6705799102783,312.24536895751953,66.0,48.0,1,1,0,0
1783878020527151700,2026-07-13 01:40:20.527152,0.6683332920074463,-4.800134658813477,937.9432678222656,583.9936137199402,823.6526489257812,312.24536895751953,58.5,40.5,1,1,0,0
1783878020594453300,2026-07-13 01:40:20.594453,0.4884342551231384,-6.2970147132873535,915.5368804931641,731.9117188453674,823.6526489257812,312.5448524951935,55.5,36.0,1,1,0,0
1783878020662193000,2026-07-13 01:40:20.662193,1.3642373085021973,-5.52620267868042,930.7695388793945,620.7498908042908,915.5368804931641,312.5448524951935,55.5,36.0,1,1,0,0
1783878020765234700,2026-07-13 01:40:20.765235,1.4611496925354004,-6.281957149505615,1008.0865859985352,752.5895237922668,915.5368804931641,583.9936137199402,45.5,35.5,1,1,0,0
1783878020832389800,2026-07-13 01:40:20.832390,0.9785766005516052,-7.857928276062012,1061.011028289795,953.5291790962219,915.5368804931641,620.7498908042908,41.5,39.0,1,1,0,0
1783878020899983900,2026-07-13 01:40:20.899984,1.4779314994812012,-7.947646617889404,1109.885597229004,999.6062517166138,930.7695388793945,620.7498908042908,39.0,31.0,1,1,0,0
1783878020999021700,2026-07-13 01:40:20.999022,0.7854498028755188,-6.4634623527526855,940.284252166748,764.899730682373,940.284252166748,752.5895237922668,40.0,39.5,1,1,0,0
1783878021066189700,2026-07-13 01:40:21.066190,0.6640831232070923,-5.886205196380615,821.4559555053711,668.067991733551,915.5368804931641,668.067991733551,42.5,40.5,1,1,0,0
1783878021133931800,2026-07-13 01:40:21.133932,1.195072889328003,-4.455104351043701,886.0426902770996,496.90064787864685,930.7695388793945,620.7498908042908,50.0,36.0,1,1,0,0
1783878021201719600,2026-07-13 01:40:21.201720,0.9855162501335144,-4.2184882164001465,844.4768905639648,403.60403060913086,915.5368804931641,668.067991733551,58.0,34.5,1,1,0,0
1783878021270399500,2026-07-13 01:40:21.270400,1.4227513074874878,-2.9250545501708984,948.7495422363281,323.0762481689453,915.5368804931641,620.7498908042908,52.5,44.5,1,1,0,0
1783878021341657400,2026-07-13 01:40:21.341657,0.6714140176773071,-2.9977684020996094,876.2929916381836,372.44951725006104,915.5368804931641,496.90064787864685,55.5,50.5,1,1,0,0
1783878021437683400,2026-07-13 01:40:21.437683,0.863312840461731,-3.2210865020751953,906.0328483581543,432.67083168029785,915.5368804931641,432.67083168029785,55.0,40.0,1,1,0,0
1783878021536698900,2026-07-13 01:40:21.536699,0.9658920764923096,-4.020294189453125,931.9293022155762,512.7639770507812,915.5368804931641,512.7639770507812,50.0,40.5,1,1,0,0
1783878021636026600,2026-07-13 01:40:21.636027,1.5804554224014282,-4.325842380523682,979.3545722961426,486.214816570282,915.5368804931641,486.214816570282,48.0,41.0,1,1,0,0
1783878021707858200,2026-07-13 01:40:21.707858,1.6087907552719116,-5.771951198577881,1050.1047134399414,593.7426686286926,915.5368804931641,486.214816570282,47.0,40.5,1,1,0,0
1783878021777272500,2026-07-13 01:40:21.777272,1.814416766166687,-3.5188674926757812,1038.78755569458,382.98487663269043,931.9293022155762,486.214816570282,50.5,32.5,1,1,0,0
1783878021876169100,2026-07-13 01:40:21.876169,2.4273312091827393,-4.570909023284912,1208.437728881836,479.0010452270508,979.3545722961426,486.214816570282,50.5,35.0,1,1,0,0
1783878021976552300,2026-07-13 01:40:21.976552,1.9822818040847778,-4.767119884490967,1155.1393508911133,515.4240727424622,1038.78755569458,486.214816570282,51.0,50.5,1,1,0,0
1783878022076105200,2026-07-13 01:40:22.076105,1.8894925117492676,-5.891108512878418,1188.5523796081543,610.4578375816345,1038.78755569458,486.214816570282,52.0,38.0,1,1,0,0
1783878022143168000,2026-07-13 01:40:22.143168,2.0130605697631836,-4.630360126495361,1001.8630027770996,484.97307300567627,1001.8630027770996,486.214816570282,51.5,40.0,1,1,0,0
1783878022210592700,2026-07-13 01:40:22.210593,1.2754485607147217,-4.778781414031982,926.469898223877,493.2858943939209,1038.78755569458,486.214816570282,51.0,31.5,1,1,0,0
1783878022279385400,2026-07-13 01:40:22.279385,0.8998733162879944,-5.0194501876831055,910.1247787475586,576.0189890861511,1001.8630027770996,486.214816570282,45.5,40.5,1,1,0,0
1783878022376993200,2026-07-13 01:40:22.376993,0.4002796411514282,-5.122436046600342,982.7524185180664,647.8070616722107,1001.8630027770996,486.214816570282,47.5,41.0,1,1,0,0
1783878022444427500,2026-07-13 01:40:22.444427,0.5432294607162476,-4.537916660308838,851.1428833007812,546.3442802429199,982.7524185180664,493.2858943939209,50.0,32.0,1,1,0,0
1783878022546120900,2026-07-13 01:40:22.546121,2.34775972366333,-6.541680812835693,1316.6337966918945,729.2225360870361,1001.8630027770996,546.3442802429199,51.0,26.5,1,1,0,0
1783878022613072000,2026-07-13 01:40:22.613072,1.9948598146438599,-6.969977855682373,1702.7624130249023,811.6299510002136,1001.8630027770996,546.3442802429199,44.5,41.0,1,1,0,0
1783878022680035500,2026-07-13 01:40:22.680036,2.4656121730804443,-5.609440326690674,1563.92183303833,539.4158959388733,1001.8630027770996,539.4158959388733,50.0,42.0,1,1,0,0
1783878022749870200,2026-07-13 01:40:22.749870,2.3471200466156006,-5.660464763641357,1544.478988647461,584.7651958465576,1316.6337966918945,546.3442802429199,45.0,48.0,1,1,0,0
1783878022847342800,2026-07-13 01:40:22.847343,2.159802198410034,-5.849385738372803,1773.8142013549805,621.9943761825562,1544.478988647461,546.3442802429199,46.0,43.5,1,1,0,0
1783878022914211000,2026-07-13 01:40:22.914211,2.061190605163574,-5.85913610458374,1867.9494857788086,603.7026643753052,1544.478988647461,546.3442802429199,49.5,51.5,1,1,0,0
1783878022983469300,2026-07-13 01:40:22.983469,1.8291720151901245,-7.310726642608643,2062.3340606689453,841.0086631774902,1544.478988647461,584.7651958465576,49.5,43.0,1,1,0,0
1783878023051149400,2026-07-13 01:40:23.051149,1.6089919805526733,-7.830711364746094,2224.156379699707,911.2217426300049,1773.8142013549805,603.7026643753052,51.5,41.0,1,1,0,0
1783878023150966000,2026-07-13 01:40:23.150966,1.9451011419296265,-6.59408712387085,2172.482490539551,587.4482989311218,1867.9494857788086,587.4482989311218,51.5,36.0,1,1,0,0
1783878023218042200,2026-07-13 01:40:23.218042,1.9240378141403198,-7.032784938812256,2148.4291076660156,652.7554392814636,2062.3340606689453,603.7026643753052,53.5,46.0,1,1,0,0
1783878023286749000,2026-07-13 01:40:23.286749,2.0211026668548584,-6.565169811248779,1959.3921661376953,547.6322174072266,1959.3921661376953,603.7026643753052,50.0,36.0,1,1,0,0
1783878023356176100,2026-07-13 01:40:23.356176,2.258155345916748,-5.850927829742432,1762.1292114257812,478.68868708610535,1867.9494857788086,587.4482989311218,45.5,44.5,1,1,0,0
1783878023457989200,2026-07-13 01:40:23.457989,2.0345540046691895,-6.883308410644531,1930.0167083740234,700.3179788589478,1959.3921661376953,603.7026643753052,50.0,34.5,1,1,0,0
1783878023557822200,2026-07-13 01:40:23.557822,1.9662328958511353,-6.707677841186523,1941.3629531860352,728.9642691612244,1941.3629531860352,603.7026643753052,48.0,53.5,1,1,0,0
1783878023657175700,2026-07-13 01:40:23.657176,2.095872402191162,-6.511915683746338,1886.6266250610352,700.564444065094,1886.6266250610352,603.7026643753052,49.5,50.0,1,1,0,0
1783878023726037800,2026-07-13 01:40:23.726038,1.9637458324432373,-7.1451311111450195,1995.9968566894531,787.6434922218323,1959.3921661376953,700.3179788589478,49.5,48.5,1,1,0,0
1783878023826165900,2026-07-13 01:40:23.826166,1.9071060419082642,-7.063858985900879,2193.211555480957,664.7977232933044,1941.3629531860352,664.7977232933044,55.0,41.5,1,1,0,0
1783878023926320900,2026-07-13 01:40:23.926321,1.8297386169433594,-7.239898204803467,2236.8972778320312,700.158417224884,1959.3921661376953,700.158417224884,56.0,46.5,1,1,0,0
1783878023995085500,2026-07-13 01:40:23.995085,2.087629795074463,-6.245691776275635,1906.8897247314453,575.8028626441956,1959.3921661376953,700.158417224884,55.0,44.5,1,1,0,0
1783878024062468100,2026-07-13 01:40:24.062468,2.142598867416382,-6.211802959442139,1894.978904724121,572.8613138198853,1941.3629531860352,664.7977232933044,52.5,44.5,1,1,0,0
1783878024162935700,2026-07-13 01:40:24.162936,2.08957839012146,-6.509310722351074,1914.9932861328125,644.9168920516968,1941.3629531860352,664.7977232933044,53.5,49.0,1,1,0,0
1783878024232404800,2026-07-13 01:40:24.232405,1.9481905698776245,-7.5695481300354,2038.0706787109375,865.2369976043701,1959.3921661376953,700.158417224884,48.0,38.5,1,1,0,0
1783878024330774300,2026-07-13 01:40:24.330774,1.9140022993087769,-6.8260369300842285,2179.755401611328,641.1384344100952,1941.3629531860352,664.7977232933044,54.0,40.5,1,1,0,0
1783878024398562100,2026-07-13 01:40:24.398562,2.0137991905212402,-6.787635326385498,2103.2617568969727,684.9080324172974,1959.3921661376953,664.7977232933044,53.5,46.0,1,1,0,0
1783878024501853800,2026-07-13 01:40:24.501854,1.9567351341247559,-6.879842281341553,2132.9696655273438,737.7284169197083,2038.0706787109375,700.158417224884,54.0,41.5,1,1,0,0
1783878024600338600,2026-07-13 01:40:24.600339,1.823842167854309,-7.405611038208008,2319.771385192871,715.8693671226501,2103.2617568969727,684.9080324172974,56.5,38.0,1,1,0,0
1783878024670797900,2026-07-13 01:40:24.670798,1.7830952405929565,-7.7222676277160645,2487.837791442871,735.5175018310547,2103.2617568969727,700.158417224884,57.5,38.0,1,1,0,0
1783878024771314800,2026-07-13 01:40:24.771315,1.7859293222427368,-7.7732696533203125,2399.724578857422,716.0224318504333,2132.9696655273438,715.8693671226501,59.0,35.5,1,1,0,0
1783878024842774700,2026-07-13 01:40:24.842775,1.8263428211212158,-7.007570743560791,2310.5546951293945,664.7692918777466,2310.5546951293945,684.9080324172974,55.0,36.5,1,1,0,0
1783878024910490400,2026-07-13 01:40:24.910490,1.9352469444274902,-6.943475246429443,2258.0310821533203,667.8826212882996,2258.0310821533203,700.158417224884,54.5,35.5,1,1,0,0
1783878025007460000,2026-07-13 01:40:25.007460,1.560145616531372,-8.160588264465332,2677.0626068115234,774.4892239570618,2310.5546951293945,715.8693671226501,55.0,44.0,1,1,0,0
1783878025077798200,2026-07-13 01:40:25.077798,1.9539629220962524,-6.912674427032471,2390.682601928711,683.4257245063782,2310.5546951293945,684.9080324172974,59.0,43.5,1,1,0,0
1783878025175172000,2026-07-13 01:40:25.175172,1.7652548551559448,-7.496642589569092,2518.1262969970703,758.1641674041748,2310.5546951293945,700.158417224884,57.5,34.0,1,1,0,0
1783878025244038100,2026-07-13 01:40:25.244038,1.7551668882369995,-7.95524263381958,2532.921600341797,779.7074317932129,2390.682601928711,715.8693671226501,53.5,34.5,1,1,0,0
1783878025339663000,2026-07-13 01:40:25.339663,1.9369927644729614,-6.944120407104492,2294.906806945801,682.8290224075317,2310.5546951293945,684.9080324172974,55.0,40.0,1,1,0,0
1783878025409462300,2026-07-13 01:40:25.409462,1.7085224390029907,-8.292130470275879,2466.508102416992,1075.8215188980103,2390.682601928711,715.8693671226501,50.0,39.5,1,1,0,0
1783878025477265700,2026-07-13 01:40:25.477266,1.7903125286102295,-7.6631035804748535,2415.4109954833984,832.4492573738098,2390.682601928711,715.8693671226501,57.0,27.5,1,1,0,0
1783878025576756400,2026-07-13 01:40:25.576756,1.7796448469161987,-8.491880416870117,2505.6079864501953,1053.2832145690918,2390.682601928711,715.8693671226501,54.5,33.5,1,1,0,0
1783878025644477300,2026-07-13 01:40:25.644477,1.7685848474502563,-8.23967170715332,2496.426010131836,968.0445790290833,2415.4109954833984,832.4492573738098,55.5,31.0,1,1,0,0
1783878025714245800,2026-07-13 01:40:25.714246,1.889003872871399,-8.3405122756958,2461.667251586914,1037.9717350006104,2415.4109954833984,832.4492573738098,55.5,38.0,1,1,0,0
1783878025781289600,2026-07-13 01:40:25.781290,1.8531570434570312,-8.379626274108887,2483.467674255371,1041.1922931671143,2461.667251586914,968.0445790290833,54.5,37.5,1,1,0,0
1783878025882609900,2026-07-13 01:40:25.882610,1.9357341527938843,-8.025753021240234,2432.0728302001953,1002.5269985198975,2432.0728302001953,968.0445790290833,53.0,40.0,1,1,0,0
1783878025949676300,2026-07-13 01:40:25.949676,1.8900418281555176,-7.66494083404541,2399.4327545166016,965.7410979270935,2415.4109954833984,965.7410979270935,52.5,40.0,1,1,0,0
1783878026016788500,2026-07-13 01:40:26.016788,1.6199229955673218,-8.432125091552734,2545.4368591308594,1085.6561660766602,2461.667251586914,968.0445790290833,56.5,38.5,1,1,0,0
1783878026085359100,2026-07-13 01:40:26.085359,1.632203459739685,-8.641597747802734,2591.072463989258,1063.4833574295044,2432.0728302001953,968.0445790290833,58.0,39.5,1,1,0,0
1783878026185321600,2026-07-13 01:40:26.185322,1.7224680185317993,-11.695292472839355,1487.0984077453613,2028.9034843444824,2415.4109954833984,968.0445790290833,24.5,0.0,1,1,0,0
1783878026252353900,2026-07-13 01:40:26.252354,1.890525460243225,-13.286206245422363,1012.9153251647949,2264.737844467163,2432.0728302001953,1063.4833574295044,17.0,6.0,1,1,0,0
1783878026319350300,2026-07-13 01:40:26.319350,1.4526656866073608,-12.9104642868042,1078.408432006836,2229.220151901245,2415.4109954833984,1063.4833574295044,13.5,4.5,1,1,0,0
1783878026388009600,2026-07-13 01:40:26.388010,1.6115021705627441,-12.025779724121094,1482.9681396484375,2203.7484645843506,1487.0984077453613,2028.9034843444824,14.5,10.0,1,1,0,0
1783878026457840000,2026-07-13 01:40:26.457840,1.7681235074996948,-12.163029670715332,1498.8189697265625,2230.3061485290527,1498.8189697265625,2203.7484645843506,8.5,11.0,1,1,0,0
1783878026556611800,2026-07-13 01:40:26.556612,1.5209232568740845,-9.191575050354004,1612.0361328125,1727.598786354065,1612.0361328125,1727.598786354065,33.5,10.0,1,1,0,0
1783878026625177500,2026-07-13 01:40:26.625178,1.6187621355056763,-8.774513244628906,1798.6541748046875,1584.7032070159912,1498.8189697265625,2028.9034843444824,35.5,19.0,1,1,0,0
1783878026725418800,2026-07-13 01:40:26.725419,1.6177605390548706,-9.600058555603027,1850.408935546875,1810.7503652572632,1612.0361328125,1810.7503652572632,35.5,9.0,1,1,0,0
1783878026793181700,2026-07-13 01:40:26.793182,1.5199865102767944,-9.736172676086426,1861.2173080444336,1862.2961044311523,1612.0361328125,1810.7503652572632,29.0,14.5,1,1,0,0
1783878026890958800,2026-07-13 01:40:26.890959,1.2748013734817505,-9.89792537689209,1507.7665328979492,1765.285849571228,1507.7665328979492,1810.7503652572632,23.5,9.5,1,1,0,0
1783878026960292600,2026-07-13 01:40:26.960293,1.3536899089813232,-9.847803115844727,1539.7114753723145,1767.0701742172241,1612.0361328125,1810.7503652572632,27.5,7.0,1,1,0,0
1783878027061321800,2026-07-13 01:40:27.061322,1.2439152002334595,-9.758299827575684,1375.8185386657715,1700.5325555801392,1539.7114753723145,1810.7503652572632,37.0,10.5,1,1,0,0
1783878027131031000,2026-07-13 01:40:27.131031,1.3791676759719849,-9.00046157836914,1284.1731071472168,1618.0002689361572,1507.7665328979492,1767.0701742172241,29.5,17.0,1,1,0,0
1783878027229502800,2026-07-13 01:40:27.229503,1.3836098909378052,-8.838120460510254,1186.5887641906738,1572.4841356277466,1507.7665328979492,1767.0701742172241,32.5,17.0,1,1,0,0
1783878027296752500,2026-07-13 01:40:27.296752,1.1997296810150146,-9.184365272521973,1099.62797164917,1540.012240409851,1375.8185386657715,1700.5325555801392,34.0,16.5,1,1,0,0
1783878027364124600,2026-07-13 01:40:27.364125,0.7217239141464233,-8.953431129455566,875.6114959716797,1414.0466451644897,1284.1731071472168,1618.0002689361572,33.5,22.5,1,1,0,0
1783878027434213100,2026-07-13 01:40:27.434213,0.8169727921485901,-9.076131820678711,835.014820098877,1366.3029670715332,1186.5887641906738,1572.4841356277466,33.5,30.5,1,1,0,0
1783878027530945900,2026-07-13 01:40:27.530946,0.5348207950592041,-9.086152076721191,594.477128982544,1340.3511047363281,1099.62797164917,1540.012240409851,33.5,20.0,1,1,0,0
1783878027600865200,2026-07-13 01:40:27.600865,0.6410418748855591,-8.731698036193848,639.2416477203369,1287.5479459762573,875.6114959716797,1414.0466451644897,37.5,21.0,1,1,0,0
1783878027670956700,2026-07-13 01:40:27.670957,0.6577048301696777,-8.585853576660156,779.0143966674805,1236.1805438995361,835.014820098877,1366.3029670715332,39.0,23.5,1,1,0,0
1783878027766387700,2026-07-13 01:40:27.766388,1.1803101301193237,-9.041701316833496,828.5709381103516,1414.428472518921,828.5709381103516,1414.428472518921,41.0,20.0,1,1,0,0
1783878027833408000,2026-07-13 01:40:27.833408,1.2533987760543823,-8.462458610534668,917.2269821166992,1325.8317708969116,875.6114959716797,1366.3029670715332,36.0,19.0,1,1,0,0
1783878027901961500,2026-07-13 01:40:27.901962,1.4861454963684082,-7.830453872680664,932.5775146484375,1116.106629371643,835.014820098877,1366.3029670715332,34.5,19.5,1,1,0,0
1783878028000771100,2026-07-13 01:40:28.000771,1.0425488948822021,-8.229605674743652,1003.4981727600098,1168.3398485183716,875.6114959716797,1366.3029670715332,34.5,17.0,1,1,0,0
1783878028069600000,2026-07-13 01:40:28.069600,1.3646281957626343,-8.367731094360352,1055.4455757141113,1285.8630418777466,917.2269821166992,1325.8317708969116,38.5,18.5,1,1,0,0
1783878028136420900,2026-07-13 01:40:28.136421,1.5137372016906738,-7.93917989730835,1185.2869033813477,1250.9008646011353,932.5775146484375,1285.8630418777466,39.5,10.0,1,1,0,0
1783878028206384600,2026-07-13 01:40:28.206385,1.471529245376587,-8.920266151428223,1147.8593826293945,1405.6594371795654,1003.4981727600098,1366.3029670715332,41.0,19.0,1,1,0,0
1783878028301320100,2026-07-13 01:40:28.301320,1.0554174184799194,-8.479771614074707,1036.5360260009766,1291.2825345993042,1036.5360260009766,1291.2825345993042,38.5,18.5,1,1,0,0
1783878028368411500,2026-07-13 01:40:28.368411,1.4999369382858276,-9.106183052062988,1216.284465789795,1535.1393222808838,1036.5360260009766,1291.2825345993042,38.5,19.0,1,1,0,0
1783878028436598900,2026-07-13 01:40:28.436599,1.9506027698516846,-8.252374649047852,1336.5489959716797,1319.3141222000122,1036.5360260009766,1319.3141222000122,37.0,16.5,1,1,0,0
1783878028506528600,2026-07-13 01:40:28.506529,1.5837208032608032,-8.190390586853027,1361.05375289917,1344.9018001556396,1036.5360260009766,1319.3141222000122,40.5,18.0,1,1,0,0
1783878028604395800,2026-07-13 01:40:28.604396,1.448970913887024,-7.690025806427002,1226.2219429016113,1233.6207628250122,1216.284465789795,1291.2825345993042,45.5,17.0,1,1,0,0
1783878028671300000,2026-07-13 01:40:28.671300,1.702450156211853,-7.962300777435303,1428.1245231628418,1362.4053001403809,1226.2219429016113,1319.3141222000122,39.0,17.0,1,1,0,0
1783878028740086300,2026-07-13 01:40:28.740086,1.1910526752471924,-8.811188697814941,1211.3186836242676,1452.9582262039185,1211.3186836242676,1319.3141222000122,43.5,21.0,1,1,0,0
1783878028837108400,2026-07-13 01:40:28.837108,0.8244308829307556,-8.586602210998535,979.9234390258789,1304.118275642395,1216.284465789795,1304.118275642395,36.0,23.5,1,1,0,0
1783878028906639100,2026-07-13 01:40:28.906639,0.7568584084510803,-9.515969276428223,873.6480712890625,1432.1303367614746,1211.3186836242676,1319.3141222000122,37.0,19.5,1,1,0,0
1783878029006688500,2026-07-13 01:40:29.006689,1.2966833114624023,-8.24618911743164,1060.9116554260254,1283.4552526474,1211.3186836242676,1319.3141222000122,33.0,20.0,1,1,0,0
1783878029108605200,2026-07-13 01:40:29.108605,0.8376269936561584,-9.551671028137207,986.6753578186035,1363.6491298675537,1060.9116554260254,1319.3141222000122,36.5,21.0,1,1,0,0
1783878029177001600,2026-07-13 01:40:29.177001,1.1738389730453491,-9.557899475097656,1023.975658416748,1360.7326745986938,1060.9116554260254,1319.3141222000122,35.0,19.5,1,1,0,0
1783878029244279400,2026-07-13 01:40:29.244279,1.068027138710022,-9.556233406066895,940.8187866210938,1435.7967376708984,1060.9116554260254,1319.3141222000122,32.0,16.5,1,1,0,0
1783878029342712000,2026-07-13 01:40:29.342712,1.4847468137741089,-9.248276710510254,960.2510452270508,1391.466736793518,1023.975658416748,1360.7326745986938,34.0,20.5,1,1,0,0
1783878029411071800,2026-07-13 01:40:29.411072,1.4408280849456787,-8.935715675354004,870.8230018615723,1339.1653299331665,1023.975658416748,1339.1653299331665,36.0,21.0,1,1,0,0
1783878029515365300,2026-07-13 01:40:29.515365,1.1002579927444458,-8.705873489379883,830.159854888916,1279.0658473968506,960.2510452270508,1319.3141222000122,36.0,16.5,1,1,0,0
1783878029613057900,2026-07-13 01:40:29.613058,0.963931143283844,-7.833349227905273,778.0499458312988,1084.4751596450806,960.2510452270508,1339.1653299331665,37.5,28.5,1,1,0,0
1783878029681377700,2026-07-13 01:40:29.681378,1.0413827896118164,-5.481373310089111,924.4579315185547,634.2570185661316,924.4579315185547,1319.3141222000122,51.5,36.0,1,1,0,0
1783878029783028600,2026-07-13 01:40:29.783028,0.32543185353279114,-4.96475076675415,761.383867263794,522.5049257278442,924.4579315185547,1279.0658473968506,65.0,37.5,1,1,0,0
1783878029881870200,2026-07-13 01:40:29.881870,1.654076337814331,-4.086757659912109,1001.5047073364258,408.68252515792847,960.2510452270508,1084.4751596450806,64.0,34.0,1,1,0,0
1783878029949220200,2026-07-13 01:40:29.949220,-0.6133041381835938,-4.202591419219971,680.9277057647705,482.4555516242981,924.4579315185547,634.2570185661316,62.5,43.5,1,1,0,0
1783878030019534200,2026-07-13 01:40:30.019534,2.1918184757232666,-5.340055465698242,1380.3503036499023,511.36040687561035,924.4579315185547,522.5049257278442,52.5,41.5,1,1,0,0
1783878030117639100,2026-07-13 01:40:30.117639,1.8158694505691528,-6.640346050262451,1767.1211242675781,504.39125299453735,960.2510452270508,511.36040687561035,55.0,39.5,1,1,0,0
1783878030185200300,2026-07-13 01:40:30.185200,2.3159992694854736,-5.243193626403809,1547.1277236938477,362.798810005188,960.2510452270508,511.36040687561035,59.0,40.5,1,1,0,0
1783878030284798200,2026-07-13 01:40:30.284798,1.8934820890426636,-6.24601936340332,1975.0288009643555,451.5330195426941,1380.3503036499023,511.36040687561035,58.0,40.0,1,1,0,0
1783878030356229900,2026-07-13 01:40:30.356230,1.6293033361434937,-7.7313456535339355,2392.3871994018555,645.5402970314026,1547.1277236938477,511.36040687561035,58.0,48.0,1,1,0,0
1783878030423103700,2026-07-13 01:40:30.423104,1.6686633825302124,-7.7464070320129395,2208.6957931518555,718.3333039283752,1547.1277236938477,511.36040687561035,53.5,38.0,1,1,0,0
1783878030520858600,2026-07-13 01:40:30.520859,1.9207185506820679,-7.683399677276611,2203.1436920166016,830.6850790977478,1975.0288009643555,511.36040687561035,63.5,40.0,1,1,0,0
1783878030589453200,2026-07-13 01:40:30.589453,1.7391892671585083,-6.943310260772705,2228.166389465332,570.7733035087585,2203.1436920166016,570.7733035087585,61.5,39.0,1,1,0,0
1783878030656184500,2026-07-13 01:40:30.656185,1.6486746072769165,-7.230822563171387,2389.529609680176,602.1625399589539,2203.1436920166016,570.7733035087585,65.0,54.5,1,1,0,0
1783878030724709600,2026-07-13 01:40:30.724710,1.662407398223877,-7.752387523651123,2404.5825958251953,674.2482781410217,2203.1436920166016,570.7733035087585,59.5,36.5,1,1,0,0
1783878030791863400,2026-07-13 01:40:30.791863,1.6810288429260254,-7.572915554046631,2291.4867401123047,691.2283301353455,2228.166389465332,570.7733035087585,55.5,38.0,1,1,0,0
1783878030859436500,2026-07-13 01:40:30.859437,1.6818772554397583,-7.376893520355225,2342.495918273926,655.9724807739258,2291.4867401123047,602.1625399589539,59.5,42.0,1,1,0,0
1783878030958041100,2026-07-13 01:40:30.958041,1.704595923423767,-7.543273448944092,2400.9233474731445,740.7705187797546,2291.4867401123047,655.9724807739258,62.0,43.5,1,1,0,0
1783878031028414000,2026-07-13 01:40:31.028414,1.7482722997665405,-8.006155967712402,2465.3379440307617,759.9245309829712,2291.4867401123047,655.9724807739258,61.0,43.5,1,1,0,0
1783878031096923300,2026-07-13 01:40:31.096923,1.6098803281784058,-7.519229412078857,2444.0696716308594,706.8883776664734,2342.495918273926,655.9724807739258,60.5,40.5,1,1,0,0
1783878031197256000,2026-07-13 01:40:31.197256,1.6700892448425293,-7.345821857452393,2380.8008193969727,799.7769117355347,2380.8008193969727,706.8883776664734,59.5,41.5,1,1,0,0
1783878031295198400,2026-07-13 01:40:31.295198,1.6051172018051147,-7.904565334320068,2523.1590270996094,881.2513947486877,2380.8008193969727,706.8883776664734,59.5,46.0,1,1,0,0
1783878031365190000,2026-07-13 01:40:31.365190,1.7055517435073853,-7.5325164794921875,2385.2678298950195,822.1268653869629,2380.8008193969727,706.8883776664734,54.5,46.5,1,1,0,0
1783878031464071700,2026-07-13 01:40:31.464072,1.7198807001113892,-7.588798522949219,2411.6952896118164,767.2775983810425,2380.8008193969727,767.2775983810425,57.0,41.5,1,1,0,0
1783878031532668200,2026-07-13 01:40:31.532668,1.8201695680618286,-7.614898204803467,2411.383819580078,768.9405679702759,2385.2678298950195,767.2775983810425,51.5,38.0,1,1,0,0
1783878031600545800,2026-07-13 01:40:31.600546,1.8890036344528198,-7.50439977645874,2243.9285278320312,835.8603715896606,2380.8008193969727,767.2775983810425,56.0,42.5,1,1,0,0
1783878031700570700,2026-07-13 01:40:31.700571,2.178849458694458,-6.584521293640137,1897.834587097168,837.6548290252686,2380.8008193969727,767.2775983810425,50.5,31.5,1,1,0,0
1783878031767385700,2026-07-13 01:40:31.767385,2.4089791774749756,-6.141129493713379,1700.3009796142578,674.9047040939331,2380.8008193969727,767.2775983810425,44.5,27.0,1,1,0,0
1783878031836374600,2026-07-13 01:40:31.836375,2.471278190612793,-5.659872531890869,1493.0756568908691,587.2147679328918,2243.9285278320312,767.2775983810425,50.0,37.5,1,1,0,0
1783878031936268000,2026-07-13 01:40:31.936268,2.520946502685547,-5.775601863861084,1525.7636070251465,578.0066251754761,1897.834587097168,767.2775983810425,53.0,39.5,1,1,0,0
1783878032038211900,2026-07-13 01:40:32.038212,1.995023488998413,-8.810473442077637,1566.6918754577637,1359.432578086853,1700.3009796142578,767.2775983810425,45.5,28.5,1,1,0,0
1783878032106008100,2026-07-13 01:40:32.106008,2.3187851905822754,-9.598132133483887,1637.398910522461,1456.7993879318237,1637.398910522461,767.2775983810425,40.5,31.0,1,1,0,0
1783878032174306600,2026-07-13 01:40:32.174307,2.111661911010742,-8.529922485351562,1487.956714630127,1275.6670713424683,1637.398910522461,767.2775983810425,46.0,35.5,1,1,0,0
1783878032273235100,2026-07-13 01:40:32.273235,2.036057949066162,-8.15636920928955,1277.962875366211,1206.7217826843262,1637.398910522461,1206.7217826843262,38.0,25.5,1,1,0,0
1783878032340741700,2026-07-13 01:40:32.340742,1.2862077951431274,-7.329570293426514,1056.6347122192383,1042.6329374313354,1637.398910522461,1042.6329374313354,39.5,17.5,1,1,0,0
1783878032409870100,2026-07-13 01:40:32.409870,1.2182655334472656,-7.836661338806152,929.4242858886719,1081.766963005066,1487.956714630127,1081.766963005066,42.0,19.5,1,1,0,0
1783878032510888400,2026-07-13 01:40:32.510888,0.8387975096702576,-7.841357707977295,843.1811332702637,1121.1912631988525,1277.962875366211,1121.1912631988525,40.5,23.0,1,1,0,0
1783878032609872500,2026-07-13 01:40:32.609872,1.189706563949585,-7.039457321166992,987.8212928771973,958.3867192268372,1056.6347122192383,1042.6329374313354,38.5,30.5,1,1,0,0
1783878032680862600,2026-07-13 01:40:32.680863,0.7294474840164185,-8.71625804901123,816.7898178100586,1255.654215812683,987.8212928771973,1081.766963005066,40.0,20.5,1,1,0,0
1783878032748017300,2026-07-13 01:40:32.748017,1.0930242538452148,-7.932518005371094,880.8760643005371,1136.3846063613892,987.8212928771973,1121.1912631988525,38.0,29.5,1,1,0,0
1783878032846221100,2026-07-13 01:40:32.846221,1.373616099357605,-7.929611682891846,995.1117515563965,1183.7126016616821,995.1117515563965,1121.1912631988525,40.5,20.0,1,1,0,0
1783878032916861300,2026-07-13 01:40:32.916861,1.2748388051986694,-8.016458511352539,932.4466705322266,1163.3168458938599,987.8212928771973,1136.3846063613892,44.0,25.0,1,1,0,0
1783878033014395200,2026-07-13 01:40:33.014395,1.454545259475708,-9.180500984191895,1068.0739402770996,1508.275866508484,987.8212928771973,1136.3846063613892,46.5,20.0,1,1,0,0
1783878033084293800,2026-07-13 01:40:33.084294,1.3368263244628906,-7.883094310760498,1145.1998710632324,1273.6862897872925,995.1117515563965,1163.3168458938599,45.5,15.0,1,1,0,0
1783878033152378500,2026-07-13 01:40:33.152379,0.7568313479423523,-8.698641777038574,915.7140731811523,1279.7839641571045,987.8212928771973,1163.3168458938599,40.0,17.0,1,1,0,0
1783878033250319600,2026-07-13 01:40:33.250320,1.6407454013824463,-8.866378784179688,1165.4176712036133,1295.4819202423096,995.1117515563965,1273.6862897872925,39.0,15.5,1,1,0,0
1783878033318479900,2026-07-13 01:40:33.318480,2.046116828918457,-8.293793678283691,1362.824821472168,1303.1762838363647,995.1117515563965,1273.6862897872925,42.0,13.5,1,1,0,0
1783878033385438000,2026-07-13 01:40:33.385438,2.2460126876831055,-8.00597095489502,1355.2733421325684,1168.7668561935425,995.1117515563965,1168.7668561935425,42.0,16.0,1,1,0,0
1783878033485133100,2026-07-13 01:40:33.485133,1.8424283266067505,-7.878591060638428,1262.8349304199219,1171.356439590454,1165.4176712036133,1273.6862897872925,43.5,19.5,1,1,0,0
1783878033553961100,2026-07-13 01:40:33.553961,1.1757335662841797,-8.982152938842773,1060.1388931274414,1350.6990671157837,1060.1388931274414,1273.6862897872925,43.5,19.5,1,1,0,0
1783878033621158900,2026-07-13 01:40:33.621159,1.2500838041305542,-7.616424083709717,975.053596496582,1091.1067724227905,995.1117515563965,1168.7668561935425,45.5,15.0,1,1,0,0
1783878033688872500,2026-07-13 01:40:33.688872,1.824973702430725,-8.952776908874512,1233.849811553955,1432.808518409729,1165.4176712036133,1273.6862897872925,41.5,14.5,1,1,0,0
1783878033790187400,2026-07-13 01:40:33.790188,1.7553573846817017,-7.98112154006958,1291.1086082458496,1259.6683502197266,1060.1388931274414,1273.6862897872925,39.0,15.5,1,1,0,0
1783878033891358500,2026-07-13 01:40:33.891358,1.9645224809646606,-8.642513275146484,1562.4114990234375,1412.941336631775,1165.4176712036133,1273.6862897872925,38.5,23.0,1,1,0,0
1783878033961078200,2026-07-13 01:40:33.961078,1.9736049175262451,-7.903234004974365,1649.949073791504,1278.7398099899292,1233.849811553955,1273.6862897872925,37.5,24.0,1,1,0,0
1783878034028944200,2026-07-13 01:40:34.028944,2.143507480621338,-6.930582523345947,1438.8823509216309,1081.8392038345337,1291.1086082458496,1273.6862897872925,42.0,16.5,1,1,0,0
1783878034127219300,2026-07-13 01:40:34.127219,1.8758512735366821,-7.465704917907715,1233.3773612976074,1164.861798286438,1233.3773612976074,1273.6862897872925,42.0,28.0,1,1,0,0
1783878034225203900,2026-07-13 01:40:34.225204,1.4493080377578735,-7.3960185050964355,1174.4976997375488,1213.8128280639648,1233.849811553955,1273.6862897872925,39.5,16.0,1,1,0,0
1783878034292517300,2026-07-13 01:40:34.292517,1.9790470600128174,-7.842653751373291,1439.0036582946777,1266.8520212173462,1291.1086082458496,1266.8520212173462,31.0,18.5,1,1,0,0
1783878034364192600,2026-07-13 01:40:34.364192,2.1318578720092773,-8.3219633102417,1611.5716934204102,1299.852967262268,1233.849811553955,1273.6862897872925,33.0,21.0,1,1,0,0
1783878034462538000,2026-07-13 01:40:34.462538,2.338085889816284,-8.268193244934082,1543.9788818359375,1243.151068687439,1291.1086082458496,1266.8520212173462,35.5,26.5,1,1,0,0
1783878034530209100,2026-07-13 01:40:34.530209,2.3559772968292236,-8.355300903320312,1516.5926933288574,1295.531153678894,1439.0036582946777,1266.8520212173462,31.5,22.5,1,1,0,0
1783878034600570800,2026-07-13 01:40:34.600571,2.129504680633545,-8.744856834411621,1363.0447387695312,1424.389123916626,1363.0447387695312,1273.6862897872925,31.5,26.0,1,1,0,0
1783878034698548500,2026-07-13 01:40:34.698549,2.1005735397338867,-8.910704612731934,1540.1832580566406,1442.983865737915,1439.0036582946777,1273.6862897872925,31.5,18.5,1,1,0,0
1783878034767408500,2026-07-13 01:40:34.767408,2.205307722091675,-8.46284294128418,1435.9417915344238,1353.3052206039429,1439.0036582946777,1295.531153678894,38.5,17.5,1,1,0,0
1783878034866701500,2026-07-13 01:40:34.866702,1.9451624155044556,-8.810084342956543,1494.4113731384277,1446.6177225112915,1439.0036582946777,1353.3052206039429,41.5,29.5,1,1,0,0
1783878034934658500,2026-07-13 01:40:34.934659,2.2056360244750977,-8.232528686523438,1621.5158462524414,1340.4265642166138,1439.0036582946777,1340.4265642166138,37.5,20.0,1,1,0,0
1783878035035459200,2026-07-13 01:40:35.035459,2.284740686416626,-7.795773983001709,1694.2480087280273,1268.8416242599487,1439.0036582946777,1295.531153678894,39.0,28.0,1,1,0,0
1783878035132874100,2026-07-13 01:40:35.132874,2.28285551071167,-7.178255558013916,1706.3426971435547,1163.0479097366333,1494.4113731384277,1340.4265642166138,44.5,28.0,1,1,0,0
1783878035200579600,2026-07-13 01:40:35.200580,2.273442506790161,-7.676990509033203,1641.3593292236328,1255.1515102386475,1621.5158462524414,1295.531153678894,38.0,23.0,1,1,0,0
1783878035269925200,2026-07-13 01:40:35.269925,2.189728021621704,-7.9108099937438965,1752.6317596435547,1354.4881343841553,1641.3593292236328,1295.531153678894,43.0,23.0,1,1,0,0
1783878035367164900,2026-07-13 01:40:35.367165,2.0806679725646973,-7.8516669273376465,1418.0137634277344,1349.9541282653809,1494.4113731384277,1340.4265642166138,33.5,25.5,1,1,0,0
1783878035434489600,2026-07-13 01:40:35.434489,1.859650731086731,-9.361641883850098,1396.379566192627,1561.381220817566,1621.5158462524414,1340.4265642166138,32.5,18.5,1,1,0,0
1783878035507708000,2026-07-13 01:40:35.507708,2.0769245624542236,-9.091672897338867,1454.0145874023438,1534.744143486023,1494.4113731384277,1349.9541282653809,32.0,20.0,1,1,0,0
1783878035602749600,2026-07-13 01:40:35.602750,2.0952529907226562,-8.293903350830078,1836.6165161132812,1322.9256868362427,1494.4113731384277,1340.4265642166138,33.5,21.0,1,1,0,0
1783878035671511800,2026-07-13 01:40:35.671512,2.1452620029449463,-8.384198188781738,1884.5481872558594,1268.338918685913,1621.5158462524414,1340.4265642166138,39.0,26.5,1,1,0,0
1783878035739746100,2026-07-13 01:40:35.739746,2.218810796737671,-8.279219627380371,1959.9090576171875,1233.8758707046509,1621.5158462524414,1340.4265642166138,37.0,27.5,1,1,0,0
1783878035837132200,2026-07-13 01:40:35.837132,1.801956295967102,-8.945307731628418,2178.668212890625,1450.7522583007812,1836.6165161132812,1340.4265642166138,40.5,38.0,1,1,0,0
1783878035904249500,2026-07-13 01:40:35.904250,2.109365224838257,-7.947239398956299,2032.229232788086,1147.9036808013916,1884.5481872558594,1340.4265642166138,44.0,18.0,1,1,0,0
1783878035972317400,2026-07-13 01:40:35.972317,1.7385286092758179,-9.27195930480957,2298.5708236694336,1468.7223434448242,1959.9090576171875,1340.4265642166138,41.5,30.5,1,1,0,0
1783878036070699400,2026-07-13 01:40:36.070699,2.1386258602142334,-8.743042945861816,2023.1822967529297,1350.403070449829,2023.1822967529297,1340.4265642166138,34.5,22.0,1,1,0,0
1783878036138186200,2026-07-13 01:40:36.138186,2.031865358352661,-7.96862268447876,1751.133155822754,1348.9015102386475,1884.5481872558594,1340.4265642166138,34.0,10.5,1,1,0,0
1783878036207903400,2026-07-13 01:40:36.207903,2.15688419342041,-7.981817722320557,1537.4360084533691,1285.259485244751,1959.9090576171875,1340.4265642166138,32.0,15.5,1,1,0,0
1783878036305955000,2026-07-13 01:40:36.305955,1.991852879524231,-8.510056495666504,1539.307975769043,1406.7786931991577,1884.5481872558594,1340.4265642166138,32.5,18.5,1,1,0,0
1783878036374466100,2026-07-13 01:40:36.374466,2.202277421951294,-7.912179470062256,1778.2682418823242,1193.743109703064,1778.2682418823242,1340.4265642166138,37.0,11.5,1,1,0,0
1783878036443571200,2026-07-13 01:40:36.443571,1.9695717096328735,-7.299533367156982,1768.539810180664,1183.6105585098267,1778.2682418823242,1340.4265642166138,32.0,27.5,1,1,0,0
1783878036542995400,2026-07-13 01:40:36.542995,2.0419390201568604,-7.824373722076416,1924.8180389404297,1291.885495185852,1884.5481872558594,1340.4265642166138,34.0,21.5,1,1,0,0
1783878036641994300,2026-07-13 01:40:36.641994,2.161496877670288,-8.672745704650879,1724.7367858886719,1425.8201122283936,1778.2682418823242,1340.4265642166138,40.0,24.0,1,1,0,0
1783878036709536700,2026-07-13 01:40:36.709537,2.2374846935272217,-7.664244651794434,1483.940029144287,1182.2484731674194,1778.2682418823242,1340.4265642166138,31.5,11.0,1,1,0,0
1783878036776767100,2026-07-13 01:40:36.776767,1.9569200277328491,-8.184389114379883,1392.6996231079102,1364.4989728927612,1778.2682418823242,1340.4265642166138,32.0,13.5,1,1,0,0
1783878036844245800,2026-07-13 01:40:36.844246,1.5330909490585327,-9.290717124938965,1283.8918685913086,1558.368444442749,1724.7367858886719,1340.4265642166138,33.5,16.5,1,1,0,0
1783878036911348000,2026-07-13 01:40:36.911348,1.3515292406082153,-9.314600944519043,1249.5101928710938,1575.515866279602,1483.940029144287,1340.4265642166138,33.0,11.0,1,1,0,0
1783878036982908100,2026-07-13 01:40:36.982908,1.4955713748931885,-9.821362495422363,1484.0115547180176,1778.363585472107,1484.0115547180176,1364.4989728927612,32.5,12.0,1,1,0,0
1783878037050009700,2026-07-13 01:40:37.050009,1.505329966545105,-9.216322898864746,1245.4057693481445,1648.5645771026611,1483.940029144287,1558.368444442749,37.0,12.0,1,1,0,0
1783878037148702300,2026-07-13 01:40:37.148702,1.2391382455825806,-9.599034309387207,1039.0408515930176,1534.9173545837402,1483.940029144287,1534.9173545837402,34.0,15.5,1,1,0,0
1783878037216598200,2026-07-13 01:40:37.216598,1.4620453119277954,-8.469124794006348,1238.8656616210938,1475.1259088516235,1483.940029144287,1475.1259088516235,44.0,16.0,1,1,0,0
1783878037318228600,2026-07-13 01:40:37.318228,1.8738446235656738,-10.347174644470215,1444.3750381469727,1812.9000663757324,1444.3750381469727,1558.368444442749,33.5,26.0,1,1,0,0
1783878037417676400,2026-07-13 01:40:37.417676,1.6271631717681885,-11.383767127990723,1619.9468612670898,1955.9059143066406,1483.940029144287,1534.9173545837402,17.5,9.0,1,1,0,0
1783878037518764000,2026-07-13 01:40:37.518764,1.7123682498931885,-9.651930809020996,1703.3662796020508,1803.241491317749,1483.940029144287,1558.368444442749,23.0,9.0,1,1,0,0
1783878037617043200,2026-07-13 01:40:37.617043,1.8690857887268066,-8.353754997253418,1499.2767333984375,1485.0242137908936,1483.940029144287,1558.368444442749,30.5,19.5,1,1,0,0
1783878037684421400,2026-07-13 01:40:37.684421,1.7057985067367554,-9.08950424194336,1532.3219299316406,1709.0932130813599,1499.2767333984375,1558.368444442749,30.0,15.5,1,1,0,0
1783878037751994400,2026-07-13 01:40:37.751994,1.4818785190582275,-9.948637962341309,1400.612735748291,1815.2645826339722,1483.940029144287,1558.368444442749,33.0,25.0,1,1,0,0
1783878037819656700,2026-07-13 01:40:37.819657,1.3356144428253174,-9.408339500427246,1258.873462677002,1571.8908309936523,1483.940029144287,1558.368444442749,31.5,14.0,1,1,0,0
1783878037920301100,2026-07-13 01:40:37.920301,1.8153268098831177,-8.885649681091309,1382.262897491455,1568.2833194732666,1483.940029144287,1568.2833194732666,31.5,20.0,1,1,0,0
1783878037988925000,2026-07-13 01:40:37.988925,2.0593717098236084,-8.489436149597168,1586.9757652282715,1479.007601737976,1483.940029144287,1558.368444442749,45.5,18.5,1,1,0,0
1783878038056784000,2026-07-13 01:40:38.056784,1.9313123226165771,-8.270849227905273,1630.3552627563477,1444.7869062423706,1483.940029144287,1558.368444442749,39.0,21.5,1,1,0,0
1783878038157247400,2026-07-13 01:40:38.157248,2.329435110092163,-7.896999835968018,1637.887191772461,1202.4825811386108,1483.940029144287,1558.368444442749,42.0,21.5,1,1,0,0
1783878038256294900,2026-07-13 01:40:38.256295,1.7524760961532593,-8.13488483428955,1552.7104377746582,1441.2343502044678,1552.7104377746582,1479.007601737976,37.5,18.5,1,1,0,0
1783878038323380100,2026-07-13 01:40:38.323380,2.021613121032715,-7.748087406158447,1250.4318237304688,1235.929012298584,1483.940029144287,1444.7869062423706,42.0,18.0,1,1,0,0
1783878038392738700,2026-07-13 01:40:38.392739,1.7779885530471802,-8.777714729309082,1372.4969863891602,1411.0987186431885,1483.940029144287,1441.2343502044678,43.5,17.0,1,1,0,0
1783878038494870900,2026-07-13 01:40:38.494871,2.011289358139038,-8.08432388305664,1375.6074905395508,1318.558931350708,1483.940029144287,1441.2343502044678,39.5,7.0,1,1,0,0
1783878038595067500,2026-07-13 01:40:38.595068,1.7043994665145874,-8.790875434875488,1264.7380828857422,1448.955774307251,1375.6074905395508,1444.7869062423706,38.0,20.5,1,1,0,0
1783878038662294300,2026-07-13 01:40:38.662294,1.620469570159912,-8.626279830932617,1243.4864044189453,1430.6238889694214,1375.6074905395508,1441.2343502044678,43.5,12.5,1,1,0,0
1783878038730778300,2026-07-13 01:40:38.730778,1.7258720397949219,-8.903779983520508,1308.288860321045,1448.6054182052612,1375.6074905395508,1441.2343502044678,44.0,10.5,1,1,0,0
1783878038798098100,2026-07-13 01:40:38.798098,2.139406442642212,-7.708883285522461,1377.553367614746,1261.8271112442017,1375.6074905395508,1441.2343502044678,35.5,13.0,1,1,0,0
1783878038897031700,2026-07-13 01:40:38.897032,1.9099738597869873,-8.896942138671875,1340.7466888427734,1450.0271081924438,1375.6074905395508,1441.2343502044678,33.0,14.5,1,1,0,0
1783878038966431700,2026-07-13 01:40:38.966432,1.76948881149292,-7.407064437866211,1197.5446701049805,1133.9216232299805,1375.6074905395508,1441.2343502044678,31.5,24.0,1,1,0,0
1783878039066611600,2026-07-13 01:40:39.066612,1.9670071601867676,-8.387900352478027,1310.2054595947266,1327.0641565322876,1375.6074905395508,1441.2343502044678,36.5,18.0,1,1,0,0
1783878039167297700,2026-07-13 01:40:39.167298,1.803601622581482,-8.15513801574707,1619.9081420898438,1410.7859134674072,1375.6074905395508,1441.2343502044678,44.0,18.0,1,1,0,0
1783878039238860200,2026-07-13 01:40:39.238860,2.0189013481140137,-7.835881233215332,1704.3336868286133,1300.46546459198,1375.6074905395508,1410.7859134674072,43.0,24.0,1,1,0,0
1783878039307863700,2026-07-13 01:40:39.307864,2.1083014011383057,-7.303822040557861,1709.7663879394531,1192.708134651184,1375.6074905395508,1410.7859134674072,43.0,22.5,1,1,0,0
1783878039404313500,2026-07-13 01:40:39.404314,2.281808614730835,-7.6818366050720215,1508.979892730713,1270.2126502990723,1508.979892730713,1410.7859134674072,44.5,22.5,1,1,0,0
1783878039504216900,2026-07-13 01:40:39.504217,1.9196974039077759,-8.403138160705566,1465.2459144592285,1440.470576286316,1465.2459144592285,1410.7859134674072,41.0,18.5,1,1,0,0
1783878039604424900,2026-07-13 01:40:39.604425,1.8821650743484497,-8.04034423828125,1291.2077903747559,1341.2584066390991,1375.6074905395508,1410.7859134674072,36.0,17.5,1,1,0,0
1783878039705027800,2026-07-13 01:40:39.705028,1.7558456659317017,-8.998553276062012,1519.671630859375,1578.1389474868774,1508.979892730713,1410.7859134674072,37.0,19.5,1,1,0,0
1783878039804548800,2026-07-13 01:40:39.804549,1.5176293849945068,-8.838022232055664,1384.5155715942383,1597.5040197372437,1465.2459144592285,1410.7859134674072,39.5,15.0,1,1,0,0
1783878039872591000,2026-07-13 01:40:39.872591,1.2496533393859863,-7.799923419952393,1143.4746742248535,1349.6912717819214,1375.6074905395508,1410.7859134674072,38.0,14.5,1,1,0,0
1783878039971470100,2026-07-13 01:40:39.971470,1.609375,-7.970312118530273,1296.2446212768555,1336.8645906448364,1384.5155715942383,1410.7859134674072,36.5,15.0,1,1,0,0
1783878040072253100,2026-07-13 01:40:40.072253,1.8581348657608032,-8.211910247802734,1524.9428749084473,1391.3692235946655,1465.2459144592285,1410.7859134674072,36.5,15.5,1,1,0,0
1783878040140879300,2026-07-13 01:40:40.140879,1.8601356744766235,-7.559357166290283,1431.7788124084473,1302.552342414856,1384.5155715942383,1391.3692235946655,37.5,26.5,1,1,0,0
1783878040243358500,2026-07-13 01:40:40.243358,1.7440898418426514,-8.396998405456543,1502.8571128845215,1482.3426008224487,1431.7788124084473,1410.7859134674072,33.5,16.5,1,1,0,0
1783878040340119600,2026-07-13 01:40:40.340120,2.0692667961120605,-8.156779289245605,1708.6835861206055,1361.6496324539185,1465.2459144592285,1391.3692235946655,35.0,16.5,1,1,0,0
1783878040408813700,2026-07-13 01:40:40.408814,1.8334201574325562,-8.4511137008667,1712.5114440917969,1463.17720413208,1465.2459144592285,1391.3692235946655,36.0,10.5,1,1,0,0
1783878040509199400,2026-07-13 01:40:40.509199,1.6790200471878052,-7.62949275970459,1629.3766021728516,1362.0543479919434,1502.8571128845215,1391.3692235946655,37.5,12.5,1,1,0,0
1783878040576765700,2026-07-13 01:40:40.576766,1.5473040342330933,-7.905379772186279,1667.544174194336,1413.987636566162,1629.3766021728516,1391.3692235946655,37.5,29.5,1,1,0,0
1783878040644349900,2026-07-13 01:40:40.644350,1.7220715284347534,-7.9880218505859375,1795.6939697265625,1443.5114860534668,1629.3766021728516,1391.3692235946655,37.0,27.0,1,1,0,0
1783878040711320600,2026-07-13 01:40:40.711321,1.7577403783798218,-8.188085556030273,1708.056640625,1416.378378868103,1629.3766021728516,1391.3692235946655,38.5,29.0,1,1,0,0
1783878040814214300,2026-07-13 01:40:40.814214,1.7636624574661255,-7.510224342346191,1564.9686813354492,1309.970498085022,1629.3766021728516,1391.3692235946655,34.5,23.5,1,1,0,0
1783878040913380100,2026-07-13 01:40:40.913380,1.7681528329849243,-8.070906639099121,1492.9322242736816,1385.0979804992676,1629.3766021728516,1391.3692235946655,35.0,27.0,1,1,0,0
1783878040981830500,2026-07-13 01:40:40.981830,2.0985419750213623,-6.732491970062256,1328.4290313720703,1063.7965202331543,1629.3766021728516,1391.3692235946655,44.5,13.0,1,1,0,0
1783878041082692100,2026-07-13 01:40:41.082692,2.070253610610962,-6.65008020401001,1463.7418746948242,1021.6937065124512,1564.9686813354492,1385.0979804992676,50.0,31.5,1,1,0,0
1783878041180827900,2026-07-13 01:40:41.180828,2.38726544380188,-7.851377010345459,1608.9645385742188,1217.7249193191528,1608.9645385742188,1385.0979804992676,39.5,28.5,1,1,0,0
1783878041248464100,2026-07-13 01:40:41.248464,1.9362863302230835,-7.7696614265441895,1452.81982421875,1278.8132429122925,1564.9686813354492,1278.8132429122925,37.0,21.5,1,1,0,0
1783878041316759200,2026-07-13 01:40:41.316759,2.138655185699463,-7.548482418060303,1412.8623962402344,1133.3469152450562,1564.9686813354492,1278.8132429122925,42.5,22.0,1,1,0,0
1783878041384273900,2026-07-13 01:40:41.384274,2.1145479679107666,-7.524068355560303,1584.8570823669434,1218.6757326126099,1584.8570823669434,1278.8132429122925,37.5,29.0,1,1,0,0
1783878041482089600,2026-07-13 01:40:41.482090,2.020932912826538,-7.798669338226318,1572.5945472717285,1271.9515562057495,1564.9686813354492,1278.8132429122925,44.5,22.5,1,1,0,0
1783878041549923900,2026-07-13 01:40:41.549924,2.027927875518799,-7.053573131561279,1578.6514282226562,1180.8629035949707,1572.5945472717285,1271.9515562057495,45.0,29.0,1,1,0,0
1783878041621349100,2026-07-13 01:40:41.621349,1.9993263483047485,-8.241219520568848,1695.0857162475586,1406.9403409957886,1584.8570823669434,1278.8132429122925,40.0,30.0,1,1,0,0
1783878041716179600,2026-07-13 01:40:41.716180,1.9703965187072754,-6.773098468780518,1582.236671447754,1101.1958122253418,1578.6514282226562,1271.9515562057495,44.0,28.0,1,1,0,0
1783878041786493500,2026-07-13 01:40:41.786494,2.1562352180480957,-6.8846049308776855,1517.744541168213,1121.060848236084,1572.5945472717285,1271.9515562057495,47.5,25.0,1,1,0,0
1783878041883430400,2026-07-13 01:40:41.883430,2.165846586227417,-6.914344310760498,1496.2861061096191,1076.5796899795532,1578.6514282226562,1271.9515562057495,45.5,24.0,1,1,0,0
1783878041982508400,2026-07-13 01:40:41.982508,2.3266761302948,-6.353997230529785,1597.9960441589355,963.3214473724365,1578.6514282226562,1121.060848236084,37.0,33.0,1,1,0,0
1783878042052871400,2026-07-13 01:40:42.052871,2.1889548301696777,-6.661438465118408,1479.048252105713,1048.8966703414917,1572.5945472717285,1121.060848236084,38.0,17.0,1,1,0,0
1783878042119793900,2026-07-13 01:40:42.119794,2.051802396774292,-7.3402791023254395,1735.4631423950195,1274.9910354614258,1578.6514282226562,1271.9515562057495,37.5,29.5,1,1,0,0
1783878042188982900,2026-07-13 01:40:42.188983,1.9410499334335327,-7.733266353607178,1681.8851470947266,1307.3725700378418,1578.6514282226562,1121.060848236084,42.0,26.5,1,1,0,0
1783878042286065800,2026-07-13 01:40:42.286066,1.7281171083450317,-8.298163414001465,1551.1302947998047,1444.981336593628,1572.5945472717285,1271.9515562057495,40.0,18.0,1,1,0,0
1783878042354536400,2026-07-13 01:40:42.354537,1.6651338338851929,-7.616914749145508,1318.422031402588,1313.5149478912354,1578.6514282226562,1274.9910354614258,38.5,30.0,1,1,0,0
1783878042423327800,2026-07-13 01:40:42.423328,1.469495415687561,-7.6032304763793945,1305.684471130371,1337.07594871521,1572.5945472717285,1307.3725700378418,38.5,18.5,1,1,0,0
1783878042522579000,2026-07-13 01:40:42.522579,1.1657817363739014,-8.028241157531738,1128.239917755127,1319.8732137680054,1551.1302947998047,1313.5149478912354,45.5,22.0,1,1,0,0
1783878042590372500,2026-07-13 01:40:42.590373,1.560961365699768,-7.978366374969482,1341.981601715088,1400.4615545272827,1341.981601715088,1313.5149478912354,36.0,23.0,1,1,0,0
1783878042691159600,2026-07-13 01:40:42.691159,1.6872252225875854,-8.538762092590332,1553.1352996826172,1449.6116638183594,1553.1352996826172,1319.8732137680054,42.5,25.5,1,1,0,0
1783878042758426400,2026-07-13 01:40:42.758426,1.608298420906067,-8.250043869018555,1619.721794128418,1433.8945150375366,1551.1302947998047,1319.8732137680054,45.0,19.0,1,1,0,0
1783878042859177300,2026-07-13 01:40:42.859177,1.8394598960876465,-7.190266132354736,1462.183952331543,1189.3703937530518,1462.183952331543,1313.5149478912354,39.5,23.0,1,1,0,0
1783878042930030500,2026-07-13 01:40:42.930031,2.0126936435699463,-7.066792011260986,1550.2248764038086,1138.0094289779663,1551.1302947998047,1319.8732137680054,42.5,22.5,1,1,0,0
1783878043031684000,2026-07-13 01:40:43.031684,1.6234723329544067,-8.029898643493652,1346.2326049804688,1341.29798412323,1550.2248764038086,1319.8732137680054,45.5,29.5,1,1,0,0
1783878043100192200,2026-07-13 01:40:43.100192,1.8499537706375122,-7.1892828941345215,1313.020896911621,1170.8885431289673,1462.183952331543,1313.5149478912354,45.5,17.5,1,1,0,0
1783878043198024900,2026-07-13 01:40:43.198025,1.8374667167663574,-6.964746952056885,1250.643253326416,1048.9583015441895,1462.183952331543,1313.5149478912354,46.0,23.0,1,1,0,0
1783878043266064100,2026-07-13 01:40:43.266064,1.9815818071365356,-6.700255393981934,1251.5807151794434,996.3197112083435,1346.2326049804688,1313.5149478912354,49.5,22.0,1,1,0,0
1783878043335999000,2026-07-13 01:40:43.335999,2.398113965988159,-5.968914985656738,1351.7248153686523,823.5493302345276,1351.7248153686523,1170.8885431289673,49.0,22.0,1,1,0,0
1783878043434113500,2026-07-13 01:40:43.434114,2.509614944458008,-5.39508056640625,1335.433292388916,665.1746034622192,1346.2326049804688,1048.9583015441895,50.0,27.0,1,1,0,0
1783878043504040900,2026-07-13 01:40:43.504041,2.7264983654022217,-4.7082600593566895,1291.593360900879,582.3813676834106,1346.2326049804688,996.3197112083435,49.5,24.5,1,1,0,0
1783878043602896000,2026-07-13 01:40:43.602896,2.087327241897583,-7.297178268432617,1561.0700607299805,1114.4089698791504,1351.7248153686523,1114.4089698791504,43.5,28.0,1,1,0,0
1783878043671142200,2026-07-13 01:40:43.671142,1.9666680097579956,-7.459859371185303,1590.9993171691895,1224.2257595062256,1346.2326049804688,1048.9583015441895,45.5,17.0,1,1,0,0
1783878043773288400,2026-07-13 01:40:43.773288,1.9068492650985718,-7.275001049041748,1524.1658210754395,1187.6990795135498,1351.7248153686523,1114.4089698791504,42.5,31.0,1,1,0,0
1783878043871147600,2026-07-13 01:40:43.871148,2.0495734214782715,-6.881091594696045,1524.892520904541,1105.307936668396,1524.1658210754395,1114.4089698791504,41.0,29.5,1,1,0,0
1783878043971779500,2026-07-13 01:40:43.971780,1.9971200227737427,-7.535060882568359,1701.3336181640625,1247.1050024032593,1524.1658210754395,1114.4089698791504,35.0,28.0,1,1,0,0
1783878044040062500,2026-07-13 01:40:44.040062,2.0427534580230713,-6.665808200836182,1481.7359924316406,1082.8994512557983,1481.7359924316406,1114.4089698791504,37.5,24.5,1,1,0,0
1783878044109540100,2026-07-13 01:40:44.109540,2.2495338916778564,-6.721481800079346,1426.83687210083,1067.5183534622192,1524.1658210754395,1114.4089698791504,31.5,17.0,1,1,0,0
1783878044208380400,2026-07-13 01:40:44.208380,2.1198058128356934,-7.043049335479736,1451.8831253051758,1143.2369947433472,1481.7359924316406,1114.4089698791504,36.5,18.5,1,1,0,0
1783878044313493500,2026-07-13 01:40:44.313493,2.187711000442505,-6.740705966949463,1336.5458488464355,1066.704273223877,1481.7359924316406,1114.4089698791504,34.5,22.0,1,1,0,0
1783878044410313000,2026-07-13 01:40:44.410313,1.8825398683547974,-6.81177282333374,1416.13187789917,1151.59273147583,1451.8831253051758,1114.4089698791504,39.0,23.0,1,1,0,0
1783878044510814000,2026-07-13 01:40:44.510814,1.8592137098312378,-7.37733793258667,1523.9004135131836,1295.816421508789,1481.7359924316406,1114.4089698791504,32.5,21.5,1,1,0,0
1783878044580180800,2026-07-13 01:40:44.580181,1.9120477437973022,-6.843183994293213,1456.8520545959473,1162.853479385376,1456.8520545959473,1114.4089698791504,39.0,23.5,1,1,0,0
1783878044646994300,2026-07-13 01:40:44.646994,2.045642375946045,-7.148273468017578,1599.2639541625977,1141.9299840927124,1456.8520545959473,1141.9299840927124,45.0,26.0,1,1,0,0
1783878044746499500,2026-07-13 01:40:44.746500,1.8989065885543823,-7.302201747894287,1488.5581016540527,1281.6942930221558,1481.7359924316406,1141.9299840927124,46.0,19.5,1,1,0,0
1783878044815168200,2026-07-13 01:40:44.815168,1.8630973100662231,-7.88330078125,1536.576747894287,1399.4781970977783,1481.7359924316406,1141.9299840927124,31.5,17.5,1,1,0,0
1783878044913176400,2026-07-13 01:40:44.913176,1.9153996706008911,-8.081649780273438,1540.5709266662598,1394.97709274292,1488.5581016540527,1141.9299840927124,51.5,17.5,1,1,0,0
1783878045014217400,2026-07-13 01:40:45.014217,1.7372263669967651,-8.25703239440918,1505.2386283874512,1420.7843542099,1488.5581016540527,1281.6942930221558,46.0,17.5,1,1,0,0
1783878045081377900,2026-07-13 01:40:45.081378,1.8176442384719849,-7.833130359649658,1569.4149017333984,1373.2779026031494,1505.2386283874512,1373.2779026031494,45.0,14.5,1,1,0,0
1783878045148074900,2026-07-13 01:40:45.148075,1.758522629737854,-7.283876895904541,1544.7677612304688,1256.4915418624878,1505.2386283874512,1256.4915418624878,45.0,18.5,1,1,0,0
1783878045216214700,2026-07-13 01:40:45.216215,1.7733176946640015,-7.799835681915283,1615.4634475708008,1378.458023071289,1505.2386283874512,1373.2779026031494,45.0,21.5,1,1,0,0
1783878045283926300,2026-07-13 01:40:45.283926,1.7138341665267944,-8.115100860595703,1716.9448852539062,1506.431221961975,1544.7677612304688,1373.2779026031494,46.5,12.0,1,1,0,0
1783878045382558700,2026-07-13 01:40:45.382559,1.721803903579712,-7.7453765869140625,1565.7554626464844,1390.1399374008179,1544.7677612304688,1373.2779026031494,35.0,13.0,1,1,0,0
1783878045452857700,2026-07-13 01:40:45.452857,1.943580985069275,-7.091135501861572,1508.577823638916,1139.9195194244385,1508.577823638916,1373.2779026031494,45.0,35.0,1,1,0,0
1783878045519679100,2026-07-13 01:40:45.519679,2.484893560409546,-5.436886787414551,1285.365867614746,659.6603989601135,1544.7677612304688,1373.2779026031494,48.0,44.0,1,1,0,0
1783878045586558300,2026-07-13 01:40:45.586558,2.435645341873169,-5.620789051055908,1360.3602409362793,660.2340340614319,1508.577823638916,1373.2779026031494,48.0,45.5,1,1,0,0
1783878045686233100,2026-07-13 01:40:45.686233,2.474125623703003,-5.095746994018555,1383.363437652588,467.5397574901581,1508.577823638916,1139.9195194244385,53.5,43.5,1,1,0,0
1783878045756809500,2026-07-13 01:40:45.756809,2.6165144443511963,-4.464313983917236,1404.4950485229492,332.43587613105774,1404.4950485229492,660.2340340614319,59.0,42.5,1,1,0,0
1783878045855170100,2026-07-13 01:40:45.855170,2.383244276046753,-4.761152744293213,1620.4509735107422,354.8530042171478,1508.577823638916,660.2340340614319,64.5,48.5,1,1,0,0
1783878045955542600,2026-07-13 01:40:45.955543,2.3611600399017334,-5.045718669891357,1628.3573150634766,412.3900532722473,1508.577823638916,467.5397574901581,59.5,52.5,1,1,0,0
1783878046023318200,2026-07-13 01:40:46.023318,2.061134099960327,-5.16461706161499,1462.3003005981445,526.3836979866028,1462.3003005981445,526.3836979866028,63.0,41.5,1,1,0,0
1783878046091648300,2026-07-13 01:40:46.091648,2.3580944538116455,-4.642150402069092,1361.0785484313965,529.1552543640137,1508.577823638916,529.1552543640137,52.0,46.5,1,1,0,0
1783878046189931500,2026-07-13 01:40:46.189932,2.3770253658294678,-4.565544605255127,1284.193229675293,536.0003709793091,1462.3003005981445,526.3836979866028,53.5,46.5,1,1,0,0
1783878046256801700,2026-07-13 01:40:46.256802,2.547775983810425,-4.372480392456055,1289.3959999084473,495.65693736076355,1462.3003005981445,526.3836979866028,51.5,48.0,1,1,0,0
1783878046323990300,2026-07-13 01:40:46.323990,2.588083028793335,-4.373398303985596,1229.7771453857422,474.06938672065735,1361.0785484313965,526.3836979866028,53.0,53.0,1,1,0,0
1783878046391805000,2026-07-13 01:40:46.391805,2.5375654697418213,-4.3233962059021,1253.336524963379,484.9171042442322,1289.3959999084473,526.3836979866028,54.5,47.0,1,1,0,0
1783878046460949000,2026-07-13 01:40:46.460949,2.756568193435669,-4.602316379547119,1296.590518951416,485.59892177581787,1296.590518951416,495.65693736076355,53.0,49.0,1,1,0,0
1783878046560714700,2026-07-13 01:40:46.560715,2.79876971244812,-3.6813600063323975,1228.183937072754,363.9674782752991,1289.3959999084473,485.59892177581787,53.0,46.0,1,1,0,0
1783878046661162100,2026-07-13 01:40:46.661162,2.746713876724243,-3.5741562843322754,1225.8676528930664,379.22340631484985,1289.3959999084473,485.59892177581787,49.5,44.0,1,1,0,0
1783878046729816200,2026-07-13 01:40:46.729816,2.1718902587890625,-3.205744981765747,1083.808994293213,390.40181040763855,1289.3959999084473,485.59892177581787,49.0,37.5,1,1,0,0
1783878046799114400,2026-07-13 01:40:46.799114,2.239806652069092,-3.5971639156341553,1127.2568702697754,439.55495953559875,1228.183937072754,439.55495953559875,51.5,37.0,1,1,0,0
1783878046896850500,2026-07-13 01:40:46.896850,2.3423938751220703,-4.198601245880127,1190.3560638427734,485.26591062545776,1225.8676528930664,485.26591062545776,51.5,44.0,1,1,0,0
1783878046998090900,2026-07-13 01:40:46.998091,2.3725407123565674,-4.125484466552734,1163.2396697998047,471.5743362903595,1190.3560638427734,471.5743362903595,53.5,37.0,1,1,0,0
1783878047067882200,2026-07-13 01:40:47.067882,2.678694725036621,-4.440340518951416,1249.3751525878906,510.03217697143555,1228.183937072754,471.5743362903595,53.0,37.0,1,1,0,0
1783878047165996400,2026-07-13 01:40:47.165996,2.6539812088012695,-4.617663860321045,1254.6143531799316,552.9958605766296,1225.8676528930664,485.26591062545776,49.0,37.5,1,1,0,0
1783878047232919300,2026-07-13 01:40:47.232919,2.5650246143341064,-4.42891263961792,1220.9028244018555,533.6164236068726,1220.9028244018555,485.26591062545776,51.5,37.0,1,1,0,0
1783878047300293300,2026-07-13 01:40:47.300293,2.0161471366882324,-3.8763554096221924,1128.878402709961,472.9402959346771,1225.8676528930664,472.9402959346771,51.5,37.0,1,1,0,0
1783878047401830400,2026-07-13 01:40:47.401830,2.1254799365997314,-4.729698657989502,1205.137538909912,562.5061392784119,1220.9028244018555,485.26591062545776,51.0,40.5,1,1,0,0
1783878047501539900,2026-07-13 01:40:47.501540,2.1853153705596924,-5.023017406463623,1256.2810897827148,606.5191030502319,1220.9028244018555,485.26591062545776,50.5,39.5,1,1,0,0
1783878047602125200,2026-07-13 01:40:47.602125,2.737199068069458,-4.138212203979492,1256.6713333129883,393.7314748764038,1225.8676528930664,472.9402959346771,55.0,44.0,1,1,0,0
1783878047669193700,2026-07-13 01:40:47.669194,2.7904558181762695,-4.058246612548828,1272.7036476135254,407.222181558609,1225.8676528930664,485.26591062545776,48.0,43.5,1,1,0,0
1783878047735944500,2026-07-13 01:40:47.735945,2.0905098915100098,-4.558224678039551,1115.292739868164,510.90681552886963,1220.9028244018555,485.26591062545776,50.5,40.5,1,1,0,0
1783878047802820700,2026-07-13 01:40:47.802821,2.246178388595581,-5.609586238861084,1210.9904289245605,611.4695072174072,1225.8676528930664,485.26591062545776,50.5,37.5,1,1,0,0
1783878047871997300,2026-07-13 01:40:47.871997,2.1452462673187256,-6.35080623626709,1297.9899406433105,757.7646970748901,1225.8676528930664,485.26591062545776,48.5,37.5,1,1,0,0
1783878047970090200,2026-07-13 01:40:47.970090,1.571388602256775,-6.806817531585693,1003.1011581420898,818.8225626945496,1220.9028244018555,510.90681552886963,46.5,22.0,1,1,0,0
1783878048071547400,2026-07-13 01:40:48.071548,1.3568967580795288,-7.04144287109375,1006.2504768371582,888.7072205543518,1220.9028244018555,611.4695072174072,48.0,21.5,1,1,0,0
1783878048172812600,2026-07-13 01:40:48.172812,1.6879992485046387,-8.023266792297363,1146.6588973999023,1109.451174736023,1220.9028244018555,757.7646970748901,48.5,27.5,1,1,0,0
1783878048239612100,2026-07-13 01:40:48.239612,1.6399942636489868,-7.511275768280029,1160.091209411621,997.4023103713989,1160.091209411621,818.8225626945496,48.0,23.5,1,1,0,0
1783878048338318800,2026-07-13 01:40:48.338319,2.2018675804138184,-6.947883129119873,1506.9527626037598,983.6591482162476,1220.9028244018555,888.7072205543518,44.0,24.5,1,1,0,0
1783878048405379200,2026-07-13 01:40:48.405379,0.9799399971961975,-9.663636207580566,1336.3357543945312,1755.3833723068237,1220.9028244018555,983.6591482162476,15.5,10.5,1,1,0,0
1783878048473024000,2026-07-13 01:40:48.473024,1.641170620918274,-10.407870292663574,1883.8266372680664,1995.216727256775,1220.9028244018555,983.6591482162476,28.5,9.5,1,1,0,0
1783878048540152400,2026-07-13 01:40:48.540152,1.8064607381820679,-9.12159252166748,1751.4923095703125,1728.4040451049805,1336.3357543945312,983.6591482162476,34.5,8.0,1,1,0,0
1783878048639419400,2026-07-13 01:40:48.639419,2.192225933074951,-7.308925151824951,1610.5445861816406,1084.7970247268677,1336.3357543945312,1084.7970247268677,50.5,29.5,1,1,0,0
1783878048710055600,2026-07-13 01:40:48.710056,2.1820452213287354,-7.1293158531188965,1547.7049827575684,1041.375756263733,1547.7049827575684,1041.375756263733,49.5,38.0,1,1,0,0
1783878048781373200,2026-07-13 01:40:48.781373,2.467425584793091,-6.737899303436279,1486.424732208252,886.4034414291382,1486.424732208252,983.6591482162476,48.0,30.5,1,1,0,0
1783878048877771600,2026-07-13 01:40:48.877772,1.363100290298462,-8.977165222167969,1193.4344291687012,1347.3726511001587,1336.3357543945312,1084.7970247268677,48.0,20.0,1,1,0,0
1783878048946525600,2026-07-13 01:40:48.946526,1.425014615058899,-8.738389015197754,1293.3587074279785,1404.1850566864014,1486.424732208252,1041.375756263733,47.5,19.5,1,1,0,0
1783878049014190500,2026-07-13 01:40:49.014191,1.5610976219177246,-8.725659370422363,1292.8576469421387,1477.574348449707,1336.3357543945312,1084.7970247268677,43.5,25.5,1,1,0,0
1783878049082875900,2026-07-13 01:40:49.082876,1.412905216217041,-8.088886260986328,1120.3974723815918,1268.6139345169067,1293.3587074279785,1268.6139345169067,52.0,27.5,1,1,0,0
1783878049183140600,2026-07-13 01:40:49.183141,1.4056110382080078,-9.23865032196045,1172.1784591674805,1492.690086364746,1293.3587074279785,1268.6139345169067,41.5,24.0,1,1,0,0
1783878049251461600,2026-07-13 01:40:49.251462,1.7057420015335083,-8.031556129455566,1271.4531898498535,1305.7974576950073,1292.8576469421387,1268.6139345169067,44.5,27.0,1,1,0,0
1783878049354558400,2026-07-13 01:40:49.354558,1.8012899160385132,-6.967947006225586,1166.2497520446777,1032.0624113082886,1271.4531898498535,1268.6139345169067,45.5,22.5,1,1,0,0
1783878049452087200,2026-07-13 01:40:49.452087,1.7888392210006714,-7.857083797454834,1306.0416221618652,1294.5128679275513,1293.3587074279785,1268.6139345169067,45.5,18.5,1,1,0,0
1783878049519255100,2026-07-13 01:40:49.519255,1.7608321905136108,-7.797812461853027,1358.4596633911133,1287.7023220062256,1292.8576469421387,1268.6139345169067,45.0,24.0,1,1,0,0
1783878049586265600,2026-07-13 01:40:49.586266,1.6580772399902344,-7.713877201080322,1373.9690780639648,1269.046425819397,1293.3587074279785,1268.6139345169067,45.5,24.0,1,1,0,0
1783878049654501500,2026-07-13 01:40:49.654501,2.2628865242004395,-7.039906978607178,1505.7287216186523,1103.7873029708862,1306.0416221618652,1268.6139345169067,44.0,29.5,1,1,0,0
1783878049721333700,2026-07-13 01:40:49.721334,2.1328043937683105,-7.24483060836792,1514.841651916504,1150.8959531784058,1358.4596633911133,1268.6139345169067,42.5,22.0,1,1,0,0
1783878049820246400,2026-07-13 01:40:49.820246,2.3289690017700195,-7.407830238342285,1545.8727836608887,1147.6119756698608,1373.9690780639648,1268.6139345169067,44.0,28.0,1,1,0,0
1783878049889072800,2026-07-13 01:40:49.889073,2.36165189743042,-6.942860126495361,1534.2650413513184,1051.7287254333496,1505.7287216186523,1150.8959531784058,46.0,29.5,1,1,0,0
1783878049957039300,2026-07-13 01:40:49.957039,2.294524908065796,-7.020483016967773,1589.0159606933594,1072.3072290420532,1514.841651916504,1150.8959531784058,43.0,25.5,1,1,0,0
1783878050056160700,2026-07-13 01:40:50.056161,2.26762056350708,-7.060478687286377,1572.9254722595215,1122.2522258758545,1534.2650413513184,1147.6119756698608,46.5,25.0,1,1,0,0
1783878050123963700,2026-07-13 01:40:50.123964,2.161623477935791,-7.513944625854492,1811.8568420410156,1175.1898527145386,1534.2650413513184,1150.8959531784058,49.0,25.5,1,1,0,0
1783878050191160000,2026-07-13 01:40:50.191160,2.1455228328704834,-7.364799499511719,1799.974250793457,1203.2045125961304,1572.9254722595215,1150.8959531784058,49.0,39.0,1,1,0,0
1783878050258664100,2026-07-13 01:40:50.258664,2.1665449142456055,-7.676079273223877,1863.7632369995117,1252.7539730072021,1572.9254722595215,1150.8959531784058,47.5,31.0,1,1,0,0
1783878050357615000,2026-07-13 01:40:50.357615,1.8971588611602783,-7.727362155914307,1950.381851196289,1320.236325263977,1799.974250793457,1175.1898527145386,49.0,38.5,1,1,0,0
1783878050426261400,2026-07-13 01:40:50.426261,2.1253387928009033,-7.258488178253174,1828.4515380859375,1180.420994758606,1799.974250793457,1180.420994758606,48.0,35.0,1,1,0,0
1783878050526182900,2026-07-13 01:40:50.526183,1.7781810760498047,-7.747315883636475,2166.9782638549805,1205.3985595703125,1828.4515380859375,1180.420994758606,51.0,30.5,1,1,0,0
1783878050596197800,2026-07-13 01:40:50.596198,1.8657234907150269,-7.742445468902588,2141.362953186035,1163.818120956421,1828.4515380859375,1175.1898527145386,49.0,32.5,1,1,0,0
1783878050693344800,2026-07-13 01:40:50.693345,1.9947842359542847,-7.6228485107421875,1827.3548126220703,1259.117603302002,1827.3548126220703,1180.420994758606,45.0,25.0,1,1,0,0
1783878050762310400,2026-07-13 01:40:50.762311,2.068718910217285,-7.078174114227295,1740.7768249511719,1199.182629585266,1828.4515380859375,1180.420994758606,43.5,29.0,1,1,0,0
1783878050867092500,2026-07-13 01:40:50.867092,2.0093162059783936,-7.92886209487915,1778.6314010620117,1340.0980234146118,1827.3548126220703,1180.420994758606,44.5,24.0,1,1,0,0
1783878050960411600,2026-07-13 01:40:50.960412,1.9882205724716187,-7.478509426116943,1544.7724342346191,1235.3545427322388,1827.3548126220703,1199.182629585266,45.0,21.0,1,1,0,0
1783878051028930400,2026-07-13 01:40:51.028930,1.85092294216156,-7.52041482925415,1518.492603302002,1241.8124675750732,1778.6314010620117,1199.182629585266,47.5,23.0,1,1,0,0
1783878051097429200,2026-07-13 01:40:51.097429,1.9505807161331177,-8.246305465698242,1627.3807525634766,1346.9630479812622,1778.6314010620117,1235.3545427322388,45.5,14.5,1,1,0,0
1783878051197186100,2026-07-13 01:40:51.197186,1.5906845331192017,-7.79811429977417,1506.8768501281738,1343.3151245117188,1627.3807525634766,1235.3545427322388,42.5,18.5,1,1,0,0
1783878051264627300,2026-07-13 01:40:51.264627,1.664662480354309,-7.801624774932861,1511.4068031311035,1336.7712497711182,1627.3807525634766,1241.8124675750732,34.5,19.0,1,1,0,0
1783878051331516800,2026-07-13 01:40:51.331517,1.538209080696106,-8.381546974182129,1575.9377479553223,1495.8107471466064,1627.3807525634766,1336.7712497711182,37.5,18.5,1,1,0,0
1783878051400008500,2026-07-13 01:40:51.400008,1.4950761795043945,-8.82063102722168,1535.0170135498047,1550.4133701324463,1575.9377479553223,1336.7712497711182,39.0,18.0,1,1,0,0
1783878051469787700,2026-07-13 01:40:51.469788,1.6330515146255493,-8.40507984161377,1804.6117782592773,1586.044192314148,1627.3807525634766,1336.7712497711182,38.0,23.5,1,1,0,0
1783878051567016700,2026-07-13 01:40:51.567017,1.776578664779663,-8.676444053649902,1727.3063659667969,1527.4937152862549,1627.3807525634766,1495.8107471466064,44.5,15.0,1,1,0,0
1783878051634475200,2026-07-13 01:40:51.634475,1.8849698305130005,-8.001953125,1661.4227294921875,1328.086256980896,1627.3807525634766,1336.7712497711182,38.5,18.5,1,1,0,0
1783878051706529100,2026-07-13 01:40:51.706529,1.9028704166412354,-7.5015482902526855,1635.6782913208008,1173.4066009521484,1635.6782913208008,1336.7712497711182,47.0,25.0,1,1,0,0
1783878051809974500,2026-07-13 01:40:51.809974,2.286318063735962,-7.473382472991943,1430.815601348877,1029.222846031189,1627.3807525634766,1336.7712497711182,42.5,35.0,1,1,0,0
1783878051907747600,2026-07-13 01:40:51.907748,2.424766778945923,-7.516140937805176,1512.0807647705078,1017.5868272781372,1627.3807525634766,1328.086256980896,47.5,37.0,1,1,0,0
1783878052006262100,2026-07-13 01:40:52.006262,2.390657901763916,-5.930422306060791,1419.4907188415527,716.8822288513184,1627.3807525634766,1173.4066009521484,50.0,33.0,1,1,0,0
1783878052073361000,2026-07-13 01:40:52.073361,2.372131586074829,-6.012452125549316,1442.2694206237793,735.6868982315063,1512.0807647705078,1029.222846031189,49.0,35.5,1,1,0,0
1783878052140395000,2026-07-13 01:40:52.140395,2.5119574069976807,-5.691494941711426,1431.1841011047363,660.9435081481934,1512.0807647705078,1017.5868272781372,49.5,28.5,1,1,0,0
1783878052210022500,2026-07-13 01:40:52.210022,2.490342140197754,-4.908179759979248,1303.7933349609375,520.7127332687378,1442.2694206237793,735.6868982315063,46.0,22.5,1,1,0,0
1783878052309173900,2026-07-13 01:40:52.309174,2.2867588996887207,-5.843360900878906,1426.2803077697754,718.6710238456726,1442.2694206237793,735.6868982315063,49.0,32.5,1,1,0,0
1783878052376744200,2026-07-13 01:40:52.376744,2.3212227821350098,-4.9944000244140625,1345.1574325561523,575.4518508911133,1431.1841011047363,718.6710238456726,49.5,26.0,1,1,0,0
1783878052476510300,2026-07-13 01:40:52.476510,2.315701484680176,-5.077901840209961,1449.4174003601074,589.0127420425415,1442.2694206237793,718.6710238456726,47.5,24.5,1,1,0,0
1783878052546123200,2026-07-13 01:40:52.546123,2.65474796295166,-4.8438544273376465,1377.6006698608398,559.1737031936646,1431.1841011047363,718.6710238456726,50.5,30.0,1,1,0,0
1783878052644462000,2026-07-13 01:40:52.644462,2.731076955795288,-4.601612567901611,1274.1832733154297,519.3730592727661,1431.1841011047363,589.0127420425415,56.5,25.0,1,1,0,0
1783878052712541300,2026-07-13 01:40:52.712541,2.251237154006958,-5.938819408416748,1271.092700958252,783.0625772476196,1431.1841011047363,718.6710238456726,49.0,29.0,1,1,0,0
1783878052812997800,2026-07-13 01:40:52.812998,1.9155582189559937,-7.314536094665527,1139.8809432983398,1008.2674026489258,1377.6006698608398,718.6710238456726,47.5,29.5,1,1,0,0
1783878052880485500,2026-07-13 01:40:52.880485,1.7551906108856201,-7.36579704284668,1067.6907539367676,983.4163784980774,1274.1832733154297,718.6710238456726,53.5,28.5,1,1,0,0
1783878052980940500,2026-07-13 01:40:52.980941,1.4920470714569092,-6.863678455352783,1042.6276206970215,935.5558156967163,1271.092700958252,783.0625772476196,57.0,23.5,1,1,0,0
1783878053047905500,2026-07-13 01:40:53.047905,1.2439074516296387,-6.0207600593566895,939.2461776733398,764.1221880912781,1139.8809432983398,764.1221880912781,48.0,29.0,1,1,0,0
1783878053149250800,2026-07-13 01:40:53.149251,0.9889481067657471,-6.784542560577393,845.7148551940918,890.7474875450134,1067.6907539367676,783.0625772476196,43.5,29.0,1,1,0,0
1783878053250067000,2026-07-13 01:40:53.250067,0.9359782338142395,-6.908987522125244,800.9799957275391,887.5884413719177,1042.6276206970215,783.0625772476196,53.5,28.5,1,1,0,0
1783878053317273200,2026-07-13 01:40:53.317273,0.8020482659339905,-6.328990936279297,848.062801361084,837.7452492713928,939.2461776733398,783.0625772476196,57.0,31.5,1,1,0,0
1783878053387369900,2026-07-13 01:40:53.387370,0.6323060989379883,-6.272228717803955,743.7757968902588,795.0190901756287,848.062801361084,795.0190901756287,54.0,22.0,1,1,0,0
1783878053484680300,2026-07-13 01:40:53.484680,0.6992602348327637,-6.491788387298584,779.3529987335205,862.1798753738403,848.062801361084,795.0190901756287,46.5,28.0,1,1,0,0
1783878053551360100,2026-07-13 01:40:53.551360,0.4381621479988098,-7.321771621704102,938.0947113037109,980.4518222808838,938.0947113037109,795.0190901756287,59.0,22.0,1,1,0,0
1783878053620682200,2026-07-13 01:40:53.620682,0.7970080375671387,-7.7837443351745605,833.1125259399414,1038.5777950286865,848.062801361084,795.0190901756287,53.0,21.0,1,1,0,0
1783878053718820300,2026-07-13 01:40:53.718820,1.026796817779541,-8.72165584564209,943.12744140625,1266.929268836975,848.062801361084,862.1798753738403,51.0,23.5,1,1,0,0
1783878053818674600,2026-07-13 01:40:53.818675,1.2867132425308228,-9.217101097106934,1069.681167602539,1495.303750038147,938.0947113037109,980.4518222808838,50.0,18.5,1,1,0,0
1783878053887039200,2026-07-13 01:40:53.887039,1.5214269161224365,-9.40089225769043,1208.8550567626953,1507.840633392334,938.0947113037109,1038.5777950286865,47.0,20.5,1,1,0,0
1783878053988718500,2026-07-13 01:40:53.988719,2.350196599960327,-6.91815710067749,1697.7088928222656,983.7262034416199,943.12744140625,983.7262034416199,49.0,39.5,1,1,0,0
1783878054088797100,2026-07-13 01:40:54.088797,2.1261072158813477,-7.245528697967529,1763.5910034179688,1128.4584999084473,1069.681167602539,1038.5777950286865,44.5,24.5,1,1,0,0
1783878054189090000,2026-07-13 01:40:54.189090,2.0309550762176514,-7.886435031890869,2089.745330810547,1164.662480354309,1208.8550567626953,1038.5777950286865,49.0,35.0,1,1,0,0
1783878054259033800,2026-07-13 01:40:54.259034,2.161707639694214,-7.197232246398926,1841.2607192993164,1021.7266082763672,1697.7088928222656,1021.7266082763672,49.0,25.5,1,1,0,0
1783878054357953400,2026-07-13 01:40:54.357953,2.2955968379974365,-6.74521017074585,1714.2555236816406,804.6990036964417,1714.2555236816406,1038.5777950286865,50.0,31.5,1,1,0,0
1783878054425999800,2026-07-13 01:40:54.426000,2.380206346511841,-5.85654354095459,1548.4153747558594,723.8722443580627,1548.4153747558594,1021.7266082763672,54.0,29.0,1,1,0,0
1783878054524197800,2026-07-13 01:40:54.524198,2.431246280670166,-5.826128959655762,1575.0855445861816,680.956244468689,1697.7088928222656,1021.7266082763672,51.5,33.5,1,1,0,0
1783878054594253600,2026-07-13 01:40:54.594254,2.569648027420044,-4.921513080596924,1436.22465133667,541.6814684867859,1575.0855445861816,804.6990036964417,52.0,35.5,1,1,0,0
1783878054661554500,2026-07-13 01:40:54.661554,2.5138328075408936,-5.038208961486816,1438.6709213256836,535.6028079986572,1548.4153747558594,723.8722443580627,48.5,25.5,1,1,0,0
1783878054760022300,2026-07-13 01:40:54.760022,2.365736246109009,-6.107015132904053,1350.5964279174805,735.2097630500793,1548.4153747558594,735.2097630500793,52.0,31.5,1,1,0,0
1783878054827746200,2026-07-13 01:40:54.827746,2.3285696506500244,-5.922199249267578,1355.3913116455078,690.2919411659241,1438.6709213256836,723.8722443580627,52.0,38.5,1,1,0,0
1783878054896271700,2026-07-13 01:40:54.896272,2.0972530841827393,-5.730474472045898,1286.8595123291016,699.3172764778137,1438.6709213256836,723.8722443580627,52.0,26.5,1,1,0,0
1783878054997016100,2026-07-13 01:40:54.997016,2.1130716800689697,-7.440243721008301,1562.5909805297852,1130.2410364151,1548.4153747558594,735.2097630500793,43.0,30.5,1,1,0,0
1783878055066991200,2026-07-13 01:40:55.066991,1.8461748361587524,-11.307988166809082,1643.1198120117188,2096.247673034668,1438.6709213256836,723.8722443580627,19.5,7.0,1,1,0,0
1783878055166258900,2026-07-13 01:40:55.166259,1.8237941265106201,-9.225411415100098,1689.4233703613281,1710.0322246551514,1548.4153747558594,735.2097630500793,34.0,19.5,1,1,0,0
1783878055263436400,2026-07-13 01:40:55.263436,2.124511957168579,-7.184035778045654,1415.6929969787598,1142.9461240768433,1548.4153747558594,1130.2410364151,54.5,19.5,1,1,0,0
1783878055333565600,2026-07-13 01:40:55.333566,2.2553372383117676,-6.423295497894287,1388.5391235351562,897.9275822639465,1438.6709213256836,897.9275822639465,45.0,26.5,1,1,0,0
1783878055434752400,2026-07-13 01:40:55.434752,2.5400326251983643,-5.0387091636657715,1341.2101745605469,556.1211705207825,1438.6709213256836,735.2097630500793,48.5,30.5,1,1,0,0
1783878055535053200,2026-07-13 01:40:55.535053,2.659877300262451,-4.668097019195557,1313.1019592285156,457.37987756729126,1415.6929969787598,897.9275822639465,43.0,33.5,1,1,0,0
1783878055636369800,2026-07-13 01:40:55.636370,2.768632173538208,-4.728762149810791,1385.3384017944336,454.2953670024872,1388.5391235351562,735.2097630500793,53.5,41.0,1,1,0,0
1783878055733230200,2026-07-13 01:40:55.733230,2.6894617080688477,-4.783889293670654,1404.63228225708,491.0701811313629,1404.63228225708,556.1211705207825,53.0,30.5,1,1,0,0
1783878055803309900,2026-07-13 01:40:55.803310,2.6691577434539795,-5.02401876449585,1434.4305992126465,511.81626319885254,1415.6929969787598,511.81626319885254,51.0,43.0,1,1,0,0
1783878055901204700,2026-07-13 01:40:55.901205,2.477412462234497,-5.006821155548096,1395.865249633789,532.1583151817322,1395.865249633789,532.1583151817322,45.5,40.5,1,1,0,0
1783878056002406400,2026-07-13 01:40:56.002406,2.598314046859741,-4.703001022338867,1349.1000175476074,513.0279660224915,1404.63228225708,513.0279660224915,58.0,32.5,1,1,0,0
1783878056070446500,2026-07-13 01:40:56.070446,2.4278481006622314,-5.289806842803955,1429.4963836669922,539.0904545783997,1415.6929969787598,513.0279660224915,54.5,40.0,1,1,0,0
1783878056138432200,2026-07-13 01:40:56.138432,2.646928548812866,-5.017884731292725,1371.8653678894043,511.4750862121582,1395.865249633789,513.0279660224915,53.5,28.0,1,1,0,0
1783878056208085200,2026-07-13 01:40:56.208085,2.255098581314087,-7.526134967803955,1479.3683052062988,1028.9945602416992,1404.63228225708,513.0279660224915,48.5,25.5,1,1,0,0
1783878056304177000,2026-07-13 01:40:56.304177,1.8648529052734375,-9.537555694580078,1504.7911643981934,1484.279751777649,1415.6929969787598,513.0279660224915,42.0,23.5,1,1,0,0
1783878056371262700,2026-07-13 01:40:56.371263,1.5555521249771118,-8.930476188659668,1253.3753395080566,1346.9939231872559,1395.865249633789,513.0279660224915,41.0,28.5,1,1,0,0
1783878056439058400,2026-07-13 01:40:56.439059,1.8276903629302979,-7.7913641929626465,1212.5289916992188,1094.272494316101,1404.63228225708,1028.9945602416992,42.0,18.0,1,1,0,0
1783878056507420000,2026-07-13 01:40:56.507420,1.8026994466781616,-8.179088592529297,1261.7205619812012,1262.1185779571533,1395.865249633789,1094.272494316101,41.5,16.0,1,1,0,0
1783878056607102600,2026-07-13 01:40:56.607103,1.4269334077835083,-8.41622543334961,1099.742031097412,1294.240951538086,1261.7205619812012,1094.272494316101,38.0,14.0,1,1,0,0
1783878056709413000,2026-07-13 01:40:56.709413,1.8775553703308105,-8.037650108337402,1298.532485961914,1278.6149978637695,1298.532485961914,1094.272494316101,37.5,18.0,1,1,0,0
1783878056778646300,2026-07-13 01:40:56.778646,1.2777680158615112,-8.695218086242676,1122.196865081787,1385.1491212844849,1261.7205619812012,1262.1185779571533,38.5,23.5,1,1,0,0
1783878056846544000,2026-07-13 01:40:56.846544,1.500572919845581,-8.231965065002441,1181.43310546875,1287.4104976654053,1261.7205619812012,1278.6149978637695,37.5,25.0,1,1,0,0
1783878056946176700,2026-07-13 01:40:56.946177,2.0727803707122803,-7.518570423126221,1308.2939147949219,1147.409439086914,1298.532485961914,1147.409439086914,37.5,20.0,1,1,0,0
1783878057013618600,2026-07-13 01:40:57.013619,2.2781291007995605,-7.697596073150635,1441.5474891662598,1243.1862354278564,1261.7205619812012,1262.1185779571533,43.5,22.5,1,1,0,0
1783878057080333000,2026-07-13 01:40:57.080333,2.477954626083374,-7.4169020652771,1468.0755615234375,1190.008282661438,1298.532485961914,1243.1862354278564,43.0,28.0,1,1,0,0
1783878057180322900,2026-07-13 01:40:57.180323,2.375795364379883,-7.619569301605225,1500.1201629638672,1235.3291511535645,1308.2939147949219,1235.3291511535645,50.0,25.0,1,1,0,0
1783878057249473100,2026-07-13 01:40:57.249473,2.355513572692871,-7.8736467361450195,1479.5104026794434,1282.2299003601074,1441.5474891662598,1262.1185779571533,37.0,27.0,1,1,0,0
1783878057349901100,2026-07-13 01:40:57.349901,2.2493555545806885,-7.270560264587402,1532.9781532287598,1168.2043075561523,1468.0755615234375,1235.3291511535645,43.5,28.5,1,1,0,0
1783878057417244300,2026-07-13 01:40:57.417244,2.146841287612915,-7.691859722137451,1810.8606338500977,1320.3691244125366,1479.5104026794434,1235.3291511535645,41.5,25.0,1,1,0,0
1783878057488607200,2026-07-13 01:40:57.488607,2.222734212875366,-7.510977268218994,1693.081283569336,1228.4090518951416,1479.5104026794434,1235.3291511535645,42.5,28.0,1,1,0,0
1783878057585477600,2026-07-13 01:40:57.585478,2.099273204803467,-7.376767635345459,1606.1338424682617,1140.2939558029175,1532.9781532287598,1235.3291511535645,45.5,17.5,1,1,0,0
1783878057684060300,2026-07-13 01:40:57.684060,2.079925775527954,-7.133376598358154,1533.4094047546387,1096.9992876052856,1533.4094047546387,1235.3291511535645,44.0,24.0,1,1,0,0
1783878057751831300,2026-07-13 01:40:57.751831,2.1168372631073,-7.821171283721924,1950.3610610961914,1206.3541412353516,1533.4094047546387,1228.4090518951416,41.0,28.5,1,1,0,0
1783878057820158800,2026-07-13 01:40:57.820159,2.263176202774048,-7.597004413604736,1886.6962432861328,1191.3315057754517,1533.4094047546387,1206.3541412353516,42.5,24.5,1,1,0,0
1783878057888509800,2026-07-13 01:40:57.888510,2.1380889415740967,-6.458402633666992,1590.0947570800781,1023.3821868896484,1533.4094047546387,1206.3541412353516,41.5,27.0,1,1,0,0
1783878057991835900,2026-07-13 01:40:57.991836,2.3681204319000244,-6.493927478790283,1602.277946472168,857.2016954421997,1590.0947570800781,1206.3541412353516,49.5,34.5,1,1,0,0
1783878058089729100,2026-07-13 01:40:58.089729,2.2906923294067383,-5.939508438110352,1651.8682479858398,708.8097929954529,1590.0947570800781,1191.3315057754517,50.5,32.5,1,1,0,0
1783878058189380100,2026-07-13 01:40:58.189380,2.3938279151916504,-5.453917980194092,1467.502212524414,633.1882476806641,1533.4094047546387,1023.3821868896484,54.5,31.0,1,1,0,0
1783878058259676200,2026-07-13 01:40:58.259676,2.511467695236206,-5.384206295013428,1473.910903930664,554.0009140968323,1590.0947570800781,857.2016954421997,52.0,32.0,1,1,0,0
1783878058360032700,2026-07-13 01:40:58.360033,2.436022996902466,-5.3045759201049805,1511.2716674804688,555.4370880126953,1533.4094047546387,708.8097929954529,51.5,35.5,1,1,0,0
1783878058459518600,2026-07-13 01:40:58.459519,2.541018486022949,-5.360930919647217,1374.1138458251953,611.7863059043884,1511.2716674804688,633.1882476806641,53.5,37.0,1,1,0,0
1783878058526693900,2026-07-13 01:40:58.526694,2.5057218074798584,-4.996367931365967,1367.783260345459,497.56160378456116,1511.2716674804688,611.7863059043884,53.0,24.0,1,1,0,0
1783878058594428300,2026-07-13 01:40:58.594428,2.5488221645355225,-4.88318395614624,1362.8153800964355,489.4002377986908,1511.2716674804688,611.7863059043884,54.5,31.5,1,1,0,0
1783878058663278800,2026-07-13 01:40:58.663279,2.5927395820617676,-4.570821762084961,1254.6886444091797,480.3675413131714,1374.1138458251953,611.7863059043884,54.0,30.0,1,1,0,0
1783878058730774400,2026-07-13 01:40:58.730775,2.6530697345733643,-4.855148792266846,1340.1069641113281,423.03892970085144,1367.783260345459,497.56160378456116,54.0,32.5,1,1,0,0
1783878058798644200,2026-07-13 01:40:58.798644,2.6335487365722656,-4.8030900955200195,1344.1828727722168,475.51730275154114,1362.8153800964355,489.4002377986908,50.5,37.0,1,1,0,0
1783878058899504000,2026-07-13 01:40:58.899504,2.475522756576538,-5.132264614105225,1378.7113189697266,553.2986521720886,1374.1138458251953,553.2986521720886,53.5,33.0,1,1,0,0
1783878058997989000,2026-07-13 01:40:58.997989,2.516248941421509,-5.00567102432251,1408.4712028503418,461.2300395965576,1367.783260345459,489.4002377986908,53.5,38.5,1,1,0,0
1783878059099385300,2026-07-13 01:40:59.099385,2.6468045711517334,-4.6699748039245605,1353.8870811462402,426.6035258769989,1362.8153800964355,489.4002377986908,51.5,41.0,1,1,0,0
1783878059167968100,2026-07-13 01:40:59.167968,2.618274450302124,-4.616357326507568,1348.5383033752441,431.97208642959595,1367.783260345459,489.4002377986908,53.0,32.5,1,1,0,0
1783878059235033600,2026-07-13 01:40:59.235034,2.2973411083221436,-6.073222637176514,1408.0499649047852,759.239912033081,1367.783260345459,489.4002377986908,47.5,32.5,1,1,0,0
1783878059334658900,2026-07-13 01:40:59.334659,2.501495122909546,-4.8983988761901855,1362.8490447998047,531.1052799224854,1362.8490447998047,489.4002377986908,54.0,31.5,1,1,0,0
1783878059403381900,2026-07-13 01:40:59.403382,2.5850250720977783,-5.016498565673828,1363.8049125671387,571.6783404350281,1363.8049125671387,489.4002377986908,51.5,25.0,1,1,0,0
1783878059471073400,2026-07-13 01:40:59.471073,2.520721912384033,-4.729581356048584,1322.715187072754,540.2914881706238,1363.8049125671387,531.1052799224854,52.5,37.0,1,1,0,0
1783878059569911100,2026-07-13 01:40:59.569911,2.4915661811828613,-4.948670387268066,1335.0241661071777,533.0865383148193,1362.8490447998047,531.1052799224854,55.5,22.5,1,1,0,0
1783878059639974200,2026-07-13 01:40:59.639974,2.5773074626922607,-4.906106472015381,1381.003761291504,450.9049952030182,1363.8049125671387,489.4002377986908,52.5,38.5,1,1,0,0
1783878059706744300,2026-07-13 01:40:59.706744,2.519153356552124,-4.992523670196533,1372.7659225463867,475.8286476135254,1363.8049125671387,531.1052799224854,52.5,34.5,1,1,0,0
1783878059804285600,2026-07-13 01:40:59.804286,2.4971210956573486,-4.837421894073486,1341.7682647705078,524.7589349746704,1362.8490447998047,524.7589349746704,52.5,41.0,1,1,0,0
1783878059874514900,2026-07-13 01:40:59.874515,2.305994749069214,-5.634640693664551,1605.2045822143555,658.6160659790039,1363.8049125671387,524.7589349746704,53.5,33.5,1,1,0,0
1783878059971349000,2026-07-13 01:40:59.971349,2.047119140625,-7.015897274017334,1945.8147048950195,932.9802393913269,1363.8049125671387,531.1052799224854,48.5,36.0,1,1,0,0
1783878060042233700,2026-07-13 01:41:00.042234,2.124613046646118,-7.178469181060791,1959.0791702270508,998.5494017601013,1363.8049125671387,531.1052799224854,47.5,36.0,1,1,0,0
1783878060144318200,2026-07-13 01:41:00.144318,2.1590616703033447,-7.254371166229248,1974.2229461669922,998.3795881271362,1605.2045822143555,658.6160659790039,51.5,36.0,1,1,0,0
1783878060242304700,2026-07-13 01:41:00.242305,2.214503049850464,-7.004275798797607,1674.3690490722656,929.7475814819336,1674.3690490722656,929.7475814819336,47.0,38.5,1,1,0,0
1783878060310595600,2026-07-13 01:41:00.310596,2.048832416534424,-6.604914665222168,1490.9967422485352,928.6868572235107,1490.9967422485352,928.6868572235107,54.0,38.0,1,1,0,0
1783878060410063800,2026-07-13 01:41:00.410064,2.4142062664031982,-7.0753560066223145,1572.914218902588,925.0701069831848,1605.2045822143555,925.0701069831848,55.5,31.0,1,1,0,0
1783878060476904700,2026-07-13 01:41:00.476905,2.571756601333618,-5.563295841217041,1489.2653465270996,635.8996033668518,1572.914218902588,928.6868572235107,56.0,36.0,1,1,0,0
1783878060544587400,2026-07-13 01:41:00.544588,2.600438356399536,-5.335235595703125,1385.842227935791,606.7296266555786,1490.9967422485352,925.0701069831848,49.5,36.0,1,1,0,0
1783878060613231100,2026-07-13 01:41:00.613231,2.5827529430389404,-5.051161766052246,1376.8257141113281,571.1524486541748,1490.9967422485352,925.0701069831848,48.5,36.0,1,1,0,0
1783878060711008200,2026-07-13 01:41:00.711008,2.6714119911193848,-4.599979877471924,1291.700553894043,519.9130177497864,1489.2653465270996,635.8996033668518,50.0,38.0,1,1,0,0
1783878060777893100,2026-07-13 01:41:00.777893,2.5665390491485596,-4.874522686004639,1308.3667755126953,565.2718544006348,1385.842227935791,606.7296266555786,50.5,30.5,1,1,0,0
1783878060845240400,2026-07-13 01:41:00.845240,2.7323269844055176,-4.06241512298584,1318.5989379882812,390.494167804718,1376.8257141113281,571.1524486541748,49.5,30.0,1,1,0,0
1783878060914079600,2026-07-13 01:41:00.914079,2.637279987335205,-4.771054267883301,1366.0733222961426,429.2265474796295,1366.0733222961426,565.2718544006348,52.5,32.5,1,1,0,0
1783878060981224100,2026-07-13 01:41:00.981224,2.635972261428833,-4.592858791351318,1396.5995788574219,425.41226744651794,1385.842227935791,565.2718544006348,55.5,34.0,1,1,0,0
1783878061080021800,2026-07-13 01:41:01.080022,2.541733741760254,-5.379583835601807,1455.6978225708008,553.5306334495544,1376.8257141113281,553.5306334495544,60.5,30.5,1,1,0,0
1783878061147355300,2026-07-13 01:41:01.147355,2.4594337940216064,-5.641055583953857,1502.3133277893066,610.7481718063354,1385.842227935791,565.2718544006348,50.5,37.5,1,1,0,0
1783878061214382100,2026-07-13 01:41:01.214382,2.6256496906280518,-5.475571155548096,1428.3879280090332,590.4408097267151,1396.5995788574219,565.2718544006348,50.5,37.5,1,1,0,0
1783878061283980100,2026-07-13 01:41:01.283980,2.61201548576355,-5.501339912414551,1496.0752487182617,566.1358833312988,1428.3879280090332,565.2718544006348,51.5,36.0,1,1,0,0
1783878061353480200,2026-07-13 01:41:01.353480,2.537092924118042,-5.522319316864014,1420.6841468811035,641.2737965583801,1420.6841468811035,566.1358833312988,54.0,38.5,1,1,0,0
1783878061448780400,2026-07-13 01:41:01.448780,2.4236204624176025,-4.743815898895264,1351.4314651489258,463.49483728408813,1396.5995788574219,565.2718544006348,53.0,32.0,1,1,0,0
1783878061519434400,2026-07-13 01:41:01.519434,2.420948028564453,-5.137773036956787,1442.302417755127,481.9934368133545,1428.3879280090332,565.2718544006348,50.0,29.0,1,1,0,0
1783878061586286300,2026-07-13 01:41:01.586286,2.588221788406372,-4.993300914764404,1402.345085144043,507.85666704177856,1420.6841468811035,565.2718544006348,50.0,37.5,1,1,0,0
1783878061682721000,2026-07-13 01:41:01.682721,2.700850248336792,-4.513955593109131,1394.5337295532227,446.2055563926697,1396.5995788574219,507.85666704177856,56.5,36.0,1,1,0,0
1783878061751454400,2026-07-13 01:41:01.751454,2.6700351238250732,-4.8433003425598145,1425.3514289855957,488.8700842857361,1425.3514289855957,507.85666704177856,52.5,37.5,1,1,0,0
1783878061818175600,2026-07-13 01:41:01.818176,2.7019362449645996,-4.581316947937012,1385.0492477416992,465.17592668533325,1402.345085144043,507.85666704177856,49.0,40.0,1,1,0,0
1783878061887041400,2026-07-13 01:41:01.887041,2.5670158863067627,-4.864171504974365,1377.8997421264648,494.1301941871643,1396.5995788574219,494.1301941871643,50.5,43.0,1,1,0,0
1783878061954405400,2026-07-13 01:41:01.954405,2.677488088607788,-4.933228492736816,1417.0379638671875,510.9791159629822,1417.0379638671875,507.85666704177856,49.0,43.0,1,1,0,0
1783878062050380700,2026-07-13 01:41:02.050381,2.747624635696411,-4.257498264312744,1329.6547889709473,437.10288405418396,1396.5995788574219,494.1301941871643,55.0,40.0,1,1,0,0
1783878062119706300,2026-07-13 01:41:02.119706,2.635040521621704,-4.8898491859436035,1469.7933197021484,480.82587122917175,1396.5995788574219,494.1301941871643,50.0,38.5,1,1,0,0
1783878062186377800,2026-07-13 01:41:02.186378,2.3966143131256104,-5.262744426727295,1405.8379173278809,634.9549293518066,1405.8379173278809,507.85666704177856,51.0,40.5,1,1,0,0
1783878062255325700,2026-07-13 01:41:02.255326,2.4437215328216553,-4.934433460235596,1380.7878494262695,586.6106152534485,1396.5995788574219,494.1301941871643,54.0,32.0,1,1,0,0
1783878062356778100,2026-07-13 01:41:02.356778,2.549269437789917,-5.1606125831604,1370.234203338623,534.4580411911011,1396.5995788574219,507.85666704177856,48.0,37.5,1,1,0,0
1783878062454321500,2026-07-13 01:41:02.454321,2.6248161792755127,-3.9791502952575684,1214.9611473083496,425.10196566581726,1396.5995788574219,507.85666704177856,54.0,37.0,1,1,0,0
1783878062523352100,2026-07-13 01:41:02.523352,2.8204915523529053,-4.252080917358398,1261.8128776550293,424.1304397583008,1380.7878494262695,494.1301941871643,48.0,36.0,1,1,0,0
1783878062622351000,2026-07-13 01:41:02.622351,2.486100435256958,-5.317785263061523,1333.7467193603516,634.6299052238464,1370.234203338623,507.85666704177856,50.0,37.5,1,1,0,0
1783878062689359800,2026-07-13 01:41:02.689360,2.5011773109436035,-5.130172252655029,1360.3824615478516,617.7029013633728,1360.3824615478516,507.85666704177856,47.5,37.5,1,1,0,0
1783878062756115600,2026-07-13 01:41:02.756116,2.4719314575195312,-5.432056903839111,1383.4317207336426,634.8212957382202,1380.7878494262695,507.85666704177856,47.5,36.0,1,1,0,0
1783878062824138000,2026-07-13 01:41:02.824138,2.5505237579345703,-5.186526775360107,1296.7252731323242,599.0729928016663,1360.3824615478516,599.0729928016663,46.5,36.5,1,1,0,0
1783878062891904800,2026-07-13 01:41:02.891905,2.0796403884887695,-6.17239236831665,1239.770793914795,751.4252066612244,1360.3824615478516,599.0729928016663,49.0,37.5,1,1,0,0
1783878062992916700,2026-07-13 01:41:02.992917,2.533046245574951,-5.8653788566589355,1351.7627716064453,707.8414559364319,1360.3824615478516,599.0729928016663,48.0,30.5,1,1,0,0
1783878063059788800,2026-07-13 01:41:03.059789,2.05035662651062,-7.414782524108887,1509.2528343200684,1117.13445186615,1360.3824615478516,599.0729928016663,46.0,26.0,1,1,0,0
1783878063158664000,2026-07-13 01:41:03.158664,2.2498626708984375,-7.350440502166748,1492.0995712280273,1107.9550981521606,1360.3824615478516,707.8414559364319,46.5,19.0,1,1,0,0
1783878063226035000,2026-07-13 01:41:03.226035,1.933035969734192,-8.198498725891113,1608.1106185913086,1335.1331949234009,1360.3824615478516,707.8414559364319,42.5,29.5,1,1,0,0
1783878063296742100,2026-07-13 01:41:03.296742,2.122239589691162,-7.082631587982178,1540.7830238342285,1144.2575454711914,1492.0995712280273,1107.9550981521606,39.0,28.5,1,1,0,0
1783878063397564800,2026-07-13 01:41:03.397565,2.2327873706817627,-7.255144119262695,1589.5545959472656,1140.0518417358398,1492.0995712280273,1107.9550981521606,44.0,24.5,1,1,0,0
1783878063499910500,2026-07-13 01:41:03.499910,2.0269956588745117,-7.285531520843506,1535.0774765014648,1210.3508710861206,1535.0774765014648,1140.0518417358398,48.0,23.5,1,1,0,0
1783878063595986300,2026-07-13 01:41:03.595986,2.190990686416626,-6.70073127746582,1511.988639831543,958.6321115493774,1511.988639831543,1107.9550981521606,52.0,25.0,1,1,0,0
1783878063664393800,2026-07-13 01:41:03.664394,2.3327910900115967,-6.3741841316223145,1465.9977912902832,821.0757970809937,1492.0995712280273,1107.9550981521606,49.5,26.5,1,1,0,0
1783878063734133000,2026-07-13 01:41:03.734133,2.4656717777252197,-5.434926509857178,1417.5873756408691,629.3703317642212,1511.988639831543,1107.9550981521606,50.5,21.0,1,1,0,0
1783878063834172700,2026-07-13 01:41:03.834173,2.2244350910186768,-5.809144973754883,1348.3851432800293,717.339277267456,1492.0995712280273,958.6321115493774,51.5,22.5,1,1,0,0
1783878063932768800,2026-07-13 01:41:03.932769,2.3947479724884033,-6.5915751457214355,1546.700668334961,794.7453260421753,1492.0995712280273,821.0757970809937,49.0,25.0,1,1,0,0
1783878064000482700,2026-07-13 01:41:04.000483,2.1129982471466064,-7.7268595695495605,1670.5949783325195,1111.1717224121094,1511.988639831543,1107.9550981521606,43.5,33.5,1,1,0,0
1783878064099735500,2026-07-13 01:41:04.099735,1.9647184610366821,-8.579839706420898,1484.2324256896973,1339.2387628555298,1492.0995712280273,958.6321115493774,37.0,22.0,1,1,0,0
1783878064199671400,2026-07-13 01:41:04.199671,1.6880948543548584,-8.964527130126953,1275.47025680542,1433.6341619491577,1492.0995712280273,1107.9550981521606,36.5,17.5,1,1,0,0
1783878064266408300,2026-07-13 01:41:04.266408,1.6003998517990112,-9.169208526611328,1258.371639251709,1528.3586978912354,1492.0995712280273,1111.1717224121094,38.5,19.5,1,1,0,0
1783878064337478600,2026-07-13 01:41:04.337479,1.6271003484725952,-8.979751586914062,1252.7076721191406,1527.868151664734,1484.2324256896973,1339.2387628555298,39.0,24.5,1,1,0,0
1783878064404221500,2026-07-13 01:41:04.404222,1.3979313373565674,-9.606884956359863,1130.8100700378418,1546.2963581085205,1275.47025680542,1433.6341619491577,38.5,20.0,1,1,0,0
1783878064503501000,2026-07-13 01:41:04.503501,1.7855249643325806,-9.47765827178955,1533.2043647766113,1645.543932914734,1492.0995712280273,1527.868151664734,35.0,25.0,1,1,0,0
1783878064571129400,2026-07-13 01:41:04.571129,1.8071550130844116,-9.327362060546875,1638.3813858032227,1642.4387693405151,1484.2324256896973,1527.868151664734,47.5,17.5,1,1,0,0
1783878064644124400,2026-07-13 01:41:04.644125,1.9106826782226562,-8.93486499786377,1647.193717956543,1504.6557188034058,1492.0995712280273,1504.6557188034058,45.5,19.0,1,1,0,0
1783878064739035600,2026-07-13 01:41:04.739036,2.0127015113830566,-8.073562622070312,1569.5483207702637,1318.82643699646,1533.2043647766113,1527.868151664734,39.0,17.5,1,1,0,0
1783878064808202300,2026-07-13 01:41:04.808202,1.8826395273208618,-7.504823684692383,1584.6545219421387,1301.568627357483,1569.5483207702637,1504.6557188034058,35.5,17.5,1,1,0,0
1783878064877576000,2026-07-13 01:41:04.877576,1.9471230506896973,-7.756358623504639,1747.170066833496,1333.4825038909912,1569.5483207702637,1504.6557188034058,36.5,24.5,1,1,0,0
1783878064975316500,2026-07-13 01:41:04.975317,2.199331283569336,-7.572937488555908,1751.2939453125,1229.1861772537231,1569.5483207702637,1333.4825038909912,37.5,21.0,1,1,0,0
1783878065043155200,2026-07-13 01:41:05.043155,2.035041570663452,-7.705101490020752,1802.2930145263672,1255.9763193130493,1584.6545219421387,1333.4825038909912,44.5,27.5,1,1,0,0
1783878065142179800,2026-07-13 01:41:05.142180,1.985507607460022,-7.89344596862793,1912.712287902832,1276.4027118682861,1747.170066833496,1333.4825038909912,43.0,26.0,1,1,0,0
1783878065209416700,2026-07-13 01:41:05.209417,1.9560539722442627,-7.955879211425781,1869.7771072387695,1295.8091497421265,1751.2939453125,1295.8091497421265,45.0,25.5,1,1,0,0
1783878065278022600,2026-07-13 01:41:05.278023,2.0354413986206055,-7.569362163543701,1761.3222122192383,1220.113754272461,1761.3222122192383,1295.8091497421265,46.0,26.0,1,1,0,0
1783878065378314100,2026-07-13 01:41:05.378314,2.0277202129364014,-7.791045665740967,1883.4300994873047,1297.3030805587769,1761.3222122192383,1297.3030805587769,48.5,26.0,1,1,0,0
1783878065476028700,2026-07-13 01:41:05.476029,1.9442614316940308,-7.395277500152588,1919.7032928466797,1253.4129619598389,1761.3222122192383,1295.8091497421265,50.5,28.5,1,1,0,0
1783878065544313400,2026-07-13 01:41:05.544313,1.9656331539154053,-7.60125207901001,1848.613166809082,1244.361400604248,1761.3222122192383,1295.8091497421265,45.0,16.5,1,1,0,0
1783878065646969600,2026-07-13 01:41:05.646970,1.8975794315338135,-7.606221675872803,1937.8616333007812,1284.281849861145,1848.613166809082,1295.8091497421265,51.0,16.5,1,1,0,0
1783878065714544200,2026-07-13 01:41:05.714544,1.9145277738571167,-7.8316264152526855,1956.5763473510742,1311.1737966537476,1848.613166809082,1295.8091497421265,44.0,32.0,1,1,0,0
1783878065811871200,2026-07-13 01:41:05.811871,2.087658643722534,-7.537129878997803,1840.9626007080078,1219.145655632019,1840.9626007080078,1295.8091497421265,39.0,26.5,1,1,0,0
1783878065879199200,2026-07-13 01:41:05.879199,2.0791826248168945,-7.970457553863525,1866.707420349121,1287.4356508255005,1848.613166809082,1295.8091497421265,39.0,31.5,1,1,0,0
1783878065946439300,2026-07-13 01:41:05.946440,1.8573139905929565,-7.587108135223389,1854.7208786010742,1286.1442565917969,1848.613166809082,1295.8091497421265,49.0,37.0,1,1,0,0
1783878066017278500,2026-07-13 01:41:06.017278,1.705337643623352,-7.746710777282715,1809.6879959106445,1336.4650011062622,1840.9626007080078,1295.8091497421265,50.0,26.5,1,1,0,0
1783878066117163100,2026-07-13 01:41:06.117163,1.6673412322998047,-11.120512008666992,1592.233943939209,2039.182424545288,1848.613166809082,1295.8091497421265,20.5,3.0,1,1,0,0
1783878066214046500,2026-07-13 01:41:06.214046,1.9070988893508911,-9.20982837677002,1761.8350982666016,1695.5797672271729,1840.9626007080078,1295.8091497421265,32.5,23.5,1,1,0,0
1783878066281106000,2026-07-13 01:41:06.281106,1.9777237176895142,-8.26361083984375,1742.7173614501953,1365.2918338775635,1809.6879959106445,1336.4650011062622,45.0,32.0,1,1,0,0
1783878066349889900,2026-07-13 01:41:06.349890,2.373945951461792,-6.425517559051514,1552.1780967712402,834.073007106781,1761.8350982666016,1295.8091497421265,50.0,25.5,1,1,0,0
1783878066417899500,2026-07-13 01:41:06.417900,2.5811004638671875,-6.247195720672607,1435.5648040771484,734.1449856758118,1761.8350982666016,1295.8091497421265,52.5,37.0,1,1,0,0
1783878066487583900,2026-07-13 01:41:06.487584,2.6789896488189697,-5.578978061676025,1256.5655708312988,619.6528077125549,1742.7173614501953,1295.8091497421265,48.0,25.5,1,1,0,0
1783878066586335700,2026-07-13 01:41:06.586336,2.370138645172119,-5.210367679595947,1199.5161056518555,602.3179888725281,1552.1780967712402,834.073007106781,48.0,31.0,1,1,0,0
1783878066654348000,2026-07-13 01:41:06.654348,2.4594619274139404,-5.80042028427124,1281.144142150879,707.4034214019775,1435.5648040771484,734.1449856758118,47.5,35.0,1,1,0,0
1783878066751722200,2026-07-13 01:41:06.751722,2.3316855430603027,-5.249061107635498,1374.2688179016113,597.5246429443359,1374.2688179016113,707.4034214019775,50.5,29.0,1,1,0,0
1783878066819374400,2026-07-13 01:41:06.819374,2.36942458152771,-5.878448009490967,1423.787021636963,700.9726166725159,1423.787021636963,707.4034214019775,49.0,40.0,1,1,0,0
1783878066886893500,2026-07-13 01:41:06.886894,2.404092788696289,-5.549814701080322,1299.071216583252,612.0740175247192,1374.2688179016113,707.4034214019775,47.5,32.5,1,1,0,0
1783878066954308500,2026-07-13 01:41:06.954309,2.3239200115203857,-6.60461950302124,1425.1627922058105,780.8387875556946,1374.2688179016113,707.4034214019775,49.0,39.0,1,1,0,0
1783878067054600900,2026-07-13 01:41:07.054601,2.4222710132598877,-5.304895877838135,1321.114158630371,585.0262641906738,1374.2688179016113,707.4034214019775,47.5,33.5,1,1,0,0
1783878067122663000,2026-07-13 01:41:07.122663,1.6490769386291504,-11.555514335632324,1286.5077018737793,2021.2795734405518,1374.2688179016113,707.4034214019775,29.5,17.0,1,1,0,0
1783878067223369500,2026-07-13 01:41:07.223369,1.7762980461120605,-11.56118106842041,1590.5244827270508,2009.704828262329,1374.2688179016113,707.4034214019775,32.0,14.0,1,1,0,0
1783878067290903900,2026-07-13 01:41:07.290904,1.9506016969680786,-8.262898445129395,1527.1941184997559,1466.855525970459,1374.2688179016113,707.4034214019775,38.5,12.0,1,1,0,0
1783878067390457700,2026-07-13 01:41:07.390458,2.22251296043396,-6.8130621910095215,1510.328483581543,1075.0329494476318,1374.2688179016113,1075.0329494476318,46.0,39.5,1,1,0,0
1783878067490819700,2026-07-13 01:41:07.490820,2.5285165309906006,-5.496152877807617,1423.6062049865723,698.7378001213074,1423.6062049865723,707.4034214019775,47.0,19.5,1,1,0,0
1783878067560078200,2026-07-13 01:41:07.560078,2.5635194778442383,-5.219832420349121,1391.556167602539,590.1983976364136,1391.556167602539,707.4034214019775,46.0,24.0,1,1,0,0
1783878067661207600,2026-07-13 01:41:07.661207,2.4969136714935303,-5.733915328979492,1301.8738746643066,707.263708114624,1374.2688179016113,707.4034214019775,52.0,22.5,1,1,0,0
1783878067760864400,2026-07-13 01:41:07.760864,2.3646256923675537,-6.133181095123291,1713.1561279296875,700.466513633728,1423.6062049865723,707.263708114624,51.0,28.5,1,1,0,0
1783878067831120200,2026-07-13 01:41:07.831120,2.1196186542510986,-6.59025764465332,1892.648696899414,829.4625878334045,1391.556167602539,707.4034214019775,48.5,31.5,1,1,0,0
1783878067931867200,2026-07-13 01:41:07.931867,2.340061902999878,-6.579833030700684,1828.0448913574219,813.4748339653015,1423.6062049865723,707.4034214019775,48.5,34.5,1,1,0,0
1783878068002179300,2026-07-13 01:41:08.002179,2.3153879642486572,-6.094083786010742,1681.2334060668945,668.9126491546631,1681.2334060668945,707.263708114624,49.0,34.5,1,1,0,0
1783878068096475100,2026-07-13 01:41:08.096475,2.609283447265625,-5.28012228012085,1379.771327972412,595.6597924232483,1391.556167602539,707.4034214019775,48.5,25.0,1,1,0,0
1783878068165202600,2026-07-13 01:41:08.165203,2.6080563068389893,-5.7732014656066895,1337.9603385925293,632.3806643486023,1423.6062049865723,707.263708114624,48.0,22.5,1,1,0,0
1783878068232382500,2026-07-13 01:41:08.232383,2.31374192237854,-5.532227039337158,1294.241714477539,659.1639518737793,1391.556167602539,668.9126491546631,48.0,31.0,1,1,0,0
1783878068301091600,2026-07-13 01:41:08.301092,2.487863779067993,-5.571821212768555,1286.9336128234863,569.7969794273376,1379.771327972412,659.1639518737793,51.5,21.0,1,1,0,0
1783878068368198800,2026-07-13 01:41:08.368199,2.6242353916168213,-5.3410420417785645,1294.8081016540527,567.5805807113647,1337.9603385925293,659.1639518737793,46.5,42.0,1,1,0,0
1783878068436372100,2026-07-13 01:41:08.436372,2.403425455093384,-6.069928169250488,1297.6057052612305,659.910261631012,1297.6057052612305,659.910261631012,50.0,37.5,1,1,0,0
1783878068534096900,2026-07-13 01:41:08.534097,2.3914663791656494,-6.505198955535889,1346.7001914978027,768.8784599304199,1346.7001914978027,659.1639518737793,55.5,44.0,1,1,0,0
1783878068602790000,2026-07-13 01:41:08.602790,2.2993648052215576,-6.789916515350342,1569.941234588623,935.0380897521973,1337.9603385925293,659.910261631012,37.5,25.5,1,1,0,0
1783878068670604400,2026-07-13 01:41:08.670604,2.098388910293579,-8.119163513183594,1706.7207336425781,1244.552493095398,1346.7001914978027,659.910261631012,44.5,21.0,1,1,0,0
1783878068742378500,2026-07-13 01:41:08.742378,2.3294684886932373,-7.072139263153076,1554.421043395996,981.7092418670654,1346.7001914978027,768.8784599304199,47.0,18.5,1,1,0,0
1783878068838816600,2026-07-13 01:41:08.838816,2.2464792728424072,-8.228203773498535,1790.754508972168,1325.6760835647583,1554.421043395996,935.0380897521973,44.5,31.5,1,1,0,0
1783878068908395200,2026-07-13 01:41:08.908395,2.332216739654541,-7.556791305541992,1718.7028884887695,1168.5081720352173,1554.421043395996,981.7092418670654,45.5,27.0,1,1,0,0
1783878069005233600,2026-07-13 01:41:09.005234,2.0827715396881104,-7.444987773895264,1792.3343658447266,1187.7777576446533,1554.421043395996,981.7092418670654,50.0,36.5,1,1,0,0
1783878069072772700,2026-07-13 01:41:09.072773,2.1746513843536377,-7.6776251792907715,1714.4746780395508,1293.1208610534668,1714.4746780395508,1168.5081720352173,32.0,16.0,1,1,0,0
1783878069140876100,2026-07-13 01:41:09.140876,2.4115443229675293,-7.613651275634766,1498.7675666809082,1176.621913909912,1554.421043395996,1168.5081720352173,40.5,32.5,1,1,0,0
1783878069208876400,2026-07-13 01:41:09.208876,1.973052740097046,-7.972792148590088,1620.4893112182617,1371.4972734451294,1620.4893112182617,1176.621913909912,41.5,24.0,1,1,0,0
1783878069307633500,2026-07-13 01:41:09.307633,1.6605204343795776,-11.98178482055664,1452.7402877807617,2123.12912940979,1620.4893112182617,1176.621913909912,14.0,12.0,1,1,0,0
1783878069374316600,2026-07-13 01:41:09.374316,1.642175555229187,-11.765707969665527,1412.2604370117188,2147.226095199585,1554.421043395996,1176.621913909912,14.5,8.5,1,1,0,0
1783878069442387100,2026-07-13 01:41:09.442387,1.41885507106781,-11.415431022644043,1437.0945930480957,2126.7576217651367,1554.421043395996,1371.4972734451294,17.5,5.0,1,1,0,0
1783878069543266000,2026-07-13 01:41:09.543266,1.824679970741272,-10.607073783874512,1691.6263580322266,1940.8241510391235,1620.4893112182617,1940.8241510391235,30.5,12.5,1,1,0,0
1783878069642832100,2026-07-13 01:41:09.642832,1.8208039999008179,-9.200499534606934,1357.1927070617676,1578.6168575286865,1554.421043395996,1578.6168575286865,34.5,17.5,1,1,0,0
1783878069713893200,2026-07-13 01:41:09.713893,1.8114455938339233,-7.702906131744385,1576.3047218322754,1398.332953453064,1554.421043395996,1398.332953453064,34.0,18.5,1,1,0,0
1783878069812406100,2026-07-13 01:41:09.812406,2.0608620643615723,-8.097138404846191,1733.4356307983398,1366.40202999115,1620.4893112182617,1578.6168575286865,33.5,27.0,1,1,0,0
1783878069880172300,2026-07-13 01:41:09.880172,2.2678940296173096,-7.508823871612549,1710.086441040039,1177.931308746338,1576.3047218322754,1398.332953453064,44.5,21.0,1,1,0,0
1783878069949742400,2026-07-13 01:41:09.949742,1.95284903049469,-8.17560863494873,1828.0004501342773,1478.3532619476318,1620.4893112182617,1398.332953453064,37.0,21.5,1,1,0,0
1783878070047085800,2026-07-13 01:41:10.047086,2.1740880012512207,-7.5695013999938965,1850.9454727172852,1271.507978439331,1710.086441040039,1398.332953453064,46.0,25.5,1,1,0,0
1783878070116270600,2026-07-13 01:41:10.116271,1.96842622756958,-7.989703178405762,1803.9743423461914,1380.532145500183,1710.086441040039,1398.332953453064,44.0,30.5,1,1,0,0
1783878070182981300,2026-07-13 01:41:10.182981,2.0238571166992188,-7.422471046447754,1599.3404388427734,1109.0904474258423,1620.4893112182617,1398.332953453064,48.0,20.0,1,1,0,0
1783878070280227800,2026-07-13 01:41:10.280228,2.1697685718536377,-7.621530532836914,1527.4702072143555,1152.050256729126,1710.086441040039,1380.532145500183,50.5,29.0,1,1,0,0
1783878070349104900,2026-07-13 01:41:10.349105,2.0032241344451904,-8.552634239196777,1698.3741760253906,1446.4263916015625,1698.3741760253906,1398.332953453064,44.5,22.5,1,1,0,0
1783878070417885500,2026-07-13 01:41:10.417886,2.0596866607666016,-8.873120307922363,1701.4482498168945,1476.5493869781494,1698.3741760253906,1398.332953453064,38.5,27.0,1,1,0,0
1783878070486628000,2026-07-13 01:41:10.486628,2.1859238147735596,-7.709820747375488,1527.2624015808105,1177.4718761444092,1698.3741760253906,1380.532145500183,50.0,18.0,1,1,0,0
1783878070584714100,2026-07-13 01:41:10.584714,2.034635305404663,-8.237680435180664,1886.8083953857422,1262.4764442443848,1698.3741760253906,1398.332953453064,49.0,30.0,1,1,0,0
1783878070651438400,2026-07-13 01:41:10.651438,2.2060720920562744,-8.339957237243652,1824.5811462402344,1215.4544591903687,1698.3741760253906,1380.532145500183,56.5,29.5,1,1,0,0
