timestamp,datetime,raw_gaze_position_x,raw_gaze_position_y,calibrated_gaze_position_x,calibrated_gaze_position_y,filtered_gaze_position_x,filtered_gaze_position_y,left_eye_openness,right_eye_openness,tracking_status,status,event,trigger
1783876941476135900,2026-07-13 01:22:21.476136,NA,NA,NA,NA,NA,NA,0.0,0.0,0,0,0,1
1783876941577222300,2026-07-13 01:22:21.577222,NA,NA,NA,NA,NA,NA,0.0,0.0,0,0,0,0
1783876941644317900,2026-07-13 01:22:21.644318,NA,NA,NA,NA,NA,NA,0.0,0.0,0,0,0,0
1783876941744506800,2026-07-13 01:22:21.744507,NA,NA,NA,NA,NA,NA,0.0,0.0,0,0,0,0
1783876941844045800,2026-07-13 01:22:21.844046,NA,NA,NA,NA,NA,NA,0.0,0.0,0,0,0,0
1783876941942104800,2026-07-13 01:22:21.942105,NA,NA,NA,NA,NA,NA,0.0,0.0,0,0,0,0
1783876942009133600,2026-07-13 01:22:22.009134,NA,NA,NA,NA,NA,NA,0.0,0.0,0,0,0,0
1783876942076419500,2026-07-13 01:22:22.076420,NA,NA,NA,NA,NA,NA,0.0,0.0,0,0,0,0
1783876942144223300,2026-07-13 01:22:22.144223,NA,NA,NA,NA,NA,NA,0.0,0.0,0,0,0,0
1783876942213502100,2026-07-13 01:22:22.213502,NA,NA,NA,NA,NA,NA,0.0,0.0,0,0,0,0
1783876942280761200,2026-07-13 01:22:22.280761,NA,NA,NA,NA,NA,NA,0.0,0.0,0,0,0,0
1783876942378415700,2026-07-13 01:22:22.378416,NA,NA,NA,NA,NA,NA,0.0,0.0,0,0,0,0
1783876942445886500,2026-07-13 01:22:22.445886,NA,NA,NA,NA,NA,NA,0.0,0.0,0,0,0,0
1783876942513173400,2026-07-13 01:22:22.513174,NA,NA,NA,NA,NA,NA,0.0,0.0,0,0,0,0
1783876942613039100,2026-07-13 01:22:22.613039,2.359117269515991,-5.951310157775879,1717.1920776367188,854.123055934906,1717.1920776367188,854.123055934906,37.5,30.0,1,1,0,0
1783876942683185900,2026-07-13 01:22:22.683186,1.8597091436386108,-5.887855052947998,1830.2305221557617,845.6369042396545,1830.2305221557617,845.6369042396545,35.0,20.5,1,1,0,0
1783876942783041400,2026-07-13 01:22:22.783041,1.5079118013381958,-7.014684677124023,1987.2150421142578,1145.3324556350708,1987.2150421142578,1145.3324556350708,42.0,32.0,1,1,0,0
1783876942883018700,2026-07-13 01:22:22.883019,1.9141889810562134,-6.565826892852783,1859.2174530029297,953.5930156707764,1859.2174530029297,953.5930156707764,31.5,43.5,1,1,0,0
1783876942951293600,2026-07-13 01:22:22.951294,1.849743366241455,-6.406718730926514,1935.9806060791016,745.3343272209167,1935.9806060791016,745.3343272209167,33.0,43.0,1,1,0,0
1783876943052088500,2026-07-13 01:22:23.052088,2.2777140140533447,-5.3101654052734375,1762.2676849365234,625.1034736633301,1762.2676849365234,625.1034736633301,40.0,36.0,1,1,0,0
1783876943119335300,2026-07-13 01:22:23.119335,2.2219600677490234,-5.501088619232178,1729.890251159668,676.8755912780762,1729.890251159668,845.6369042396545,39.5,33.0,1,1,0,0
1783876943217432100,2026-07-13 01:22:23.217432,2.3775956630706787,-5.933708667755127,1842.0249938964844,807.198166847229,1830.2305221557617,807.198166847229,40.0,33.5,1,1,0,0
1783876943290735100,2026-07-13 01:22:23.290735,2.2116096019744873,-5.983243465423584,1872.8052139282227,761.3297700881958,1872.8052139282227,807.198166847229,41.0,39.5,1,1,0,0
1783876943387941300,2026-07-13 01:22:23.387941,2.2458741664886475,-4.010429382324219,1551.1584281921387,696.8874931335449,1729.890251159668,807.198166847229,33.0,36.0,1,1,0,0
1783876943458393300,2026-07-13 01:22:23.458393,1.8746029138565063,-6.049560070037842,1865.2824401855469,806.8174123764038,1842.0249938964844,807.198166847229,34.5,35.5,1,1,0,0
1783876943525391100,2026-07-13 01:22:23.525391,1.6237417459487915,-4.973608493804932,1422.2315788269043,939.0125870704651,1842.0249938964844,807.198166847229,35.0,28.5,1,1,0,0
1783876943624386900,2026-07-13 01:22:23.624387,2.026160478591919,-6.341679096221924,1781.8815231323242,1084.4147205352783,1781.8815231323242,807.198166847229,40.5,32.5,1,1,0,0
1783876943691291600,2026-07-13 01:22:23.691292,2.4330906867980957,-7.781912326812744,2019.1743850708008,1166.4772033691406,1842.0249938964844,807.198166847229,42.5,31.5,1,1,0,0
1783876943764076800,2026-07-13 01:22:23.764077,2.0494961738586426,-8.558737754821777,2239.703941345215,1247.9254007339478,1842.0249938964844,939.0125870704651,42.5,20.5,1,1,0,0
1783876943864097400,2026-07-13 01:22:23.864097,2.417771339416504,-6.821882724761963,2140.41805267334,941.6385889053345,1842.0249938964844,941.6385889053345,36.5,30.5,1,1,0,0
1783876943931786400,2026-07-13 01:22:23.931787,2.6611430644989014,-7.803263187408447,2169.719886779785,1113.3040189743042,2019.1743850708008,941.6385889053345,37.5,30.0,1,1,0,0
1783876944034027300,2026-07-13 01:22:24.034027,2.7535934448242188,-6.0463547706604,1916.575813293457,948.4030604362488,1916.575813293457,941.6385889053345,38.5,34.0,1,1,0,0
1783876944134136100,2026-07-13 01:22:24.134136,2.4985458850860596,-3.688816547393799,1474.6312141418457,696.864664554596,1842.0249938964844,941.6385889053345,36.5,31.5,1,1,0,0
1783876944200847300,2026-07-13 01:22:24.200847,2.9730308055877686,-5.531742095947266,1828.0588150024414,859.7777485847473,1916.575813293457,941.6385889053345,41.0,30.0,1,1,0,0
1783876944268141300,2026-07-13 01:22:24.268141,2.60142183303833,-4.741720199584961,1763.7460708618164,736.7167472839355,1842.0249938964844,941.6385889053345,39.0,26.0,1,1,0,0
1783876944335202400,2026-07-13 01:22:24.335202,2.554321527481079,-4.246629238128662,1685.3046417236328,626.0188221931458,1828.0588150024414,859.7777485847473,38.5,35.0,1,1,0,0
1783876944403385100,2026-07-13 01:22:24.403385,2.0752813816070557,-2.6443843841552734,1335.0398063659668,566.5383338928223,1828.0588150024414,859.7777485847473,36.5,29.5,1,1,0,0
1783876944471282500,2026-07-13 01:22:24.471282,1.9044188261032104,-3.7575066089630127,1316.6186332702637,720.3782796859741,1763.7460708618164,736.7167472839355,43.0,30.0,1,1,0,0
1783876944539103800,2026-07-13 01:22:24.539104,2.3688595294952393,-5.469420433044434,1757.0724487304688,866.0814166069031,1757.0724487304688,859.7777485847473,43.0,26.0,1,1,0,0
1783876944637850500,2026-07-13 01:22:24.637851,2.206533670425415,-3.984203577041626,1340.012264251709,713.8751149177551,1757.0724487304688,736.7167472839355,28.5,32.5,1,1,0,0
1783876944705334500,2026-07-13 01:22:24.705334,2.628460645675659,-4.787065029144287,1710.7389450073242,743.7396049499512,1757.0724487304688,736.7167472839355,40.5,41.5,1,1,0,0
1783876944773251100,2026-07-13 01:22:24.773251,2.503998041152954,-3.286973714828491,1482.022476196289,583.9868187904358,1757.0724487304688,736.7167472839355,38.0,34.0,1,1,0,0
1783876944840039600,2026-07-13 01:22:24.840040,2.5906355381011963,-4.266017436981201,1693.6723709106445,601.6339659690857,1710.7389450073242,736.7167472839355,37.5,35.0,1,1,0,0
1783876944908538200,2026-07-13 01:22:24.908538,2.5358307361602783,-4.543247699737549,1661.410903930664,660.1823568344116,1710.7389450073242,736.7167472839355,31.0,45.5,1,1,0,0
1783876944976820200,2026-07-13 01:22:24.976820,2.784576177597046,-4.9507317543029785,1692.9939270019531,701.6310691833496,1693.6723709106445,701.6310691833496,34.5,38.0,1,1,0,0
1783876945077203500,2026-07-13 01:22:25.077204,2.841097593307495,-4.652327060699463,1818.8495635986328,541.2154793739319,1710.7389450073242,701.6310691833496,49.5,43.0,1,1,0,0
1783876945176661000,2026-07-13 01:22:25.176661,3.1824951171875,-6.666999816894531,2050.5699157714844,774.7833728790283,1710.7389450073242,736.7167472839355,33.0,33.0,1,1,0,0
1783876945278163800,2026-07-13 01:22:25.278164,2.6796867847442627,-4.105008125305176,1607.0926666259766,589.6126627922058,1693.6723709106445,701.6310691833496,40.5,34.5,1,1,0,0
1783876945350174300,2026-07-13 01:22:25.350174,2.4851186275482178,-4.9109649658203125,1703.0088424682617,746.2894320487976,1710.7389450073242,701.6310691833496,43.0,29.0,1,1,0,0
1783876945417537100,2026-07-13 01:22:25.417537,3.210340738296509,-6.485266208648682,1990.2093887329102,727.1774411201477,1710.7389450073242,727.1774411201477,49.0,33.0,1,1,0,0
1783876945516012700,2026-07-13 01:22:25.516013,3.0407629013061523,-5.593373775482178,1710.498046875,741.4456605911255,1710.498046875,727.1774411201477,44.5,33.0,1,1,0,0
1783876945586135200,2026-07-13 01:22:25.586135,2.546577215194702,-4.086144924163818,1442.5326347351074,671.0398197174072,1710.498046875,701.6310691833496,38.0,37.0,1,1,0,0
1783876945684301800,2026-07-13 01:22:25.684302,3.093773365020752,-4.150086879730225,1610.2506637573242,596.6431498527527,1710.498046875,727.1774411201477,28.5,35.5,1,1,0,0
1783876945751512300,2026-07-13 01:22:25.751512,2.200721025466919,-3.360407829284668,1376.3928413391113,618.5717582702637,1710.498046875,701.6310691833496,37.5,33.5,1,1,0,0
1783876945853236600,2026-07-13 01:22:25.853236,2.870725631713867,-3.598252773284912,1552.7421951293945,605.7211756706238,1610.2506637573242,671.0398197174072,38.5,42.5,1,1,0,0
1783876945920695700,2026-07-13 01:22:25.920696,3.286060094833374,-3.563109874725342,1613.9711380004883,479.9463450908661,1613.9711380004883,618.5717582702637,36.0,41.0,1,1,0,0
1783876945987487000,2026-07-13 01:22:25.987487,3.07734751701355,-3.9703831672668457,1619.712257385254,500.39440393447876,1619.712257385254,618.5717582702637,43.0,41.5,1,1,0,0
1783876946085287700,2026-07-13 01:22:26.085288,2.8150975704193115,-3.8142666816711426,1675.760841369629,474.12827610969543,1613.9711380004883,605.7211756706238,39.5,35.0,1,1,0,0
1783876946153554900,2026-07-13 01:22:26.153555,2.520357370376587,-3.880587577819824,1650.558853149414,491.35154485702515,1619.712257385254,500.39440393447876,36.0,33.5,1,1,0,0
1783876946220751900,2026-07-13 01:22:26.220752,2.6273224353790283,-3.7186877727508545,1614.2168045043945,504.9758553504944,1619.712257385254,504.9758553504944,40.5,34.5,1,1,0,0
1783876946292139600,2026-07-13 01:22:26.292140,2.0838394165039062,-2.9189224243164062,1395.682144165039,567.9119229316711,1613.9711380004883,567.9119229316711,43.5,32.5,1,1,0,0
1783876946392151400,2026-07-13 01:22:26.392151,2.567164659500122,-2.7982301712036133,1536.9348526000977,524.3253111839294,1614.2168045043945,504.9758553504944,42.0,32.0,1,1,0,0
1783876946490545600,2026-07-13 01:22:26.490546,2.5286290645599365,-3.190293312072754,1510.272216796875,582.8304290771484,1613.9711380004883,524.3253111839294,39.0,30.0,1,1,0,0
1783876946589204900,2026-07-13 01:22:26.589205,2.8475162982940674,-5.686988830566406,1810.9037399291992,852.9593348503113,1613.9711380004883,567.9119229316711,35.5,34.5,1,1,0,0
1783876946655958700,2026-07-13 01:22:26.655959,2.4664368629455566,-5.032158374786377,1603.9140701293945,801.5027046203613,1613.9711380004883,567.9119229316711,33.5,29.5,1,1,0,0
1783876946723183600,2026-07-13 01:22:26.723184,2.8941876888275146,-7.539121150970459,1890.4850006103516,1205.8279514312744,1613.9711380004883,582.8304290771484,32.5,30.0,1,1,0,0
1783876946791133500,2026-07-13 01:22:26.791133,1.8162509202957153,-5.557441234588623,1158.3121299743652,1055.8899641036987,1613.9711380004883,801.5027046203613,39.5,26.0,1,1,0,0
1783876946860695900,2026-07-13 01:22:26.860696,2.6061744689941406,-6.673458099365234,1536.7456436157227,1308.2982301712036,1613.9711380004883,801.5027046203613,26.5,31.5,1,1,0,0
1783876946957630100,2026-07-13 01:22:26.957630,1.4573088884353638,-7.212697505950928,1202.855396270752,1430.877923965454,1613.9711380004883,1055.8899641036987,30.5,22.0,1,1,0,0
1783876947029213800,2026-07-13 01:22:27.029214,2.2316906452178955,-6.587205410003662,1712.1849060058594,1315.1518106460571,1613.9711380004883,1055.8899641036987,29.5,19.5,1,1,0,0
1783876947095984500,2026-07-13 01:22:27.095984,2.2394490242004395,-7.23134183883667,2023.2431411743164,1456.6823244094849,1613.9711380004883,1308.2982301712036,30.5,32.0,1,1,0,0
1783876947164285700,2026-07-13 01:22:27.164286,2.4478580951690674,-7.981845855712891,2424.016761779785,1464.3206596374512,1613.9711380004883,1315.1518106460571,32.5,34.0,1,1,0,0
1783876947263159400,2026-07-13 01:22:27.263159,2.5502524375915527,-7.463698387145996,1964.1298294067383,1448.3879804611206,1712.1849060058594,1315.1518106460571,31.5,27.5,1,1,0,0
1783876947330252200,2026-07-13 01:22:27.330252,2.505723237991333,-6.183640956878662,1900.491714477539,1185.5741739273071,1900.491714477539,1308.2982301712036,32.5,27.5,1,1,0,0
1783876947398029800,2026-07-13 01:22:27.398030,2.4908499717712402,-6.7914934158325195,1871.8835830688477,1301.7010688781738,1871.8835830688477,1315.1518106460571,29.5,34.5,1,1,0,0
1783876947495553600,2026-07-13 01:22:27.495553,2.4919753074645996,-6.3811821937561035,1661.751937866211,1112.5568151474,1712.1849060058594,1308.2982301712036,37.5,30.5,1,1,0,0
1783876947567194900,2026-07-13 01:22:27.567195,2.6673595905303955,-5.7061614990234375,1638.6112213134766,955.1538228988647,1871.8835830688477,1301.7010688781738,39.0,40.5,1,1,0,0
1783876947669757700,2026-07-13 01:22:27.669758,2.514727830886841,-4.934181213378906,1620.2621459960938,821.2655782699585,1712.1849060058594,1301.7010688781738,40.0,40.0,1,1,0,0
1783876947767186200,2026-07-13 01:22:27.767186,2.5713953971862793,-4.660512447357178,1676.167869567871,822.5350379943848,1676.167869567871,1112.5568151474,36.5,31.5,1,1,0,0
1783876947837224900,2026-07-13 01:22:27.837225,2.669818639755249,-5.1094207763671875,1752.9645919799805,788.2960438728333,1752.9645919799805,955.1538228988647,47.5,35.5,1,1,0,0
1783876947905674900,2026-07-13 01:22:27.905675,2.1740236282348633,-3.8321194648742676,1421.3769912719727,740.55415391922,1676.167869567871,822.5350379943848,42.0,29.0,1,1,0,0
1783876948003248600,2026-07-13 01:22:28.003249,2.7128798961639404,-6.111766338348389,1848.434829711914,962.6924991607666,1676.167869567871,962.6924991607666,51.0,32.5,1,1,0,0
1783876948070284700,2026-07-13 01:22:28.070285,2.608689069747925,-5.948171615600586,1815.9326553344727,898.2144594192505,1752.9645919799805,898.2144594192505,41.5,30.5,1,1,0,0
1783876948137998800,2026-07-13 01:22:28.137999,2.6799166202545166,-5.259689807891846,1636.5388870239258,771.4961171150208,1676.167869567871,822.5350379943848,50.0,31.5,1,1,0,0
1783876948205401300,2026-07-13 01:22:28.205401,2.6183507442474365,-3.7386116981506348,1516.6075706481934,651.368260383606,1676.167869567871,898.2144594192505,37.5,34.5,1,1,0,0
1783876948272929100,2026-07-13 01:22:28.272929,2.72973370552063,-4.116355895996094,1544.978904724121,720.3081846237183,1676.167869567871,822.5350379943848,44.0,33.5,1,1,0,0
1783876948341185000,2026-07-13 01:22:28.341185,3.274834632873535,-3.9685232639312744,1539.2908096313477,602.2794842720032,1636.5388870239258,771.4961171150208,49.0,38.5,1,1,0,0
1783876948410466600,2026-07-13 01:22:28.410467,2.8472697734832764,-4.805801868438721,1491.202449798584,748.5498189926147,1544.978904724121,748.5498189926147,43.5,35.0,1,1,0,0
1783876948509761800,2026-07-13 01:22:28.509762,2.7368085384368896,-3.4870858192443848,1496.8708992004395,554.7335743904114,1544.978904724121,748.5498189926147,50.0,41.5,1,1,0,0
1783876948608425800,2026-07-13 01:22:28.608426,2.8451433181762695,-3.091869592666626,1545.5620765686035,515.308678150177,1545.5620765686035,748.5498189926147,48.0,34.0,1,1,0,0
1783876948676325300,2026-07-13 01:22:28.676325,3.0034074783325195,-3.2909581661224365,1583.7580680847168,538.7364029884338,1544.978904724121,748.5498189926147,51.5,33.5,1,1,0,0
1783876948780088500,2026-07-13 01:22:28.780089,2.9172792434692383,-3.16506290435791,1535.2201461791992,525.2514481544495,1544.978904724121,554.7335743904114,48.5,34.0,1,1,0,0
1783876948847644900,2026-07-13 01:22:28.847645,2.6567792892456055,-2.7471556663513184,1482.5340270996094,488.00957202911377,1544.978904724121,538.7364029884338,44.0,30.5,1,1,0,0
1783876948945193200,2026-07-13 01:22:28.945193,2.556421995162964,-2.74391508102417,1471.946907043457,494.9541389942169,1544.978904724121,538.7364029884338,48.5,35.0,1,1,0,0
1783876949047261900,2026-07-13 01:22:29.047262,2.9113001823425293,-3.108973979949951,1542.2944068908691,489.0085756778717,1542.2944068908691,525.2514481544495,48.5,32.5,1,1,0,0
1783876949114053500,2026-07-13 01:22:29.114053,2.6518428325653076,-3.567096710205078,1574.6220588684082,548.4429001808167,1544.978904724121,538.7364029884338,48.5,35.5,1,1,0,0
1783876949212312400,2026-07-13 01:22:29.212312,2.575456380844116,-3.7292866706848145,1575.1017570495605,574.0408301353455,1544.978904724121,538.7364029884338,40.0,32.5,1,1,0,0
1783876949280638200,2026-07-13 01:22:29.280638,2.8071844577789307,-3.632870674133301,1620.7735061645508,527.0698666572571,1544.978904724121,527.0698666572571,50.0,32.5,1,1,0,0
1783876949347467400,2026-07-13 01:22:29.347467,2.4758880138397217,-4.452475070953369,1655.9892654418945,660.1722240447998,1574.6220588684082,538.7364029884338,47.0,35.5,1,1,0,0
1783876949415126400,2026-07-13 01:22:29.415127,2.653752565383911,-4.846564769744873,1826.4650344848633,643.4093117713928,1575.1017570495605,538.7364029884338,49.0,36.0,1,1,0,0
1783876949482138100,2026-07-13 01:22:29.482138,2.7453649044036865,-5.6417341232299805,1923.838233947754,775.9090065956116,1620.7735061645508,538.7364029884338,49.5,36.0,1,1,0,0
1783876949549622400,2026-07-13 01:22:29.549622,2.6060121059417725,-4.471152305603027,1650.3379821777344,669.4111824035645,1650.3379821777344,643.4093117713928,47.5,33.0,1,1,0,0
1783876949617321400,2026-07-13 01:22:29.617321,2.6559431552886963,-4.062747478485107,1565.3877258300781,617.9157495498657,1575.1017570495605,617.9157495498657,41.0,33.5,1,1,0,0
1783876949715861400,2026-07-13 01:22:29.715862,2.171539783477783,-3.4557459354400635,1408.892822265625,614.575207233429,1620.7735061645508,614.575207233429,42.0,26.5,1,1,0,0
1783876949783345500,2026-07-13 01:22:29.783345,2.3914706707000732,-3.8423783779144287,1461.4775657653809,660.9401106834412,1575.1017570495605,643.4093117713928,43.0,34.5,1,1,0,0
1783876949851261500,2026-07-13 01:22:29.851261,2.4810945987701416,-3.6336967945098877,1467.1327590942383,591.498851776123,1565.3877258300781,617.9157495498657,42.0,33.5,1,1,0,0
1783876949949917900,2026-07-13 01:22:29.949918,2.2657504081726074,-3.7447664737701416,1453.9813995361328,643.5176730155945,1467.1327590942383,617.9157495498657,42.0,23.5,1,1,0,0
1783876950018138100,2026-07-13 01:22:30.018138,2.508781909942627,-5.552809238433838,1574.7397422790527,913.0198955535889,1574.7397422790527,643.4093117713928,37.0,34.0,1,1,0,0
1783876950118774800,2026-07-13 01:22:30.118775,2.085747718811035,-7.173568248748779,1573.5231399536133,1277.4220705032349,1565.3877258300781,643.4093117713928,38.0,22.0,1,1,0,0
1783876950187372400,2026-07-13 01:22:30.187372,1.7677273750305176,-7.366873741149902,1381.3213348388672,1272.2647190093994,1467.1327590942383,643.5176730155945,37.0,24.0,1,1,0,0
1783876950286796500,2026-07-13 01:22:30.286797,1.3400352001190186,-5.402978420257568,1106.3437461853027,847.6914167404175,1565.3877258300781,847.6914167404175,38.0,21.5,1,1,0,0
1783876950355885100,2026-07-13 01:22:30.355885,2.0333566665649414,-4.039790630340576,1375.70161819458,690.923810005188,1467.1327590942383,690.923810005188,36.5,31.5,1,1,0,0
1783876950453536200,2026-07-13 01:22:30.453536,2.4287357330322266,-3.9312868118286133,1556.406593322754,642.5998210906982,1467.1327590942383,643.5176730155945,38.5,39.5,1,1,0,0
1783876950555086100,2026-07-13 01:22:30.555086,2.2994470596313477,-3.2703468799591064,1455.5895805358887,578.3653855323792,1467.1327590942383,690.923810005188,38.5,30.5,1,1,0,0
1783876950653381100,2026-07-13 01:22:30.653381,1.5928879976272583,-3.0565271377563477,1199.1341590881348,541.7699217796326,1467.1327590942383,643.5176730155945,30.0,27.5,1,1,0,0
1783876950723232900,2026-07-13 01:22:30.723233,1.0880340337753296,-5.908134460449219,1350.2559661865234,1325.150728225708,1467.1327590942383,643.5176730155945,3.5,14.0,1,1,0,0
1783876950823131500,2026-07-13 01:22:30.823131,1.6479660272598267,-9.244673728942871,1511.6843223571777,1753.1708478927612,1467.1327590942383,690.923810005188,7.0,2.5,1,1,0,0
1783876950921439000,2026-07-13 01:22:30.921439,1.1716145277023315,-6.092162609100342,1207.3616027832031,1304.7126531600952,1467.1327590942383,690.923810005188,16.0,15.0,1,1,0,0
1783876950990866500,2026-07-13 01:22:30.990866,1.3967705965042114,-5.367575645446777,1238.285732269287,1062.6463890075684,1467.1327590942383,1062.6463890075684,32.5,25.5,1,1,0,0
1783876951058806200,2026-07-13 01:22:31.058806,1.1147472858428955,-5.127448558807373,1040.556812286377,972.3387360572815,1467.1327590942383,972.3387360572815,32.0,29.5,1,1,0,0
1783876951126408700,2026-07-13 01:22:31.126409,2.3604161739349365,-5.066436290740967,1487.50581741333,812.7759695053101,1467.1327590942383,812.7759695053101,33.5,26.0,1,1,0,0
1783876951224148900,2026-07-13 01:22:31.224149,2.5540316104888916,-4.806228160858154,1480.8318138122559,725.4928946495056,1467.1327590942383,972.3387360572815,40.0,35.5,1,1,0,0
1783876951292212900,2026-07-13 01:22:31.292213,2.2132978439331055,-4.730041027069092,1385.2749824523926,729.5801043510437,1467.1327590942383,812.7759695053101,37.5,28.0,1,1,0,0
1783876951393745900,2026-07-13 01:22:31.393746,2.6195170879364014,-4.7280707359313965,1636.8391036987305,664.8260951042175,1467.1327590942383,812.7759695053101,41.0,26.5,1,1,0,0
1783876951460830300,2026-07-13 01:22:31.460830,2.424635648727417,-4.6217875480651855,1557.3772430419922,688.1968379020691,1467.1327590942383,729.5801043510437,41.0,34.5,1,1,0,0
1783876951527516700,2026-07-13 01:22:31.527517,2.40873646736145,-4.7863593101501465,1614.0869140625,717.6337838172913,1467.1327590942383,729.5801043510437,43.5,36.5,1,1,0,0
1783876951596473000,2026-07-13 01:22:31.596473,2.078437566757202,-3.9169845581054688,1382.4421882629395,625.5306005477905,1467.1327590942383,717.6337838172913,42.0,32.0,1,1,0,0
1783876951696320900,2026-07-13 01:22:31.696321,2.666023015975952,-5.21049165725708,1729.1149139404297,630.014955997467,1467.1327590942383,717.6337838172913,40.5,41.0,1,1,0,0
1783876951762997300,2026-07-13 01:22:31.762997,2.4095847606658936,-3.060398578643799,1444.0174102783203,533.701479434967,1467.1327590942383,717.6337838172913,44.0,36.5,1,1,0,0
1783876951862119600,2026-07-13 01:22:31.862120,2.8207437992095947,-3.519214630126953,1523.2269287109375,550.9728789329529,1467.1327590942383,630.014955997467,41.0,40.5,1,1,0,0
1783876951930307800,2026-07-13 01:22:31.930308,2.4140193462371826,-3.4971041679382324,1405.5058479309082,557.0098161697388,1467.1327590942383,630.014955997467,42.0,29.5,1,1,0,0
1783876951997304100,2026-07-13 01:22:31.997304,2.2514805793762207,-4.03546142578125,1387.3823165893555,615.7582998275757,1467.1327590942383,615.7582998275757,42.5,27.5,1,1,0,0
1783876952096096700,2026-07-13 01:22:32.096097,2.3758907318115234,-2.7942638397216797,1396.4601516723633,514.4641995429993,1467.1327590942383,615.7582998275757,39.5,33.5,1,1,0,0
1783876952163027500,2026-07-13 01:22:32.163028,2.272050380706787,-2.418583631515503,1371.3294982910156,449.00184869766235,1405.5058479309082,615.7582998275757,39.0,31.5,1,1,0,0
1783876952233127900,2026-07-13 01:22:32.233128,2.0536465644836426,-2.5261921882629395,1334.5123291015625,482.21516609191895,1396.4601516723633,615.7582998275757,32.5,29.5,1,1,0,0
1783876952332201900,2026-07-13 01:22:32.332202,2.3561768531799316,-3.0060176849365234,1445.6365585327148,479.17506098747253,1445.6365585327148,514.4641995429993,36.0,35.5,1,1,0,0
1783876952400485400,2026-07-13 01:22:32.400485,2.354480504989624,-2.591452121734619,1417.0394897460938,462.62428164482117,1405.5058479309082,482.21516609191895,36.5,33.0,1,1,0,0
1783876952499902200,2026-07-13 01:22:32.499902,2.1401560306549072,-2.346780300140381,1322.5425720214844,434.52566862106323,1396.4601516723633,482.21516609191895,37.5,30.5,1,1,0,0
1783876952567462900,2026-07-13 01:22:32.567463,2.0714666843414307,-2.1365206241607666,1262.6055717468262,403.0791223049164,1405.5058479309082,479.17506098747253,46.0,27.5,1,1,0,0
1783876952666191900,2026-07-13 01:22:32.666192,1.1386831998825073,-1.8677575588226318,1103.1246185302734,467.3307538032532,1396.4601516723633,467.3307538032532,38.0,26.5,1,1,0,0
1783876952736571200,2026-07-13 01:22:32.736571,1.8380093574523926,-3.0758111476898193,1265.4948234558105,503.66175174713135,1322.5425720214844,482.21516609191895,37.5,26.0,1,1,0,0
1783876952803937500,2026-07-13 01:22:32.803937,1.8899452686309814,-2.870164394378662,1293.6275482177734,506.9354176521301,1293.6275482177734,479.17506098747253,39.5,29.5,1,1,0,0
1783876952903470400,2026-07-13 01:22:32.903470,2.169175386428833,-2.7466282844543457,1343.143367767334,463.5506570339203,1343.143367767334,467.3307538032532,39.0,34.0,1,1,0,0
1783876953002950300,2026-07-13 01:22:33.002950,2.532322406768799,-2.366365671157837,1462.660789489746,430.93785643577576,1322.5425720214844,479.17506098747253,36.0,30.5,1,1,0,0
1783876953070163300,2026-07-13 01:22:33.070163,2.499379873275757,-2.4267916679382324,1451.7884254455566,437.42936849594116,1343.143367767334,467.3307538032532,37.0,31.5,1,1,0,0
1783876953141141200,2026-07-13 01:22:33.141141,2.568185567855835,-3.192866802215576,1472.6781845092773,475.3533899784088,1343.143367767334,467.3307538032532,40.5,28.5,1,1,0,0
1783876953238416700,2026-07-13 01:22:33.238417,2.333125591278076,-3.2037925720214844,1437.1771812438965,463.4089767932892,1437.1771812438965,467.3307538032532,37.0,27.0,1,1,0,0
1783876953310094800,2026-07-13 01:22:33.310095,2.380509853363037,-2.6252498626708984,1410.3034019470215,448.6452043056488,1410.3034019470215,467.3307538032532,36.0,30.5,1,1,0,0
1783876953408403600,2026-07-13 01:22:33.408404,2.5586817264556885,-3.1706480979919434,1428.4584999084473,504.01926040649414,1428.4584999084473,467.3307538032532,35.0,31.5,1,1,0,0
1783876953475143500,2026-07-13 01:22:33.475143,2.2472896575927734,-2.928760051727295,1387.1925354003906,471.6089367866516,1428.4584999084473,467.3307538032532,38.0,29.0,1,1,0,0
1783876953542397300,2026-07-13 01:22:33.542397,2.335531711578369,-3.734941005706787,1434.5681190490723,559.5675706863403,1428.4584999084473,467.3307538032532,30.5,38.5,1,1,0,0
1783876953611443300,2026-07-13 01:22:33.611443,2.0293996334075928,-4.031515121459961,1335.5205535888672,696.3354349136353,1428.4584999084473,471.6089367866516,32.5,25.0,1,1,0,0
1783876953711109100,2026-07-13 01:22:33.711109,1.9166799783706665,-5.089635372161865,1440.6749725341797,920.5994606018066,1428.4584999084473,471.6089367866516,34.0,24.5,1,1,0,0
1783876953810341700,2026-07-13 01:22:33.810342,2.0146400928497314,-5.941751003265381,1770.4450607299805,1067.6342248916626,1428.4584999084473,559.5675706863403,32.0,29.0,1,1,0,0
1783876953912246300,2026-07-13 01:22:33.912246,2.36091947555542,-6.323208332061768,1671.7369079589844,1113.9416694641113,1428.4584999084473,696.3354349136353,33.0,27.5,1,1,0,0
1783876954007508000,2026-07-13 01:22:34.007508,0.797737181186676,-5.363715648651123,993.7849998474121,1115.3380870819092,1428.4584999084473,920.5994606018066,32.0,15.5,1,1,0,0
1783876954076325800,2026-07-13 01:22:34.076326,1.3707687854766846,-7.778885364532471,1150.0069618225098,1420.326590538025,1428.4584999084473,1067.6342248916626,34.5,14.0,1,1,0,0
1783876954143059300,2026-07-13 01:22:34.143059,1.8303568363189697,-6.358811855316162,1363.3697509765625,1135.3509426116943,1428.4584999084473,1113.9416694641113,44.5,20.0,1,1,0,0
1783876954242816100,2026-07-13 01:22:34.242816,1.8811262845993042,-4.627242088317871,1313.249111175537,859.3672513961792,1363.3697509765625,920.5994606018066,40.0,31.5,1,1,0,0
1783876954310557400,2026-07-13 01:22:34.310557,1.900278925895691,-4.090977191925049,1356.4909934997559,732.2194576263428,1363.3697509765625,1067.6342248916626,40.5,27.5,1,1,0,0
1783876954381021700,2026-07-13 01:22:34.381022,2.091542959213257,-4.325179576873779,1324.4162559509277,691.3425922393799,1363.3697509765625,920.5994606018066,38.5,31.5,1,1,0,0
1783876954479275200,2026-07-13 01:22:34.479275,2.104832887649536,-4.034233093261719,1300.8222579956055,659.9227786064148,1356.4909934997559,859.3672513961792,37.0,34.0,1,1,0,0
1783876954579493000,2026-07-13 01:22:34.579493,2.3352038860321045,-4.1569108963012695,1390.4903411865234,646.2656855583191,1363.3697509765625,732.2194576263428,36.0,29.0,1,1,0,0
1783876954680564100,2026-07-13 01:22:34.680564,0.7152256369590759,-1.7959015369415283,958.9603424072266,400.58496594429016,1356.4909934997559,691.3425922393799,41.0,17.5,1,1,0,0
1783876954780576300,2026-07-13 01:22:34.780576,0.6076534390449524,-1.6282343864440918,857.6522827148438,308.5655868053436,1356.4909934997559,659.9227786064148,53.5,25.5,1,1,0,0
1783876954883082200,2026-07-13 01:22:34.883082,0.7147417664527893,-1.4615979194641113,907.7171325683594,295.2137589454651,1356.4909934997559,646.2656855583191,48.0,25.5,1,1,0,0
1783876954951849900,2026-07-13 01:22:34.951850,-0.31162843108177185,-1.4821043014526367,573.2908248901367,294.1555082798004,958.9603424072266,400.58496594429016,51.5,28.0,1,1,0,0
1783876955018716000,2026-07-13 01:22:35.018716,1.9399200677871704,-5.265600681304932,1666.4934158325195,815.4297471046448,1356.4909934997559,659.9227786064148,35.0,24.0,1,1,0,0
1783876955118352900,2026-07-13 01:22:35.118353,2.2995951175689697,-4.145053386688232,1614.369773864746,573.6671686172485,1356.4909934997559,573.6671686172485,39.5,30.5,1,1,0,0
1783876955217567800,2026-07-13 01:22:35.217568,2.3114469051361084,-4.175708770751953,1545.0844764709473,641.3359642028809,1356.4909934997559,573.6671686172485,35.0,31.0,1,1,0,0
1783876955290091600,2026-07-13 01:22:35.290092,2.1147263050079346,-4.505463123321533,1621.2862014770508,655.6046009063721,1545.0844764709473,655.6046009063721,34.0,24.0,1,1,0,0
1783876955383132000,2026-07-13 01:22:35.383132,2.46860671043396,-3.4021873474121094,1508.792495727539,562.1131658554077,1508.792495727539,573.6671686172485,31.5,28.0,1,1,0,0
1783876955449995600,2026-07-13 01:22:35.449996,2.618727445602417,-3.1647510528564453,1528.5585403442383,517.2127485275269,1528.5585403442383,573.6671686172485,37.0,22.5,1,1,0,0
1783876955519463200,2026-07-13 01:22:35.519463,2.6940672397613525,-4.25010871887207,1612.4313354492188,648.5896110534668,1545.0844764709473,648.5896110534668,37.5,24.0,1,1,0,0
1783876955617283900,2026-07-13 01:22:35.617284,2.3958518505096436,-3.2180473804473877,1511.07759475708,566.8821334838867,1511.07759475708,573.6671686172485,42.0,31.0,1,1,0,0
1783876955686440000,2026-07-13 01:22:35.686440,2.4411113262176514,-5.98079252243042,1819.5072174072266,836.4012837409973,1528.5585403442383,573.6671686172485,41.0,24.0,1,1,0,0
1783876955787130000,2026-07-13 01:22:35.787130,2.800410032272339,-4.089083194732666,1584.934902191162,624.7144937515259,1545.0844764709473,624.7144937515259,43.5,32.0,1,1,0,0
1783876955854283900,2026-07-13 01:22:35.854284,2.446082830429077,-3.297257900238037,1452.002239227295,591.1813378334045,1511.07759475708,591.1813378334045,43.5,31.5,1,1,0,0
1783876955953859500,2026-07-13 01:22:35.953860,2.8562633991241455,-3.5757064819335938,1564.6746635437012,515.3105854988098,1545.0844764709473,573.6671686172485,45.0,30.0,1,1,0,0
1783876956022577400,2026-07-13 01:22:36.022578,2.9286611080169678,-3.6212573051452637,1532.801628112793,526.030421257019,1545.0844764709473,591.1813378334045,44.0,27.5,1,1,0,0
1783876956093320400,2026-07-13 01:22:36.093320,2.3722457885742188,-3.944035053253174,1541.5092468261719,604.5669913291931,1541.5092468261719,591.1813378334045,41.0,27.0,1,1,0,0
1783876956188557000,2026-07-13 01:22:36.188557,1.9784002304077148,-3.60785174369812,1353.428840637207,605.0936579704285,1541.5092468261719,591.1813378334045,42.5,27.5,1,1,0,0
1783876956256027000,2026-07-13 01:22:36.256027,2.5988588333129883,-4.266218662261963,1627.998924255371,611.9063496589661,1545.0844764709473,591.1813378334045,42.0,24.5,1,1,0,0
1783876956326024000,2026-07-13 01:22:36.326024,2.3324787616729736,-4.09349250793457,1602.7027130126953,705.3848505020142,1541.5092468261719,604.5669913291931,32.5,33.0,1,1,0,0
1783876956393308400,2026-07-13 01:22:36.393308,1.1686404943466187,-9.897765159606934,1286.5933418273926,1915.4068231582642,1541.5092468261719,605.0936579704285,10.0,2.0,1,1,0,0
1783876956464881700,2026-07-13 01:22:36.464882,1.311288595199585,-8.095967292785645,1685.9941482543945,1660.125494003296,1545.0844764709473,611.9063496589661,4.0,2.5,1,1,0,0
1783876956593278400,2026-07-13 01:22:36.593278,1.5466400384902954,-6.296013355255127,1482.6733589172363,1268.0069208145142,1541.5092468261719,705.3848505020142,21.0,23.0,1,1,0,0
1783876956662324500,2026-07-13 01:22:36.662324,2.0394184589385986,-7.057444095611572,1672.9238510131836,1281.5585136413574,1541.5092468261719,1268.0069208145142,34.0,27.5,1,1,0,0
1783876956730813200,2026-07-13 01:22:36.730813,2.291208028793335,-6.2313642501831055,1634.024429321289,1064.59641456604,1545.0844764709473,1064.59641456604,37.0,25.5,1,1,0,0
1783876956832159000,2026-07-13 01:22:36.832159,2.421509265899658,-3.381007194519043,1411.337947845459,558.4315061569214,1541.5092468261719,705.3848505020142,45.0,27.5,1,1,0,0
1783876956927946300,2026-07-13 01:22:36.927946,2.5698459148406982,-3.0784912109375,1448.5102653503418,525.1307487487793,1541.5092468261719,1064.59641456604,44.0,28.5,1,1,0,0
1783876956996638000,2026-07-13 01:22:36.996638,2.3646202087402344,-2.7934203147888184,1407.4084281921387,493.6940670013428,1541.5092468261719,705.3848505020142,49.5,23.0,1,1,0,0
1783876957063390600,2026-07-13 01:22:37.063391,2.4952282905578613,-4.757352828979492,1460.9434127807617,654.9569964408875,1460.9434127807617,654.9569964408875,49.0,27.0,1,1,0,0
1783876957163264900,2026-07-13 01:22:37.163265,2.4435579776763916,-5.985442638397217,1604.7361373901367,794.4071888923645,1541.5092468261719,794.4071888923645,46.0,24.0,1,1,0,0
1783876957231425300,2026-07-13 01:22:37.231425,2.5270700454711914,-3.9508209228515625,1543.209171295166,614.29363489151,1541.5092468261719,654.9569964408875,42.5,27.0,1,1,0,0
1783876957300580100,2026-07-13 01:22:37.300580,2.438892126083374,-4.394018173217773,1587.282371520996,659.6709489822388,1541.5092468261719,654.9569964408875,43.5,27.0,1,1,0,0
1783876957401021300,2026-07-13 01:22:37.401021,2.3844311237335205,-4.173296928405762,1605.244255065918,647.1734642982483,1543.209171295166,654.9569964408875,46.5,18.0,1,1,0,0
1783876957499618500,2026-07-13 01:22:37.499619,2.5541419982910156,-3.423872947692871,1491.293716430664,557.4119687080383,1541.5092468261719,654.9569964408875,48.5,26.5,1,1,0,0
1783876957568210500,2026-07-13 01:22:37.568210,2.406984567642212,-4.148104190826416,1515.02103805542,595.5675840377808,1541.5092468261719,654.9569964408875,50.0,30.0,1,1,0,0
1783876957636649900,2026-07-13 01:22:37.636650,2.593827724456787,-3.447314500808716,1551.4555931091309,530.2379727363586,1543.209171295166,647.1734642982483,48.5,29.0,1,1,0,0
1783876957736179600,2026-07-13 01:22:37.736180,1.4348458051681519,-10.85947036743164,1402.8899192810059,1873.336672782898,1541.5092468261719,654.9569964408875,12.0,3.5,1,1,0,0
1783876957804155700,2026-07-13 01:22:37.804156,1.506101369857788,-9.403421401977539,1355.806827545166,1803.0439615249634,1541.5092468261719,654.9569964408875,6.5,8.0,1,1,0,0
1783876957907384700,2026-07-13 01:22:37.907385,1.4476231336593628,-7.910088539123535,1503.9615631103516,1513.8369798660278,1541.5092468261719,654.9569964408875,21.5,8.0,1,1,0,0
1783876958005044600,2026-07-13 01:22:38.005044,1.7959483861923218,-5.489527225494385,1492.7390098571777,1061.9076490402222,1503.9615631103516,1061.9076490402222,33.0,17.5,1,1,0,0
1783876958103339800,2026-07-13 01:22:38.103340,2.3795955181121826,-4.699110507965088,1454.3638229370117,723.1379747390747,1503.9615631103516,723.1379747390747,35.0,28.5,1,1,0,0
1783876958173412000,2026-07-13 01:22:38.173412,1.7303792238235474,-3.7038302421569824,1169.2169189453125,652.3750424385071,1503.9615631103516,654.9569964408875,31.5,23.5,1,1,0,0
1783876958274584300,2026-07-13 01:22:38.274584,2.261286973953247,-3.2186288833618164,1347.7323532104492,523.4876275062561,1492.7390098571777,723.1379747390747,33.0,25.0,1,1,0,0
1783876958376760300,2026-07-13 01:22:38.376760,2.485527276992798,-3.920236825942993,1456.171989440918,572.7975368499756,1456.171989440918,654.9569964408875,40.0,23.0,1,1,0,0
1783876958474093600,2026-07-13 01:22:38.474094,2.486392021179199,-3.4324684143066406,1409.181022644043,543.6683297157288,1456.171989440918,652.3750424385071,39.5,28.5,1,1,0,0
1783876958574178200,2026-07-13 01:22:38.574178,2.364168167114258,-6.617395877838135,2125.587272644043,1035.0041389465332,1492.7390098571777,723.1379747390747,35.0,28.5,1,1,0,0
1783876958642193500,2026-07-13 01:22:38.642193,2.3577864170074463,-6.742025375366211,1968.0255889892578,1156.527042388916,1456.171989440918,654.9569964408875,32.5,29.0,1,1,0,0
1783876958742237500,2026-07-13 01:22:38.742237,2.41573429107666,-6.4158830642700195,1902.463722229004,1106.389880180359,1492.7390098571777,723.1379747390747,31.5,23.5,1,1,0,0
1783876958841300300,2026-07-13 01:22:38.841300,2.4094550609588623,-6.91259241104126,2092.230224609375,1193.746566772461,1902.463722229004,1035.0041389465332,37.5,23.5,1,1,0,0
1783876958910210000,2026-07-13 01:22:38.910210,2.110849380493164,-7.480097770690918,2075.1977920532227,1286.7276668548584,1902.463722229004,1106.389880180359,36.0,23.0,1,1,0,0
1783876959007642200,2026-07-13 01:22:39.007642,2.306215286254883,-8.430811882019043,2289.0851974487305,1333.5224390029907,1902.463722229004,1106.389880180359,35.5,27.0,1,1,0,0
1783876959076577800,2026-07-13 01:22:39.076578,2.1188700199127197,-8.319754600524902,2398.4682083129883,1261.3061666488647,2075.1977920532227,1193.746566772461,34.0,23.0,1,1,0,0
1783876959144408000,2026-07-13 01:22:39.144408,2.2163870334625244,-8.458149909973145,2215.177345275879,1329.8704624176025,2075.1977920532227,1261.3061666488647,33.5,24.0,1,1,0,0
1783876959213074900,2026-07-13 01:22:39.213075,2.2114107608795166,-6.732264995574951,1781.9862365722656,1099.6652841567993,1902.463722229004,1106.389880180359,32.5,24.0,1,1,0,0
1783876959312945600,2026-07-13 01:22:39.312946,2.9262144565582275,-3.3502464294433594,1517.7226066589355,563.9811158180237,2075.1977920532227,1193.746566772461,32.5,24.5,1,1,0,0
1783876959380783000,2026-07-13 01:22:39.380783,2.3472952842712402,-3.5664217472076416,1437.4021530151367,649.5731472969055,1902.463722229004,1106.389880180359,35.5,29.5,1,1,0,0
1783876959451024900,2026-07-13 01:22:39.451025,2.3242077827453613,-4.255996227264404,1515.0762557983398,711.570143699646,1781.9862365722656,1099.6652841567993,43.0,29.0,1,1,0,0
1783876959519263600,2026-07-13 01:22:39.519264,2.5045528411865234,-4.2277607917785645,1549.2006301879883,665.3101444244385,1549.2006301879883,711.570143699646,44.5,23.5,1,1,0,0
1783876959586076500,2026-07-13 01:22:39.586076,2.6249663829803467,-4.538278102874756,1699.8138427734375,667.0068502426147,1699.8138427734375,711.570143699646,47.5,26.5,1,1,0,0
1783876959653675100,2026-07-13 01:22:39.653675,2.611006498336792,-3.561556339263916,1528.1906127929688,620.9730505943298,1549.2006301879883,711.570143699646,43.0,24.5,1,1,0,0
1783876959755484500,2026-07-13 01:22:39.755484,2.636453866958618,-4.272529125213623,1549.464988708496,697.4544525146484,1549.2006301879883,697.4544525146484,42.0,25.0,1,1,0,0
1783876959853600400,2026-07-13 01:22:39.853601,2.4439353942871094,-3.85274076461792,1487.3411178588867,605.3222417831421,1549.2006301879883,697.4544525146484,47.5,29.5,1,1,0,0
1783876959954366500,2026-07-13 01:22:39.954366,2.6719837188720703,-4.190485000610352,1529.1435241699219,604.8130989074707,1549.2006301879883,697.4544525146484,47.5,30.5,1,1,0,0
1783876960023763300,2026-07-13 01:22:40.023763,2.632258653640747,-3.6203973293304443,1555.730152130127,577.691376209259,1549.2006301879883,697.4544525146484,44.0,26.0,1,1,0,0
1783876960123128100,2026-07-13 01:22:40.123128,2.573946237564087,-3.552198886871338,1488.5510444641113,560.207724571228,1549.2006301879883,605.3222417831421,47.0,25.5,1,1,0,0
1783876960190261400,2026-07-13 01:22:40.190262,1.8716135025024414,-6.160267353057861,1740.8123016357422,1180.8828115463257,1549.2006301879883,697.4544525146484,31.5,24.0,1,1,0,0
1783876960256982000,2026-07-13 01:22:40.256982,1.272821307182312,-9.820454597473145,1316.7738914489746,1927.0116090774536,1549.2006301879883,697.4544525146484,2.5,2.5,1,1,0,0
1783876960358911600,2026-07-13 01:22:40.358912,0.90665203332901,-8.74577808380127,1415.334129333496,1816.3238763809204,1549.2006301879883,697.4544525146484,9.5,4.0,1,1,0,0
1783876960458896400,2026-07-13 01:22:40.458896,1.2813836336135864,-7.215566158294678,1486.7130279541016,1531.693458557129,1549.2006301879883,1180.8828115463257,27.5,8.0,1,1,0,0
1783876960528450600,2026-07-13 01:22:40.528450,1.610526204109192,-5.833767414093018,1417.1026229858398,1172.865629196167,1486.7130279541016,1172.865629196167,32.0,24.5,1,1,0,0
1783876960626044500,2026-07-13 01:22:40.626045,2.623788356781006,-6.840936183929443,1915.9648895263672,1036.4047288894653,1549.2006301879883,1036.4047288894653,42.0,16.0,1,1,0,0
1783876960693202100,2026-07-13 01:22:40.693202,2.9655258655548096,-5.712299823760986,1591.0505294799805,774.2465734481812,1549.2006301879883,1172.865629196167,42.0,22.5,1,1,0,0
1783876960794594200,2026-07-13 01:22:40.794594,2.7533490657806396,-4.926458358764648,1547.03369140625,686.9006156921387,1547.03369140625,1036.4047288894653,42.0,28.0,1,1,0,0
1783876960894018600,2026-07-13 01:22:40.894019,2.6755359172821045,-4.948404788970947,1637.495231628418,694.984495639801,1549.2006301879883,1036.4047288894653,36.5,24.5,1,1,0,0
1783876960963146300,2026-07-13 01:22:40.963146,2.71266770362854,-5.239989757537842,1554.5470237731934,657.6830744743347,1549.2006301879883,774.2465734481812,43.0,23.0,1,1,0,0
1783876961062198100,2026-07-13 01:22:41.062198,2.639878034591675,-3.535344123840332,1604.2423248291016,549.5982766151428,1549.2006301879883,694.984495639801,43.0,26.5,1,1,0,0
1783876961129312700,2026-07-13 01:22:41.129313,2.576368570327759,-4.77355432510376,1594.455623626709,623.0158805847168,1554.5470237731934,694.984495639801,42.0,27.5,1,1,0,0
1783876961200566700,2026-07-13 01:22:41.200567,2.4242918491363525,-5.888034820556641,1853.1352996826172,798.6947298049927,1554.5470237731934,774.2465734481812,43.0,27.5,1,1,0,0
1783876961298063800,2026-07-13 01:22:41.298064,2.4454705715179443,-5.901379108428955,1922.4565505981445,752.5652647018433,1594.455623626709,694.984495639801,41.5,26.5,1,1,0,0
1783876961397496200,2026-07-13 01:22:41.397496,2.1388237476348877,-7.013827323913574,2200.313949584961,818.8785910606384,1594.455623626709,752.5652647018433,40.5,26.0,1,1,0,0
1783876961465351100,2026-07-13 01:22:41.465351,2.2925660610198975,-7.071951866149902,2220.862579345703,813.9421343803406,1853.1352996826172,774.2465734481812,40.5,29.0,1,1,0,0
1783876961532977600,2026-07-13 01:22:41.532978,2.0870518684387207,-6.024372577667236,1962.4238967895508,761.1449360847473,1922.4565505981445,761.1449360847473,41.5,29.0,1,1,0,0
1783876961632046500,2026-07-13 01:22:41.632047,2.3016927242279053,-5.499225616455078,1809.9678039550781,693.3450102806091,1809.9678039550781,752.5652647018433,41.0,29.0,1,1,0,0
1783876961699777800,2026-07-13 01:22:41.699778,2.545914888381958,-4.955508708953857,1739.3848419189453,572.3586082458496,1853.1352996826172,761.1449360847473,41.0,29.0,1,1,0,0
1783876961767130600,2026-07-13 01:22:41.767131,2.405559778213501,-4.896327495574951,1744.7027206420898,535.7190370559692,1809.9678039550781,752.5652647018433,44.0,29.0,1,1,0,0
1783876961868736200,2026-07-13 01:22:41.868736,2.528508424758911,-4.192153453826904,1612.162208557129,591.3594961166382,1809.9678039550781,693.3450102806091,37.0,27.0,1,1,0,0
1783876961969999600,2026-07-13 01:22:41.970000,2.0181870460510254,-6.10607385635376,2105.8412551879883,666.9278144836426,1853.1352996826172,666.9278144836426,37.0,29.0,1,1,0,0
1783876962070544500,2026-07-13 01:22:42.070544,1.9865440130233765,-8.388649940490723,2722.6194381713867,997.9120492935181,1809.9678039550781,752.5652647018433,41.5,30.5,1,1,0,0
1783876962137234000,2026-07-13 01:22:42.137234,1.9716572761535645,-7.270720481872559,2401.289939880371,705.5654525756836,1853.1352996826172,693.3450102806091,41.5,24.0,1,1,0,0
1783876962236272300,2026-07-13 01:22:42.236272,2.097334384918213,-3.940619468688965,1440.580654144287,623.4755516052246,1853.1352996826172,666.9278144836426,41.0,20.5,1,1,0,0
1783876962306244700,2026-07-13 01:22:42.306245,1.9638608694076538,-4.435631275177002,1397.8397369384766,730.2805781364441,1809.9678039550781,730.2805781364441,41.0,20.5,1,1,0,0
1783876962404328200,2026-07-13 01:22:42.404328,2.0196805000305176,-4.315200328826904,1466.5475845336914,666.57555103302,1809.9678039550781,693.3450102806091,42.5,21.0,1,1,0,0
1783876962471376300,2026-07-13 01:22:42.471376,2.244290590286255,-5.870124816894531,1763.9446258544922,760.3287100791931,1763.9446258544922,693.3450102806091,43.0,21.0,1,1,0,0
1783876962569571300,2026-07-13 01:22:42.569571,2.5315611362457275,-5.6626691818237305,1820.8538055419922,768.5086727142334,1809.9678039550781,730.2805781364441,43.0,24.5,1,1,0,0
1783876962639118600,2026-07-13 01:22:42.639119,2.5213866233825684,-3.6781930923461914,1519.5961952209473,596.560537815094,1763.9446258544922,693.3450102806091,43.0,30.0,1,1,0,0
1783876962738672800,2026-07-13 01:22:42.738673,2.329009771347046,-4.11885929107666,1583.0694198608398,629.6043395996094,1763.9446258544922,693.3450102806091,44.0,18.0,1,1,0,0
1783876962805861900,2026-07-13 01:22:42.805862,2.3856804370880127,-3.178046703338623,1493.5165405273438,539.0059351921082,1763.9446258544922,693.3450102806091,43.5,18.5,1,1,0,0
1783876962875684000,2026-07-13 01:22:42.875684,2.558995485305786,-3.7894279956817627,1524.8893737792969,610.8253002166748,1583.0694198608398,629.6043395996094,44.0,26.0,1,1,0,0
1783876962974083300,2026-07-13 01:22:42.974083,2.495537519454956,-7.620068550109863,2097.7067947387695,1095.7690477371216,1763.9446258544922,693.3450102806091,45.5,26.5,1,1,0,0
1783876963044408100,2026-07-13 01:22:43.044408,2.083838701248169,-5.538951396942139,1667.3154830932617,1031.0603380203247,1667.3154830932617,693.3450102806091,37.0,25.0,1,1,0,0
1783876963140976500,2026-07-13 01:22:43.140976,1.8487859964370728,-7.973667621612549,1906.1796188354492,1410.3285074234009,1667.3154830932617,693.3450102806091,38.5,21.0,1,1,0,0
1783876963208845800,2026-07-13 01:22:43.208846,1.8036344051361084,-6.991359710693359,1815.1220321655273,1321.4640617370605,1763.9446258544922,1031.0603380203247,30.5,25.5,1,1,0,0
1783876963275780000,2026-07-13 01:22:43.275780,1.8790942430496216,-8.47248363494873,2002.1169662475586,1562.4024868011475,1763.9446258544922,1031.0603380203247,30.5,26.5,1,1,0,0
1783876963346851500,2026-07-13 01:22:43.346852,1.8515325784683228,-8.438271522521973,1876.5975952148438,1567.7834749221802,1815.1220321655273,1321.4640617370605,32.5,21.0,1,1,0,0
1783876963447781000,2026-07-13 01:22:43.447781,2.0357251167297363,-7.732226848602295,2120.482635498047,1342.307686805725,1815.1220321655273,1321.4640617370605,35.0,23.0,1,1,0,0
1783876963548079900,2026-07-13 01:22:43.548080,2.117033004760742,-4.703192234039307,1432.1033477783203,844.2724943161011,1763.9446258544922,1031.0603380203247,42.0,24.0,1,1,0,0
1783876963615143700,2026-07-13 01:22:43.615144,2.481480836868286,-7.971680164337158,1969.1034317016602,1222.303867340088,1815.1220321655273,1321.4640617370605,32.5,24.5,1,1,0,0
1783876963683005200,2026-07-13 01:22:43.683005,2.5249249935150146,-7.503024101257324,1810.2493286132812,1133.1454515457153,1815.1220321655273,1222.303867340088,34.0,31.0,1,1,0,0
1783876963783059900,2026-07-13 01:22:43.783060,2.123399257659912,-8.349454879760742,2212.605667114258,1355.4418087005615,1815.1220321655273,1222.303867340088,30.5,24.0,1,1,0,0
1783876963850825200,2026-07-13 01:22:43.850825,2.190748453140259,-8.602249145507812,2140.3003692626953,1411.090612411499,1815.1220321655273,1321.4640617370605,36.5,22.5,1,1,0,0
1783876963918158900,2026-07-13 01:22:43.918159,2.0935566425323486,-9.45373249053955,2484.718132019043,1525.1127481460571,1815.1220321655273,1321.4640617370605,33.0,26.5,1,1,0,0
1783876964017774400,2026-07-13 01:22:44.017774,2.203751802444458,-8.782635688781738,2073.6331939697266,1484.5606088638306,2073.6331939697266,1355.4418087005615,33.0,20.5,1,1,0,0
1783876964086423000,2026-07-13 01:22:44.086423,2.043397903442383,-6.275135517120361,1690.780258178711,1199.0089416503906,1815.1220321655273,1321.4640617370605,37.0,21.5,1,1,0,0
1783876964153173900,2026-07-13 01:22:44.153174,2.4434025287628174,-7.203820705413818,1780.8507919311523,1125.1822710037231,1815.1220321655273,1321.4640617370605,41.0,22.5,1,1,0,0
1783876964226751100,2026-07-13 01:22:44.226751,2.1950128078460693,-6.20306921005249,1524.1780281066895,950.9126543998718,1815.1220321655273,1321.4640617370605,43.0,24.5,1,1,0,0
1783876964326160500,2026-07-13 01:22:44.326160,1.8250008821487427,-5.664022922515869,1347.7776527404785,958.6181640625,1780.8507919311523,1199.0089416503906,44.5,18.5,1,1,0,0
1783876964424675200,2026-07-13 01:22:44.424675,2.5866963863372803,-5.311875820159912,1569.5343017578125,759.6030831336975,1780.8507919311523,1125.1822710037231,37.5,21.5,1,1,0,0
1783876964493163400,2026-07-13 01:22:44.493164,2.2541956901550293,-6.031070232391357,1748.1559753417969,862.3695373535156,1748.1559753417969,958.6181640625,35.5,21.5,1,1,0,0
1783876964563036800,2026-07-13 01:22:44.563037,2.532287120819092,-5.572640895843506,1616.599464416504,787.3398065567017,1748.1559753417969,958.6181640625,43.0,23.0,1,1,0,0
1783876964662182000,2026-07-13 01:22:44.662182,2.4790611267089844,-5.435866355895996,1634.5697402954102,765.6904458999634,1748.1559753417969,862.3695373535156,36.5,18.5,1,1,0,0
1783876964729442200,2026-07-13 01:22:44.729442,2.308283567428589,-6.0540618896484375,1752.3948669433594,851.709246635437,1748.1559753417969,862.3695373535156,41.0,23.5,1,1,0,0
1783876964797655000,2026-07-13 01:22:44.797655,2.509445905685425,-6.037297248840332,1667.0146942138672,819.1410303115845,1748.1559753417969,851.709246635437,43.0,27.5,1,1,0,0
1783876964864463600,2026-07-13 01:22:44.864464,2.4940168857574463,-5.786863327026367,1597.7749824523926,785.3308916091919,1748.1559753417969,851.709246635437,42.0,24.0,1,1,0,0
1783876964934846000,2026-07-13 01:22:44.934846,2.5664470195770264,-6.226706027984619,1580.1288604736328,861.465334892273,1748.1559753417969,861.465334892273,42.5,23.0,1,1,0,0
1783876965031404300,2026-07-13 01:22:45.031404,2.5686492919921875,-4.289016246795654,1520.7329750061035,656.5380692481995,1667.0146942138672,851.709246635437,44.0,26.0,1,1,0,0
1783876965098352500,2026-07-13 01:22:45.098352,2.419077157974243,-5.230478286743164,1502.1832466125488,728.3875942230225,1597.7749824523926,851.709246635437,41.5,23.5,1,1,0,0
1783876965169338200,2026-07-13 01:22:45.169338,2.598146915435791,-4.406225681304932,1592.4903869628906,687.335729598999,1592.4903869628906,851.709246635437,42.5,23.0,1,1,0,0
1783876965269546800,2026-07-13 01:22:45.269547,2.6286909580230713,-5.123437404632568,1687.3971939086914,711.9390368461609,1667.0146942138672,728.3875942230225,42.5,23.0,1,1,0,0
1783876965369237500,2026-07-13 01:22:45.369237,2.61759090423584,-6.534938812255859,1921.6358184814453,829.5944929122925,1597.7749824523926,829.5944929122925,41.5,26.0,1,1,0,0
1783876965469091700,2026-07-13 01:22:45.469092,2.5692098140716553,-4.336920261383057,1557.1473121643066,632.6839923858643,1592.4903869628906,728.3875942230225,43.5,26.5,1,1,0,0
1783876965574673800,2026-07-13 01:22:45.574674,2.3323071002960205,-6.3734564781188965,1694.2842483520508,912.6595258712769,1667.0146942138672,728.3875942230225,41.0,33.0,1,1,0,0
1783876965669568800,2026-07-13 01:22:45.669569,2.6816940307617188,-5.086891174316406,1666.8291091918945,741.8354749679565,1666.8291091918945,741.8354749679565,40.5,35.5,1,1,0,0
1783876965739731200,2026-07-13 01:22:45.739731,2.4883852005004883,-4.341324329376221,1512.5786781311035,660.4143977165222,1592.4903869628906,728.3875942230225,40.5,29.0,1,1,0,0
1783876965840153900,2026-07-13 01:22:45.840154,2.3715391159057617,-4.987548828125,1587.43896484375,769.4934010505676,1666.8291091918945,741.8354749679565,41.0,22.5,1,1,0,0
1783876965938580000,2026-07-13 01:22:45.938580,2.2661781311035156,-3.954291820526123,1482.5778007507324,702.9885649681091,1592.4903869628906,741.8354749679565,38.0,24.0,1,1,0,0
1783876966005648300,2026-07-13 01:22:46.005648,2.2354066371917725,-5.116340637207031,1600.2262115478516,888.9710903167725,1592.4903869628906,741.8354749679565,39.0,26.5,1,1,0,0
1783876966104126000,2026-07-13 01:22:46.104126,2.4262571334838867,-4.717946529388428,1553.164291381836,750.5878210067749,1592.4903869628906,741.8354749679565,40.5,25.5,1,1,0,0
1783876966171037100,2026-07-13 01:22:46.171037,2.430396795272827,-5.292535305023193,1718.593978881836,834.7663283348083,1592.4903869628906,741.8354749679565,37.5,31.0,1,1,0,0
1783876966270337000,2026-07-13 01:22:46.270337,2.198807954788208,-6.873602390289307,2321.160316467285,929.2495250701904,1592.4903869628906,750.5878210067749,41.5,42.0,1,1,0,0
1783876966338292600,2026-07-13 01:22:46.338293,2.4282753467559814,-7.127615451812744,2085.341453552246,905.7275652885437,1592.4903869628906,750.5878210067749,37.5,37.5,1,1,0,0
1783876966408589000,2026-07-13 01:22:46.408589,2.3648812770843506,-6.013144016265869,1860.7458114624023,797.1699833869934,1718.593978881836,797.1699833869934,40.0,30.5,1,1,0,0
1783876966505509300,2026-07-13 01:22:46.505509,2.901515007019043,-4.735072612762451,1681.452751159668,632.4692964553833,1681.452751159668,750.5878210067749,34.5,30.5,1,1,0,0
1783876966572938600,2026-07-13 01:22:46.572938,2.801593065261841,-4.846934795379639,1737.076759338379,681.1063885688782,1718.593978881836,750.5878210067749,44.0,35.5,1,1,0,0
1783876966643064200,2026-07-13 01:22:46.643064,2.576939821243286,-4.836232662200928,1526.3503074645996,739.9694919586182,1718.593978881836,750.5878210067749,47.0,31.5,1,1,0,0
1783876966743842000,2026-07-13 01:22:46.743842,2.501467704772949,-4.992857456207275,1490.9926414489746,753.2917261123657,1681.452751159668,750.5878210067749,38.0,29.0,1,1,0,0
1783876966813092700,2026-07-13 01:22:46.813093,2.566906213760376,-5.041430950164795,1502.3439407348633,748.7238645553589,1681.452751159668,750.5878210067749,43.0,35.5,1,1,0,0
1783876966908233300,2026-07-13 01:22:46.908233,2.5043818950653076,-4.300192832946777,1446.8439102172852,657.9038500785828,1526.3503074645996,750.5878210067749,45.5,35.0,1,1,0,0
1783876966976029300,2026-07-13 01:22:46.976029,2.547926664352417,-4.584087371826172,1469.0763473510742,677.8739094734192,1502.3439407348633,750.5878210067749,37.0,36.0,1,1,0,0
1783876967076146100,2026-07-13 01:22:47.076146,2.699509859085083,-4.226198673248291,1643.5420989990234,652.9103517532349,1643.5420989990234,748.7238645553589,48.0,35.0,1,1,0,0
1783876967144827900,2026-07-13 01:22:47.144828,2.7508046627044678,-4.169457912445068,1647.3039627075195,634.1984868049622,1526.3503074645996,677.8739094734192,46.0,37.0,1,1,0,0
1783876967246236000,2026-07-13 01:22:47.246236,2.7794673442840576,-3.994271993637085,1666.023826599121,607.2306632995605,1643.5420989990234,677.8739094734192,46.0,29.5,1,1,0,0
1783876967314288900,2026-07-13 01:22:47.314289,2.9018032550811768,-4.994295597076416,1687.455940246582,651.0522365570068,1643.5420989990234,652.9103517532349,40.5,29.5,1,1,0,0
1783876967413217500,2026-07-13 01:22:47.413218,2.377092123031616,-3.9351181983947754,1432.1996688842773,599.7991561889648,1526.3503074645996,651.0522365570068,41.5,24.0,1,1,0,0
1783876967481179400,2026-07-13 01:22:47.481179,2.676894426345825,-6.278560161590576,1598.140811920166,836.3125920295715,1643.5420989990234,677.8739094734192,41.5,29.0,1,1,0,0
1783876967548259700,2026-07-13 01:22:47.548259,2.664029598236084,-6.107231616973877,1842.3332214355469,841.9293761253357,1643.5420989990234,652.9103517532349,43.0,34.0,1,1,0,0
1783876967648727900,2026-07-13 01:22:47.648728,2.6871302127838135,-4.728939533233643,1710.1219177246094,684.5373511314392,1643.5420989990234,677.8739094734192,41.5,30.0,1,1,0,0
1783876967747327300,2026-07-13 01:22:47.747327,2.4850151538848877,-6.5024495124816895,2011.0055923461914,950.3498077392578,1643.5420989990234,684.5373511314392,38.0,36.5,1,1,0,0
1783876967817156200,2026-07-13 01:22:47.817156,2.518263578414917,-6.327517986297607,1921.6386795043945,928.8089871406555,1710.1219177246094,684.5373511314392,39.5,29.0,1,1,0,0
1783876967884712600,2026-07-13 01:22:47.884713,2.4376161098480225,-6.60059118270874,2105.203628540039,972.6943969726562,1710.1219177246094,684.5373511314392,44.0,32.0,1,1,0,0
1783876967986078600,2026-07-13 01:22:47.986079,2.4598608016967773,-5.343348026275635,1617.727279663086,859.2275381088257,1643.5420989990234,859.2275381088257,42.5,27.5,1,1,0,0
1783876968083769700,2026-07-13 01:22:48.083770,2.2819135189056396,-5.774133682250977,1705.924415588379,880.9828758239746,1710.1219177246094,859.2275381088257,37.0,29.0,1,1,0,0
1783876968152219500,2026-07-13 01:22:48.152219,2.500540018081665,-4.996609210968018,1538.2022857666016,780.460000038147,1705.924415588379,780.460000038147,39.5,26.0,1,1,0,0
1783876968219232000,2026-07-13 01:22:48.219232,2.1977717876434326,-5.712710857391357,1600.7043838500977,915.4400825500488,1643.5420989990234,859.2275381088257,41.5,30.5,1,1,0,0
1783876968320419000,2026-07-13 01:22:48.320419,2.3741488456726074,-4.760066032409668,1495.2593803405762,715.1225209236145,1643.5420989990234,859.2275381088257,43.5,29.0,1,1,0,0
1783876968387492200,2026-07-13 01:22:48.387492,2.3534393310546875,-5.115036487579346,1591.2741661071777,760.0551247596741,1600.7043838500977,780.460000038147,40.0,28.5,1,1,0,0
1783876968487241500,2026-07-13 01:22:48.487242,2.4778671264648438,-7.270314693450928,1638.0178451538086,1051.6793727874756,1638.0178451538086,859.2275381088257,41.0,24.5,1,1,0,0
1783876968554047700,2026-07-13 01:22:48.554048,0.8051126003265381,-5.36155366897583,931.3130378723145,909.3283414840698,1600.7043838500977,859.2275381088257,49.5,18.5,1,1,0,0
1783876968622747600,2026-07-13 01:22:48.622748,0.5231016874313354,-2.8324131965637207,753.7355899810791,536.7139577865601,1600.7043838500977,780.460000038147,49.0,23.5,1,1,0,0
1783876968690892300,2026-07-13 01:22:48.690892,0.44296371936798096,-3.926363706588745,793.3602333068848,667.3815846443176,1600.7043838500977,859.2275381088257,45.5,27.5,1,1,0,0
1783876968790590900,2026-07-13 01:22:48.790591,0.7463091015815735,-3.2229089736938477,878.4820556640625,529.6948552131653,931.3130378723145,780.460000038147,49.5,26.0,1,1,0,0
1783876968889455800,2026-07-13 01:22:48.889456,2.065206289291382,-4.68248987197876,1344.5032119750977,611.9583249092102,1344.5032119750977,667.3815846443176,44.0,31.5,1,1,0,0
1783876968957400700,2026-07-13 01:22:48.957401,2.38227915763855,-4.313089847564697,1560.5199813842773,499.9984800815582,1560.5199813842773,667.3815846443176,50.5,24.5,1,1,0,0
1783876969025923500,2026-07-13 01:22:49.025923,2.4265077114105225,-4.810030460357666,1617.892074584961,702.3831009864807,1344.5032119750977,702.3831009864807,45.5,30.0,1,1,0,0
1783876969094455300,2026-07-13 01:22:49.094455,2.4426393508911133,-3.495692253112793,1461.9453430175781,547.2028255462646,1461.9453430175781,667.3815846443176,44.0,31.5,1,1,0,0
1783876969193690600,2026-07-13 01:22:49.193691,2.226222038269043,-3.699157238006592,1434.8146438598633,591.2706851959229,1461.9453430175781,667.3815846443176,51.5,29.0,1,1,0,0
1783876969260364300,2026-07-13 01:22:49.260364,2.291085958480835,-4.126033306121826,1529.6910285949707,580.4211497306824,1461.9453430175781,667.3815846443176,49.5,31.5,1,1,0,0
1783876969329222200,2026-07-13 01:22:49.329222,2.4010086059570312,-4.080968379974365,1521.67387008667,611.3495826721191,1461.9453430175781,611.3495826721191,51.5,21.5,1,1,0,0
1783876969428679400,2026-07-13 01:22:49.428679,2.145695686340332,-6.9752583503723145,1750.7810592651367,1191.1332607269287,1461.9453430175781,667.3815846443176,41.0,29.0,1,1,0,0
1783876969497145500,2026-07-13 01:22:49.497146,1.189936876296997,-8.09799861907959,1258.1509590148926,1574.2363929748535,1461.9453430175781,667.3815846443176,31.5,15.5,1,1,0,0
1783876969595756900,2026-07-13 01:22:49.595757,1.6244405508041382,-6.983861446380615,1443.2001113891602,1394.3238258361816,1461.9453430175781,667.3815846443176,36.0,16.0,1,1,0,0
1783876969696115400,2026-07-13 01:22:49.696115,1.4125642776489258,-7.776111602783203,1173.7642288208008,1435.6673955917358,1461.9453430175781,1191.1332607269287,33.5,8.5,1,1,0,0
1783876969795144000,2026-07-13 01:22:49.795144,1.5088837146759033,-7.377139568328857,1044.8619842529297,1346.9945192337036,1443.2001113891602,1346.9945192337036,41.5,14.5,1,1,0,0
1783876969863765900,2026-07-13 01:22:49.863766,1.7840739488601685,-7.648290157318115,1343.696403503418,1406.693935394287,1443.2001113891602,1346.9945192337036,36.0,13.0,1,1,0,0
1783876969931330200,2026-07-13 01:22:49.931330,1.5967326164245605,-9.284124374389648,1435.7891082763672,1649.7801542282104,1435.7891082763672,1346.9945192337036,41.0,11.0,1,1,0,0
1783876969999161700,2026-07-13 01:22:49.999161,2.197103977203369,-10.620278358459473,1527.2055625915527,1675.726294517517,1443.2001113891602,1346.9945192337036,35.5,9.5,1,1,0,0
1783876970067029700,2026-07-13 01:22:50.067030,2.310368776321411,-9.144270896911621,1610.3260040283203,1524.092197418213,1443.2001113891602,1406.693935394287,35.5,12.5,1,1,0,0
1783876970134201000,2026-07-13 01:22:50.134201,1.0396288633346558,-8.304036140441895,1043.436336517334,1636.626124382019,1435.7891082763672,1524.092197418213,33.5,16.5,1,1,0,0
1783876970235842900,2026-07-13 01:22:50.235843,0.7263510823249817,-8.643569946289062,835.7990264892578,1664.9978160858154,1443.2001113891602,1524.092197418213,28.5,12.0,1,1,0,0
1783876970303325600,2026-07-13 01:22:50.303326,1.6055996417999268,-8.415520668029785,1279.1807174682617,1464.7775888442993,1435.7891082763672,1464.7775888442993,28.5,19.0,1,1,0,0
1783876970403039400,2026-07-13 01:22:50.403039,1.7707898616790771,-8.63148021697998,1576.539707183838,1549.3693351745605,1435.7891082763672,1524.092197418213,32.5,18.5,1,1,0,0
1783876970470829500,2026-07-13 01:22:50.470829,1.8556773662567139,-9.954509735107422,1820.4830169677734,1659.2191457748413,1443.2001113891602,1524.092197418213,30.5,20.0,1,1,0,0
1783876970539938600,2026-07-13 01:22:50.539938,1.7070726156234741,-9.256834983825684,1721.023941040039,1652.9620885849,1443.2001113891602,1524.092197418213,33.5,26.5,1,1,0,0
1783876970608338800,2026-07-13 01:22:50.608339,1.9066544771194458,-9.933627128601074,1951.5312194824219,1708.0549001693726,1576.539707183838,1549.3693351745605,36.0,24.5,1,1,0,0
1783876970704964400,2026-07-13 01:22:50.704964,1.8631818294525146,-9.153762817382812,2205.56697845459,1580.18159866333,1721.023941040039,1580.18159866333,40.0,28.0,1,1,0,0
1783876970772200700,2026-07-13 01:22:50.772201,2.0673201084136963,-9.46158504486084,2281.7094802856445,1507.8800916671753,1721.023941040039,1524.092197418213,35.5,25.5,1,1,0,0
1783876970842001400,2026-07-13 01:22:50.842001,1.8880170583724976,-8.509774208068848,2025.3118515014648,1507.4694156646729,1951.5312194824219,1549.3693351745605,31.0,27.0,1,1,0,0
1783876970942478900,2026-07-13 01:22:50.942479,2.210785388946533,-9.008463859558105,2253.473663330078,1440.4100179672241,2025.3118515014648,1524.092197418213,31.5,26.5,1,1,0,0
1783876971040209400,2026-07-13 01:22:51.040209,2.1550426483154297,-8.879766464233398,2099.7894287109375,1506.388783454895,2025.3118515014648,1507.8800916671753,31.5,14.5,1,1,0,0
1783876971109284100,2026-07-13 01:22:51.109284,1.4742368459701538,-7.1818389892578125,1472.651767730713,1454.4858932495117,1951.5312194824219,1507.4694156646729,32.0,10.5,1,1,0,0
1783876971206005200,2026-07-13 01:22:51.206005,1.9572821855545044,-9.659093856811523,1832.234764099121,1673.2521057128906,2025.3118515014648,1524.092197418213,25.5,12.5,1,1,0,0
1783876971277520500,2026-07-13 01:22:51.277520,1.4216961860656738,-9.07997989654541,1429.7657012939453,1683.7737560272217,1951.5312194824219,1507.8800916671753,27.0,17.0,1,1,0,0
1783876971374322000,2026-07-13 01:22:51.374322,2.2060673236846924,-7.584326267242432,1921.5742111206055,1210.388422012329,1921.5742111206055,1507.4694156646729,25.5,18.5,1,1,0,0
1783876971441576000,2026-07-13 01:22:51.441576,1.9423781633377075,-7.180060386657715,1628.6048889160156,1314.984917640686,1921.5742111206055,1507.8800916671753,38.0,23.0,1,1,0,0
1783876971510820200,2026-07-13 01:22:51.510820,1.6829915046691895,-11.244499206542969,1640.3324127197266,1841.718316078186,1921.5742111206055,1507.8800916671753,13.0,8.5,1,1,0,0
1783876971577523500,2026-07-13 01:22:51.577523,1.2237671613693237,-11.944747924804688,1077.0819664001465,1953.998327255249,1921.5742111206055,1507.8800916671753,5.5,6.0,1,1,0,0
1783876971648814600,2026-07-13 01:22:51.648815,1.4390716552734375,-12.291050910949707,1112.7498626708984,1928.2375574111938,1640.3324127197266,1507.8800916671753,6.5,2.0,1,1,0,0
1783876971746004400,2026-07-13 01:22:51.746005,1.2187737226486206,-11.640240669250488,1118.9931869506836,1883.7710618972778,1640.3324127197266,1841.718316078186,9.5,7.0,1,1,0,0
1783876971816940600,2026-07-13 01:22:51.816941,1.4147560596466064,-11.178884506225586,1267.273235321045,1842.7354097366333,1267.273235321045,1842.7354097366333,15.5,7.0,1,1,0,0
1783876971915444700,2026-07-13 01:22:51.915445,1.3081527948379517,-7.964165687561035,1945.9796905517578,1512.452244758606,1640.3324127197266,1512.452244758606,43.0,18.0,1,1,0,0
1783876971986165600,2026-07-13 01:22:51.986166,1.6445139646530151,-7.1325764656066895,1753.3716201782227,1218.8239097595215,1640.3324127197266,1841.718316078186,40.0,24.0,1,1,0,0
1783876972082216900,2026-07-13 01:22:52.082217,2.1761512756347656,-6.159701347351074,1845.1654434204102,838.5078310966492,1640.3324127197266,1512.452244758606,38.5,32.5,1,1,0,0
1783876972153593600,2026-07-13 01:22:52.153594,2.3150441646575928,-6.5686469078063965,2085.7696533203125,798.2209324836731,1753.3716201782227,1512.452244758606,37.5,31.0,1,1,0,0
1783876972250648700,2026-07-13 01:22:52.250648,2.2779715061187744,-5.513059139251709,1762.183952331543,798.8438010215759,1753.3716201782227,1218.8239097595215,38.0,34.0,1,1,0,0
1783876972317400800,2026-07-13 01:22:52.317401,2.165123701095581,-5.346668720245361,1706.209945678711,784.6840620040894,1706.209945678711,838.5078310966492,50.5,39.0,1,1,0,0
1783876972387026800,2026-07-13 01:22:52.387027,1.3551299571990967,-8.115911483764648,2679.770851135254,884.1484189033508,1753.3716201782227,884.1484189033508,50.5,32.0,1,1,0,0
1783876972455969800,2026-07-13 01:22:52.455970,1.419140338897705,-8.094334602355957,2631.73770904541,974.4329452514648,1753.3716201782227,974.4329452514648,48.5,28.0,1,1,0,0
1783876972552344300,2026-07-13 01:22:52.552344,1.5996781587600708,-7.979753017425537,2742.9746627807617,607.5344681739807,1753.3716201782227,838.5078310966492,48.5,36.5,1,1,0,0
1783876972621459500,2026-07-13 01:22:52.621459,1.6416791677474976,-7.634834289550781,2492.877197265625,628.8506984710693,2492.877197265625,884.1484189033508,42.0,33.0,1,1,0,0
1783876972689357600,2026-07-13 01:22:52.689358,2.446293354034424,-5.83117151260376,1949.860954284668,516.8501138687134,1949.860954284668,838.5078310966492,43.0,33.0,1,1,0,0
1783876972788340500,2026-07-13 01:22:52.788341,2.263505220413208,-5.879082202911377,1838.778305053711,676.0672926902771,1838.778305053711,676.0672926902771,48.0,34.5,1,1,0,0
1783876972890023700,2026-07-13 01:22:52.890024,1.9573594331741333,-5.204510688781738,1593.3738708496094,751.0459423065186,1949.860954284668,751.0459423065186,39.5,33.5,1,1,0,0
1783876972988791800,2026-07-13 01:22:52.988792,1.617456078529358,-12.6911039352417,1069.8057174682617,1945.3951120376587,1838.778305053711,838.5078310966492,11.0,3.5,1,1,0,0
1783876973088624400,2026-07-13 01:22:53.088624,1.5924867391586304,-10.872810363769531,1710.0797653198242,1763.8416290283203,1838.778305053711,751.0459423065186,13.5,6.5,1,1,0,0
1783876973155763400,2026-07-13 01:22:53.155763,1.625218391418457,-9.029048919677734,1874.715805053711,1683.977484703064,1874.715805053711,838.5078310966492,34.0,14.0,1,1,0,0
1783876973225669600,2026-07-13 01:22:53.225670,1.6525168418884277,-8.61279296875,2127.357292175293,1523.2170820236206,1838.778305053711,1523.2170820236206,42.5,26.5,1,1,0,0
1783876973294583100,2026-07-13 01:22:53.294583,1.7411588430404663,-8.105795860290527,2126.041793823242,1406.964659690857,1874.715805053711,1406.964659690857,49.0,27.5,1,1,0,0
1783876973392314800,2026-07-13 01:22:53.392315,2.251605272293091,-8.08026123046875,2167.7526473999023,1139.2717361450195,1874.715805053711,1139.2717361450195,46.0,31.0,1,1,0,0
1783876973491627100,2026-07-13 01:22:53.491627,1.9970908164978027,-9.21888256072998,2474.880599975586,1398.6644744873047,2126.041793823242,1406.964659690857,46.5,30.5,1,1,0,0
1783876973559016100,2026-07-13 01:22:53.559016,1.7145888805389404,-10.001189231872559,2355.892562866211,1568.7090158462524,2126.041793823242,1406.964659690857,48.0,34.0,1,1,0,0
1783876973627670800,2026-07-13 01:22:53.627671,1.7173575162887573,-9.37243366241455,2414.185905456543,1451.4200687408447,2167.7526473999023,1406.964659690857,47.5,33.5,1,1,0,0
1783876973694396300,2026-07-13 01:22:53.694396,1.8343186378479004,-9.545727729797363,2360.5518341064453,1467.8220748901367,2355.892562866211,1406.964659690857,47.0,34.5,1,1,0,0
1783876973767289300,2026-07-13 01:22:53.767289,1.8729435205459595,-10.143523216247559,2520.0057983398438,1495.042324066162,2355.892562866211,1451.4200687408447,50.5,27.0,1,1,0,0
1783876973863024000,2026-07-13 01:22:53.863024,1.4538325071334839,-9.71876335144043,2601.045608520508,1549.7530698776245,2360.5518341064453,1451.4200687408447,48.0,26.5,1,1,0,0
1783876973963556200,2026-07-13 01:22:53.963556,1.6707149744033813,-10.031018257141113,2258.6105346679688,1783.9641571044922,2355.892562866211,1467.8220748901367,40.0,22.5,1,1,0,0
1783876974064370900,2026-07-13 01:22:54.064371,1.4652663469314575,-9.581862449645996,1525.6762504577637,1898.11110496521,2355.892562866211,1495.042324066162,34.0,8.5,1,1,0,0
1783876974166060600,2026-07-13 01:22:54.166060,1.686184287071228,-10.737078666687012,2086.0090255737305,1721.477746963501,2355.892562866211,1549.7530698776245,35.0,8.0,1,1,0,0
1783876974265729100,2026-07-13 01:22:54.265729,1.4339933395385742,-9.439163208007812,1391.3354873657227,1776.5562534332275,2258.6105346679688,1721.477746963501,29.5,16.0,1,1,0,0
1783876974364690300,2026-07-13 01:22:54.364690,1.5864291191101074,-10.630887031555176,1546.330451965332,1802.0919561386108,2086.0090255737305,1721.477746963501,26.0,21.0,1,1,0,0
1783876974433295400,2026-07-13 01:22:54.433295,1.2720589637756348,-10.150778770446777,1105.235195159912,1882.0987939834595,2086.0090255737305,1721.477746963501,33.0,17.0,1,1,0,0
1783876974500300600,2026-07-13 01:22:54.500301,1.2944549322128296,-9.515226364135742,1291.065502166748,1847.684621810913,1546.330451965332,1776.5562534332275,33.5,20.5,1,1,0,0
1783876974568002900,2026-07-13 01:22:54.568003,1.2350571155548096,-8.892666816711426,1346.5832710266113,1783.3853960037231,1546.330451965332,1783.3853960037231,36.0,20.0,1,1,0,0
1783876974636105700,2026-07-13 01:22:54.636106,1.3874050378799438,-10.396485328674316,1242.2069549560547,1791.2652492523193,1346.5832710266113,1783.3853960037231,39.5,20.5,1,1,0,0
1783876974703123100,2026-07-13 01:22:54.703123,1.3495415449142456,-10.775652885437012,1105.759620666504,1733.3073616027832,1346.5832710266113,1776.5562534332275,38.5,18.5,1,1,0,0
1783876974770320300,2026-07-13 01:22:54.770320,2.051396131515503,-10.100162506103516,1446.7994689941406,1546.802282333374,1446.7994689941406,1783.3853960037231,41.0,8.5,1,1,0,0
1783876974870409700,2026-07-13 01:22:54.870410,2.0032522678375244,-9.688907623291016,1618.5861587524414,1557.4328899383545,1346.5832710266113,1776.5562534332275,41.0,7.0,1,1,0,0
1783876974937433400,2026-07-13 01:22:54.937433,1.6454894542694092,-9.120759010314941,1679.6817779541016,1643.9999341964722,1446.7994689941406,1733.3073616027832,33.0,11.5,1,1,0,0
1783876975009222600,2026-07-13 01:22:55.009223,1.7058883905410767,-8.962721824645996,1777.2884368896484,1620.9636926651,1446.7994689941406,1643.9999341964722,35.5,22.0,1,1,0,0
1783876975106474600,2026-07-13 01:22:55.106474,1.7666476964950562,-8.741386413574219,1987.9634857177734,1605.0323247909546,1618.5861587524414,1643.9999341964722,41.0,18.5,1,1,0,0
1783876975206003100,2026-07-13 01:22:55.206003,1.6044602394104004,-9.105021476745605,1838.1389617919922,1770.782709121704,1679.6817779541016,1733.3073616027832,43.0,19.0,1,1,0,0
1783876975274841300,2026-07-13 01:22:55.274841,1.5857348442077637,-9.461888313293457,1947.7296829223633,1781.0295820236206,1777.2884368896484,1643.9999341964722,45.5,17.5,1,1,0,0
1783876975344153700,2026-07-13 01:22:55.344154,1.5039055347442627,-9.370665550231934,1921.1315155029297,1765.1634216308594,1838.1389617919922,1733.3073616027832,43.5,17.0,1,1,0,0
1783876975443057900,2026-07-13 01:22:55.443058,1.6892424821853638,-9.335814476013184,1718.476676940918,1731.4541339874268,1718.476676940918,1733.3073616027832,44.0,15.5,1,1,0,0
1783876975543229000,2026-07-13 01:22:55.543229,1.8213475942611694,-9.819744110107422,2459.012985229492,1628.3618211746216,1838.1389617919922,1643.9999341964722,44.0,18.0,1,1,0,0
1783876975612176300,2026-07-13 01:22:55.612176,1.7760260105133057,-9.580378532409668,2255.3939819335938,1640.903115272522,1838.1389617919922,1731.4541339874268,42.0,20.5,1,1,0,0
1783876975711331700,2026-07-13 01:22:55.711332,1.8626782894134521,-8.896769523620605,2057.6526641845703,1559.3814849853516,1838.1389617919922,1643.9999341964722,42.5,20.0,1,1,0,0
1783876975778589900,2026-07-13 01:22:55.778590,1.790012001991272,-9.349530220031738,2081.435203552246,1650.9166955947876,2057.6526641845703,1643.9999341964722,45.5,17.5,1,1,0,0
1783876975846269600,2026-07-13 01:22:55.846270,1.6052166223526,-9.296191215515137,2263.2558822631836,1730.446457862854,2057.6526641845703,1730.446457862854,45.0,12.0,1,1,0,0
1783876975914237900,2026-07-13 01:22:55.914238,1.6064101457595825,-9.283893585205078,2243.743133544922,1686.3008737564087,2057.6526641845703,1650.9166955947876,42.5,15.0,1,1,0,0
1783876975980968700,2026-07-13 01:22:55.980969,1.8445372581481934,-9.307747840881348,2350.383186340332,1491.335391998291,2081.435203552246,1643.9999341964722,45.0,22.0,1,1,0,0
1783876976048905100,2026-07-13 01:22:56.048905,2.1210367679595947,-8.677757263183594,2196.151924133301,1344.6420431137085,2196.151924133301,1650.9166955947876,42.0,29.0,1,1,0,0
1783876976118193300,2026-07-13 01:22:56.118193,2.33913254737854,-7.899328231811523,2154.9861907958984,1118.9755201339722,2154.9861907958984,1643.9999341964722,44.5,21.5,1,1,0,0
1783876976218525200,2026-07-13 01:22:56.218525,2.324591636657715,-7.933701992034912,2047.7537155151367,1172.3301410675049,2081.435203552246,1491.335391998291,48.0,28.0,1,1,0,0
1783876976317871700,2026-07-13 01:22:56.317872,2.432697057723999,-7.953049659729004,2023.2002258300781,1144.968032836914,2154.9861907958984,1344.6420431137085,48.0,34.5,1,1,0,0
1783876976385236400,2026-07-13 01:22:56.385237,2.271261692047119,-8.376503944396973,2088.9116287231445,1210.5053663253784,2088.9116287231445,1210.5053663253784,44.0,34.5,1,1,0,0
1783876976454272500,2026-07-13 01:22:56.454273,2.3527181148529053,-7.589219570159912,2056.305694580078,1093.2878255844116,2081.435203552246,1210.5053663253784,49.5,34.5,1,1,0,0
1783876976553058900,2026-07-13 01:22:56.553059,2.3047468662261963,-6.746211528778076,1896.2873458862305,950.9412050247192,2081.435203552246,1210.5053663253784,49.0,40.5,1,1,0,0
1783876976622334900,2026-07-13 01:22:56.622335,2.384931802749634,-5.869395732879639,1828.904151916504,712.3364210128784,2081.435203552246,1210.5053663253784,50.5,41.0,1,1,0,0
1783876976725166100,2026-07-13 01:22:56.725166,2.315680980682373,-5.96406888961792,1930.4010391235352,739.4296526908875,2056.305694580078,1093.2878255844116,46.5,39.5,1,1,0,0
1783876976792473600,2026-07-13 01:22:56.792474,2.360316514968872,-6.589017391204834,2042.6525115966797,749.9432563781738,2042.6525115966797,950.9412050247192,45.5,40.5,1,1,0,0
1783876976887479800,2026-07-13 01:22:56.887480,2.524881362915039,-6.13241720199585,1949.9078750610352,753.3000111579895,2042.6525115966797,753.3000111579895,51.5,39.0,1,1,0,0
1783876976955369900,2026-07-13 01:22:56.955370,2.455897569656372,-5.632994174957275,1738.0287170410156,671.879231929779,2042.6525115966797,753.3000111579895,52.0,32.5,1,1,0,0
1783876977023299500,2026-07-13 01:22:57.023300,2.226712226867676,-6.32045316696167,1696.099853515625,837.8690481185913,2042.6525115966797,837.8690481185913,48.0,39.0,1,1,0,0
1783876977092524000,2026-07-13 01:22:57.092524,2.5350308418273926,-5.847471714019775,1578.059959411621,711.8750214576721,1949.9078750610352,753.3000111579895,50.5,32.0,1,1,0,0
1783876977192189400,2026-07-13 01:22:57.192189,2.3083484172821045,-6.125722408294678,1829.347038269043,817.3989057540894,1829.347038269043,753.3000111579895,52.0,39.0,1,1,0,0
1783876977292128800,2026-07-13 01:22:57.292129,2.0244789123535156,-5.80406379699707,1613.4117126464844,889.5360827445984,1829.347038269043,837.8690481185913,47.0,39.5,1,1,0,0
1783876977359832900,2026-07-13 01:22:57.359833,2.2799365520477295,-5.6135993003845215,1696.8597412109375,742.0579195022583,1829.347038269043,753.3000111579895,44.0,38.0,1,1,0,0
1783876977428881500,2026-07-13 01:22:57.428881,2.1136958599090576,-6.350783824920654,1601.3019561767578,867.3818111419678,1829.347038269043,817.3989057540894,43.0,38.0,1,1,0,0
1783876977499787500,2026-07-13 01:22:57.499788,2.215501070022583,-5.6631083488464355,1704.5015335083008,763.7086510658264,1704.5015335083008,817.3989057540894,45.0,27.5,1,1,0,0
1783876977592300100,2026-07-13 01:22:57.592300,2.2511823177337646,-6.514586925506592,1732.328224182129,1002.8915405273438,1732.328224182129,817.3989057540894,43.5,26.5,1,1,0,0
1783876977692942200,2026-07-13 01:22:57.692942,1.293655276298523,-10.630871772766113,1346.5081214904785,1911.1170768737793,1704.5015335083008,817.3989057540894,31.0,7.0,1,1,0,0
1783876977760385100,2026-07-13 01:22:57.760385,1.2008103132247925,-11.051461219787598,1167.1939849853516,1964.514136314392,1704.5015335083008,817.3989057540894,24.5,11.0,1,1,0,0
1783876977831390700,2026-07-13 01:22:57.831391,1.0047314167022705,-8.71189022064209,1432.4905395507812,1744.4814443588257,1704.5015335083008,1002.8915405273438,23.5,10.0,1,1,0,0
1783876977932305900,2026-07-13 01:22:57.932306,1.6945667266845703,-9.028388977050781,2204.4315338134766,1483.1207990646362,1704.5015335083008,1483.1207990646362,36.5,23.0,1,1,0,0
1783876978033044300,2026-07-13 01:22:58.033044,2.069413900375366,-7.330775260925293,2230.0182342529297,1048.7406253814697,1704.5015335083008,1048.7406253814697,38.0,33.5,1,1,0,0
1783876978133683300,2026-07-13 01:22:58.133683,2.2629129886627197,-7.864534854888916,1917.9235458374023,1165.1594638824463,1704.5015335083008,1165.1594638824463,39.0,26.5,1,1,0,0
1783876978231238500,2026-07-13 01:22:58.231238,2.4866087436676025,-7.38434362411499,2018.8386917114258,1065.7215118408203,1917.9235458374023,1165.1594638824463,42.0,27.5,1,1,0,0
1783876978300429200,2026-07-13 01:22:58.300429,2.4760453701019287,-6.441160678863525,1862.313461303711,975.9386777877808,1862.313461303711,1048.7406253814697,42.0,32.5,1,1,0,0
1783876978399277700,2026-07-13 01:22:58.399278,2.2891690731048584,-6.31608772277832,1873.0051040649414,928.8122653961182,1873.0051040649414,1065.7215118408203,48.0,34.0,1,1,0,0
1783876978466699100,2026-07-13 01:22:58.466699,2.272552967071533,-6.651666164398193,1917.5239562988281,942.9457187652588,1917.5239562988281,1048.7406253814697,42.0,27.5,1,1,0,0
1783876978565037500,2026-07-13 01:22:58.565037,2.4165713787078857,-6.78606653213501,2057.0220947265625,928.9072155952454,1873.0051040649414,975.9386777877808,44.5,35.5,1,1,0,0
1783876978667338600,2026-07-13 01:22:58.667339,2.2043399810791016,-6.920557498931885,2049.491310119629,1008.0094337463379,1917.5239562988281,1008.0094337463379,42.0,30.5,1,1,0,0
1783876978736215500,2026-07-13 01:22:58.736216,1.9965168237686157,-5.866523265838623,1615.553092956543,982.036292552948,1917.5239562988281,982.036292552948,45.5,32.0,1,1,0,0
1783876978837418800,2026-07-13 01:22:58.837419,2.331921100616455,-6.268685340881348,1705.8343887329102,997.5247979164124,1873.0051040649414,982.036292552948,46.0,29.5,1,1,0,0
1783876978937935400,2026-07-13 01:22:58.937935,2.4798762798309326,-7.248970985412598,2046.6682434082031,996.1927533149719,1917.5239562988281,996.1927533149719,42.5,32.0,1,1,0,0
1783876979005258300,2026-07-13 01:22:59.005258,2.308760404586792,-6.989785671234131,1991.166877746582,987.4109625816345,1917.5239562988281,987.4109625816345,43.5,27.5,1,1,0,0
1783876979073275900,2026-07-13 01:22:59.073276,2.589642286300659,-6.519800662994385,1973.0012893676758,810.381293296814,1917.5239562988281,982.036292552948,40.0,30.5,1,1,0,0
1783876979140955800,2026-07-13 01:22:59.140956,2.413710117340088,-6.448586463928223,1843.483543395996,979.0940880775452,1917.5239562988281,987.4109625816345,46.5,39.0,1,1,0,0
1783876979208996700,2026-07-13 01:22:59.208997,2.519477367401123,-5.354099750518799,1760.2069854736328,628.3438205718994,1917.5239562988281,982.036292552948,45.0,28.0,1,1,0,0
1783876979306945300,2026-07-13 01:22:59.306945,2.398322343826294,-6.3884501457214355,1905.426025390625,792.7051782608032,1917.5239562988281,979.0940880775452,42.0,26.5,1,1,0,0
1783876979373846700,2026-07-13 01:22:59.373847,2.1735026836395264,-6.33408784866333,1728.0143737792969,891.4512991905212,1905.426025390625,979.0940880775452,41.5,29.5,1,1,0,0
1783876979440602300,2026-07-13 01:22:59.440602,2.217735528945923,-5.5485053062438965,1649.9332427978516,806.5395355224609,1905.426025390625,891.4512991905212,44.5,31.0,1,1,0,0
1783876979507305800,2026-07-13 01:22:59.507306,2.4745376110076904,-6.167668342590332,1945.7630157470703,820.2387690544128,1917.5239562988281,891.4512991905212,42.5,31.0,1,1,0,0
1783876979575101600,2026-07-13 01:22:59.575102,2.448857545852661,-6.8685622215271,1905.7952880859375,901.6309976577759,1905.426025390625,901.6309976577759,44.0,28.0,1,1,0,0
1783876979673001000,2026-07-13 01:22:59.673001,2.541181802749634,-6.29905366897583,1854.8511505126953,803.6670088768005,1905.426025390625,891.4512991905212,44.5,30.0,1,1,0,0
1783876979740688600,2026-07-13 01:22:59.740689,1.8172277212142944,-9.995930671691895,2018.313217163086,1693.987250328064,1917.5239562988281,891.4512991905212,36.0,22.5,1,1,0,0
1783876979809851400,2026-07-13 01:22:59.809851,1.7173796892166138,-12.58700180053711,1154.6209335327148,1936.832308769226,1905.426025390625,901.6309976577759,19.5,5.0,1,1,0,0
1783876979878518100,2026-07-13 01:22:59.878518,1.5089528560638428,-11.251541137695312,1406.4521789550781,1934.50927734375,1905.426025390625,901.6309976577759,12.5,1.5,1,1,0,0
1783876979977171600,2026-07-13 01:22:59.977172,1.562689185142517,-9.94493293762207,1833.9527130126953,1713.1128311157227,1905.426025390625,1693.987250328064,13.0,6.5,1,1,0,0
1783876980075494500,2026-07-13 01:23:00.075494,1.71250319480896,-9.18048095703125,1797.1696853637695,1630.9762001037598,1833.9527130126953,1630.9762001037598,23.0,13.5,1,1,0,0
1783876980145384000,2026-07-13 01:23:00.145384,1.8726204633712769,-9.845664978027344,1631.8737030029297,1713.2419347763062,1833.9527130126953,1693.987250328064,28.0,5.5,1,1,0,0
1783876980212229900,2026-07-13 01:23:00.212230,1.9309768676757812,-9.276345252990723,1629.075050354004,1652.5671482086182,1833.9527130126953,1693.987250328064,31.0,10.0,1,1,0,0
1783876980313455400,2026-07-13 01:23:00.313455,2.0940797328948975,-9.284968376159668,1720.7725524902344,1552.281141281128,1797.1696853637695,1630.9762001037598,25.5,10.5,1,1,0,0
1783876980413447500,2026-07-13 01:23:00.413447,2.1995866298675537,-8.474480628967285,1617.8329467773438,1494.6997165679932,1720.7725524902344,1652.5671482086182,31.0,16.0,1,1,0,0
1783876980513123400,2026-07-13 01:23:00.513123,2.3061797618865967,-8.378388404846191,1781.4260482788086,1421.5182065963745,1781.4260482788086,1630.9762001037598,31.0,12.5,1,1,0,0
1783876980579986200,2026-07-13 01:23:00.579986,2.100770950317383,-8.338528633117676,1715.976905822754,1501.3666152954102,1720.7725524902344,1552.281141281128,31.5,16.0,1,1,0,0
1783876980649326700,2026-07-13 01:23:00.649327,2.131117105484009,-8.416792869567871,1779.642105102539,1495.2788352966309,1720.7725524902344,1501.3666152954102,25.5,28.5,1,1,0,0
1783876980718479100,2026-07-13 01:23:00.718479,1.8694361448287964,-10.401203155517578,1843.808364868164,1815.6307935714722,1781.4260482788086,1630.9762001037598,27.5,13.5,1,1,0,0
1783876980817483700,2026-07-13 01:23:00.817484,1.8006162643432617,-12.040901184082031,1368.8023567199707,1880.470871925354,1720.7725524902344,1552.281141281128,8.5,1.5,1,1,0,0
1783876980885917800,2026-07-13 01:23:00.885918,1.355061650276184,-9.032462120056152,1425.9324073791504,1787.1958017349243,1720.7725524902344,1630.9762001037598,19.0,12.5,1,1,0,0
1783876980955040800,2026-07-13 01:23:00.955041,1.3119163513183594,-9.851235389709473,1646.9560623168945,1830.4988145828247,1720.7725524902344,1787.1958017349243,19.5,11.0,1,1,0,0
1783876981052285900,2026-07-13 01:23:01.052286,1.0527050495147705,-7.393317699432373,1439.543342590332,1575.4331350326538,1646.9560623168945,1575.4331350326538,20.5,9.0,1,1,0,0
1783876981118995300,2026-07-13 01:23:01.118995,1.48795747756958,-8.021183013916016,1547.8506088256836,1590.7607078552246,1646.9560623168945,1630.9762001037598,19.0,14.0,1,1,0,0
1783876981189707200,2026-07-13 01:23:01.189707,1.5958434343338013,-7.595179080963135,2096.4309692382812,1288.4968519210815,1720.7725524902344,1590.7607078552246,34.5,20.5,1,1,0,0
1783876981289556500,2026-07-13 01:23:01.289557,1.6963549852371216,-7.545393943786621,1973.496437072754,1163.9870405197144,1646.9560623168945,1575.4331350326538,37.0,33.0,1,1,0,0
1783876981358849800,2026-07-13 01:23:01.358850,2.1746952533721924,-5.784596920013428,1894.6016311645508,855.7623624801636,1720.7725524902344,1575.4331350326538,37.0,34.5,1,1,0,0
1783876981454557800,2026-07-13 01:23:01.454558,1.4968928098678589,-7.456663131713867,1720.4076766967773,1456.0229778289795,1720.7725524902344,1456.0229778289795,38.5,17.5,1,1,0,0
1783876981526975000,2026-07-13 01:23:01.526975,1.6930251121520996,-8.224738121032715,1709.5796585083008,1512.857437133789,1709.5796585083008,1512.857437133789,38.5,17.5,1,1,0,0
1783876981623433000,2026-07-13 01:23:01.623433,2.1041431427001953,-8.793671607971191,1893.0875778198242,1535.1033210754395,1720.7725524902344,1535.1033210754395,31.0,25.0,1,1,0,0
1783876981694174500,2026-07-13 01:23:01.694175,1.7579851150512695,-9.090188026428223,2170.9415435791016,1658.1039428710938,1720.7725524902344,1512.857437133789,29.5,18.0,1,1,0,0
1783876981762014600,2026-07-13 01:23:01.762015,1.9242669343948364,-8.877433776855469,2025.3860473632812,1592.07284450531,1720.7725524902344,1535.1033210754395,36.0,24.5,1,1,0,0
1783876981828893300,2026-07-13 01:23:01.828893,1.8965320587158203,-8.014556884765625,1704.8070907592773,1531.8886041641235,1720.7725524902344,1535.1033210754395,43.5,20.5,1,1,0,0
1783876981928879400,2026-07-13 01:23:01.928879,2.1809206008911133,-8.364518165588379,2096.7514038085938,1467.7356481552124,1720.7725524902344,1512.857437133789,45.0,20.5,1,1,0,0
1783876981998033200,2026-07-13 01:23:01.998033,1.8774067163467407,-9.05709457397461,1744.407081604004,1672.3417043685913,1720.7725524902344,1535.1033210754395,38.5,19.0,1,1,0,0
1783876982097436800,2026-07-13 01:23:02.097437,1.8709098100662231,-9.32474422454834,2042.8760528564453,1687.9149675369263,1720.7725524902344,1535.1033210754395,37.0,26.5,1,1,0,0
1783876982164444300,2026-07-13 01:23:02.164444,2.010706901550293,-9.53410530090332,2105.3552627563477,1683.5484504699707,1744.407081604004,1535.1033210754395,41.5,18.5,1,1,0,0
1783876982233352500,2026-07-13 01:23:02.233352,1.936220645904541,-8.798627853393555,1704.1847229003906,1575.964331626892,1720.7725524902344,1575.964331626892,38.0,18.0,1,1,0,0
1783876982331292800,2026-07-13 01:23:02.331293,1.7989881038665771,-7.484804153442383,1527.7169227600098,1480.0910949707031,1720.7725524902344,1535.1033210754395,40.0,19.0,1,1,0,0
1783876982398718500,2026-07-13 01:23:02.398718,1.1346133947372437,-8.247438430786133,1261.0153198242188,1699.7827291488647,1720.7725524902344,1575.964331626892,38.0,13.5,1,1,0,0
1783876982468302200,2026-07-13 01:23:02.468302,1.4080449342727661,-9.933006286621094,1570.9640502929688,1810.785412788391,1704.1847229003906,1575.964331626892,36.0,15.0,1,1,0,0
1783876982566470700,2026-07-13 01:23:02.566471,1.3850165605545044,-9.414589881896973,1466.5072441101074,1778.7611484527588,1570.9640502929688,1575.964331626892,40.0,8.5,1,1,0,0
1783876982664317800,2026-07-13 01:23:02.664318,1.7981791496276855,-10.13178539276123,1906.9875717163086,1768.5471773147583,1720.7725524902344,1699.7827291488647,36.5,11.5,1,1,0,0
1783876982733992500,2026-07-13 01:23:02.733992,1.6744023561477661,-9.248826026916504,1600.4568099975586,1774.6556997299194,1600.4568099975586,1768.5471773147583,38.0,12.0,1,1,0,0
1783876982801381400,2026-07-13 01:23:02.801381,2.065598726272583,-8.951382637023926,1922.743797302246,1681.9477081298828,1600.4568099975586,1681.9477081298828,39.5,14.0,1,1,0,0
1783876982870811600,2026-07-13 01:23:02.870812,1.8306671380996704,-9.630705833435059,1987.095069885254,1705.612301826477,1720.7725524902344,1705.612301826477,38.0,11.0,1,1,0,0
1783876982938491500,2026-07-13 01:23:02.938491,1.9973094463348389,-9.860001564025879,1832.94677734375,1760.8720064163208,1720.7725524902344,1760.8720064163208,38.0,21.0,1,1,0,0
1783876983034270700,2026-07-13 01:23:03.034271,1.802174687385559,-9.79999828338623,2044.4629669189453,1668.0607795715332,1832.94677734375,1681.9477081298828,38.0,15.0,1,1,0,0
1783876983103081000,2026-07-13 01:23:03.103081,1.7151626348495483,-8.712631225585938,1901.3317108154297,1610.1685762405396,1832.94677734375,1705.612301826477,39.5,14.0,1,1,0,0
1783876983171298300,2026-07-13 01:23:03.171298,1.688963532447815,-8.87346363067627,1735.5615615844727,1695.9048509597778,1735.5615615844727,1695.9048509597778,40.5,12.0,1,1,0,0
1783876983275896400,2026-07-13 01:23:03.275896,1.9810179471969604,-9.371959686279297,1833.1178665161133,1690.6858682632446,1832.94677734375,1690.6858682632446,40.0,17.5,1,1,0,0
1783876983343034900,2026-07-13 01:23:03.343035,1.7720162868499756,-9.196025848388672,1768.5041427612305,1719.6844816207886,1832.94677734375,1705.612301826477,40.0,20.5,1,1,0,0
1783876983438916300,2026-07-13 01:23:03.438916,1.8226228952407837,-8.91283130645752,1649.3961334228516,1671.3824272155762,1735.5615615844727,1695.9048509597778,38.0,14.0,1,1,0,0
1783876983507188000,2026-07-13 01:23:03.507188,1.739335298538208,-8.346649169921875,1707.558250427246,1641.8336629867554,1768.5041427612305,1690.6858682632446,38.0,24.0,1,1,0,0
1783876983604749100,2026-07-13 01:23:03.604749,1.6926213502883911,-9.304783821105957,1704.1791915893555,1803.6556243896484,1735.5615615844727,1705.612301826477,39.0,13.5,1,1,0,0
1783876983675121500,2026-07-13 01:23:03.675121,1.5863442420959473,-9.354497909545898,1910.0946426391602,1772.936463356018,1735.5615615844727,1695.9048509597778,33.5,14.5,1,1,0,0
1783876983773362500,2026-07-13 01:23:03.773362,1.5443272590637207,-9.188170433044434,1706.045913696289,1727.0848751068115,1735.5615615844727,1705.612301826477,38.0,15.0,1,1,0,0
1783876983840638600,2026-07-13 01:23:03.840639,1.4449342489242554,-8.405599594116211,1613.6484146118164,1681.465983390808,1735.5615615844727,1705.612301826477,39.5,14.5,1,1,0,0
1783876983940725400,2026-07-13 01:23:03.940726,2.107362985610962,-10.04854679107666,1829.5673370361328,1646.699070930481,1735.5615615844727,1695.9048509597778,34.0,13.5,1,1,0,0
1783876984010749400,2026-07-13 01:23:04.010749,1.689410924911499,-8.87185287475586,1517.5966262817383,1650.61354637146,1735.5615615844727,1695.9048509597778,32.0,15.0,1,1,0,0
1783876984108215600,2026-07-13 01:23:04.108216,1.842189073562622,-9.119749069213867,1750.8977890014648,1643.1348323822021,1735.5615615844727,1681.465983390808,34.0,20.5,1,1,0,0
1783876984209141600,2026-07-13 01:23:04.209141,2.0174872875213623,-8.520695686340332,2147.8025436401367,1444.1030025482178,1735.5615615844727,1650.61354637146,34.5,21.5,1,1,0,0
1783876984278105300,2026-07-13 01:23:04.278105,1.81482994556427,-7.804933071136475,1849.325942993164,1455.1537036895752,1735.5615615844727,1650.61354637146,40.5,21.5,1,1,0,0
1783876984378082700,2026-07-13 01:23:04.378083,2.045718193054199,-7.1711039543151855,2016.2670135498047,1087.3193740844727,1750.8977890014648,1643.1348323822021,43.5,25.5,1,1,0,0
1783876984445517300,2026-07-13 01:23:04.445517,1.763485312461853,-6.179356098175049,1799.7184753417969,979.4664978981018,1799.7184753417969,1455.1537036895752,40.0,24.5,1,1,0,0
1783876984513970500,2026-07-13 01:23:04.513970,1.8990565538406372,-7.194533348083496,1896.971321105957,1152.299165725708,1799.7184753417969,1455.1537036895752,44.0,21.5,1,1,0,0
1783876984615316300,2026-07-13 01:23:04.615316,1.5753414630889893,-8.803250312805176,1441.6747093200684,1535.9718799591064,1750.8977890014648,1535.9718799591064,40.0,26.5,1,1,0,0
1783876984712060200,2026-07-13 01:23:04.712060,1.4812240600585938,-9.782504081726074,1387.3937606811523,1654.819369316101,1799.7184753417969,1455.1537036895752,40.0,14.5,1,1,0,0
1783876984779114800,2026-07-13 01:23:04.779115,1.9635509252548218,-9.218440055847168,1688.8849258422852,1612.1357679367065,1750.8977890014648,1535.9718799591064,41.0,20.0,1,1,0,0
1783876984877916100,2026-07-13 01:23:04.877916,1.800991415977478,-9.352105140686035,1683.4844589233398,1681.9859743118286,1688.8849258422852,1535.9718799591064,38.5,15.5,1,1,0,0
1783876984947197800,2026-07-13 01:23:04.947198,1.665134310722351,-9.31992244720459,1693.5516357421875,1722.0275402069092,1693.5516357421875,1612.1357679367065,45.0,21.0,1,1,0,0
1783876985045784900,2026-07-13 01:23:05.045785,1.735966444015503,-9.493855476379395,1574.410343170166,1732.646107673645,1688.8849258422852,1612.1357679367065,40.0,17.0,1,1,0,0
1783876985113983300,2026-07-13 01:23:05.113983,1.4365215301513672,-9.15499210357666,1413.5355949401855,1692.9476261138916,1688.8849258422852,1681.9859743118286,42.5,18.5,1,1,0,0
1783876985213132000,2026-07-13 01:23:05.213132,1.666151523590088,-8.346953392028809,1646.0052490234375,1410.275936126709,1688.8849258422852,1612.1357679367065,45.0,15.0,1,1,0,0
1783876985281341300,2026-07-13 01:23:05.281341,1.891575813293457,-7.31846284866333,1666.8636322021484,1273.310899734497,1666.8636322021484,1612.1357679367065,46.0,21.5,1,1,0,0
1783876985351932900,2026-07-13 01:23:05.351933,1.8933430910110474,-9.233506202697754,1607.4499130249023,1538.4528636932373,1666.8636322021484,1612.1357679367065,41.5,20.0,1,1,0,0
1783876985449440900,2026-07-13 01:23:05.449441,1.9280263185501099,-8.606953620910645,1782.0123672485352,1515.4881477355957,1688.8849258422852,1538.4528636932373,40.5,17.0,1,1,0,0
1783876985549130600,2026-07-13 01:23:05.549130,1.7476102113723755,-10.294572830200195,1815.876579284668,1717.1248197555542,1666.8636322021484,1612.1357679367065,39.0,18.0,1,1,0,0
1783876985647433700,2026-07-13 01:23:05.647434,1.6362025737762451,-9.337868690490723,1720.3922271728516,1676.534652709961,1688.8849258422852,1612.1357679367065,35.5,16.0,1,1,0,0
1783876985716245800,2026-07-13 01:23:05.716246,1.7354087829589844,-8.894769668579102,1574.8631477355957,1592.7611589431763,1688.8849258422852,1592.7611589431763,39.0,18.0,1,1,0,0
1783876985784552000,2026-07-13 01:23:05.784552,1.7216283082962036,-7.988241672515869,1737.9135131835938,1452.6385068893433,1688.8849258422852,1612.1357679367065,39.5,17.0,1,1,0,0
1783876985854442200,2026-07-13 01:23:05.854442,1.641890287399292,-8.313971519470215,1929.0407180786133,1567.0154094696045,1688.8849258422852,1592.7611589431763,42.5,13.5,1,1,0,0
1783876985949758100,2026-07-13 01:23:05.949758,1.7452577352523804,-8.9932222366333,1869.8858261108398,1521.4823484420776,1688.8849258422852,1592.7611589431763,43.0,15.0,1,1,0,0
1783876986051211600,2026-07-13 01:23:06.051212,1.9935599565505981,-7.3734965324401855,1699.876594543457,1274.156928062439,1699.876594543457,1567.0154094696045,47.0,24.0,1,1,0,0
1783876986152264000,2026-07-13 01:23:06.152264,2.0503177642822266,-8.190570831298828,1749.6196746826172,1238.039493560791,1699.876594543457,1567.0154094696045,45.5,22.5,1,1,0,0
1783876986219246700,2026-07-13 01:23:06.219247,2.2144274711608887,-7.337662220001221,1682.2345733642578,1107.2388887405396,1688.8849258422852,1521.4823484420776,50.5,24.5,1,1,0,0
1783876986287507700,2026-07-13 01:23:06.287508,1.9980416297912598,-8.332295417785645,1851.777458190918,1229.4386625289917,1699.876594543457,1274.156928062439,46.0,20.5,1,1,0,0
1783876986387125500,2026-07-13 01:23:06.387125,2.0997273921966553,-7.543704986572266,1740.7400131225586,1147.94921875,1699.876594543457,1238.039493560791,44.0,21.0,1,1,0,0
1783876986454315000,2026-07-13 01:23:06.454315,2.070481061935425,-7.627017021179199,1805.9669494628906,1128.2882690429688,1699.876594543457,1229.4386625289917,46.0,32.0,1,1,0,0
1783876986523134100,2026-07-13 01:23:06.523134,2.3651819229125977,-6.871798992156982,1794.8375701904297,938.0790591239929,1740.7400131225586,1229.4386625289917,43.0,26.0,1,1,0,0
1783876986621317300,2026-07-13 01:23:06.621317,1.4371051788330078,-12.231689453125,1042.7803039550781,1892.9295539855957,1699.876594543457,1238.039493560791,31.0,8.0,1,1,0,0
1783876986688391000,2026-07-13 01:23:06.688391,1.8025490045547485,-12.758500099182129,1098.181438446045,1858.6945533752441,1699.876594543457,1229.4386625289917,19.5,7.5,1,1,0,0
1783876986758173200,2026-07-13 01:23:06.758173,1.7500966787338257,-12.671577453613281,1098.3978271484375,1878.4880638122559,1699.876594543457,1238.039493560791,22.0,1.0,1,1,0,0
1783876986856747700,2026-07-13 01:23:06.856748,1.4143542051315308,-11.153058052062988,1108.0413818359375,1826.2935876846313,1108.0413818359375,1826.2935876846313,28.0,10.0,1,1,0,0
1783876986957242100,2026-07-13 01:23:06.957242,1.5391157865524292,-10.42236614227295,1907.485580444336,1704.5866250991821,1699.876594543457,1704.5866250991821,40.0,12.5,1,1,0,0
1783876987025303100,2026-07-13 01:23:07.025303,1.9690452814102173,-9.211760520935059,2158.1663131713867,1467.5804376602173,1699.876594543457,1467.5804376602173,40.5,16.0,1,1,0,0
1783876987094083800,2026-07-13 01:23:07.094084,1.5779069662094116,-9.053433418273926,1969.6657180786133,1591.0277366638184,1699.876594543457,1704.5866250991821,48.0,21.5,1,1,0,0
1783876987190862000,2026-07-13 01:23:07.190862,1.888564109802246,-10.302639961242676,1917.2868728637695,1619.3815469741821,1907.485580444336,1619.3815469741821,41.0,21.5,1,1,0,0
1783876987259994600,2026-07-13 01:23:07.259995,1.6490389108657837,-10.531759262084961,2235.6081008911133,1718.861699104309,1917.2868728637695,1619.3815469741821,43.5,12.0,1,1,0,0
1783876987328390400,2026-07-13 01:23:07.328390,1.8478776216506958,-9.52773666381836,2130.28507232666,1535.927176475525,1917.2868728637695,1619.3815469741821,38.0,20.5,1,1,0,0
1783876987396471900,2026-07-13 01:23:07.396472,1.737083077430725,-10.386629104614258,2116.8041229248047,1652.7726650238037,1917.2868728637695,1619.3815469741821,43.5,17.5,1,1,0,0
1783876987494806600,2026-07-13 01:23:07.494807,2.0319600105285645,-8.916169166564941,2022.0693588256836,1446.4720487594604,2022.0693588256836,1619.3815469741821,40.0,23.5,1,1,0,0
1783876987594486200,2026-07-13 01:23:07.594486,1.8698662519454956,-10.590991020202637,1831.3688278198242,1695.448398590088,1917.2868728637695,1619.3815469741821,43.5,14.5,1,1,0,0
1783876987692034400,2026-07-13 01:23:07.692034,1.78519606590271,-10.576651573181152,2054.391098022461,1675.8449077606201,2022.0693588256836,1619.3815469741821,46.0,16.0,1,1,0,0
1783876987761624700,2026-07-13 01:23:07.761625,1.8397705554962158,-9.812263488769531,1528.3655166625977,1534.7850322723389,2022.0693588256836,1619.3815469741821,40.0,24.5,1,1,0,0
1783876987830082200,2026-07-13 01:23:07.830082,2.16778826713562,-10.959898948669434,1953.2217025756836,1471.3096618652344,1953.2217025756836,1619.3815469741821,25.0,19.0,1,1,0,0
1783876987928461900,2026-07-13 01:23:07.928462,2.1517858505249023,-7.569619655609131,2156.9929122924805,1225.879192352295,2022.0693588256836,1619.3815469741821,28.0,26.0,1,1,0,0
1783876987997087600,2026-07-13 01:23:07.997087,2.3372933864593506,-8.621122360229492,2278.805732727051,1447.360873222351,2022.0693588256836,1534.7850322723389,40.0,30.5,1,1,0,0
1783876988099252600,2026-07-13 01:23:08.099252,2.6402428150177,-8.213797569274902,1934.426498413086,1197.5325345993042,1953.2217025756836,1471.3096618652344,42.5,38.5,1,1,0,0
1783876988166036300,2026-07-13 01:23:08.166036,2.798851490020752,-8.948641777038574,1557.5949668884277,1208.656907081604,2022.0693588256836,1447.360873222351,43.0,39.5,1,1,0,0
1783876988266383900,2026-07-13 01:23:08.266384,2.549187421798706,-8.869071006774902,1670.425796508789,1266.1761045455933,1953.2217025756836,1447.360873222351,23.5,44.0,1,1,0,0
1783876988335274800,2026-07-13 01:23:08.335275,2.4370222091674805,-9.35591983795166,1508.602523803711,1448.9248991012573,1934.426498413086,1448.9248991012573,27.0,22.5,1,1,0,0
1783876988433831100,2026-07-13 01:23:08.433831,1.815848469734192,-10.17000675201416,1224.1443634033203,1484.0502738952637,1670.425796508789,1447.360873222351,16.5,21.0,1,1,0,0
1783876988505887300,2026-07-13 01:23:08.505887,1.5973708629608154,-10.729368209838867,1038.968276977539,1659.1744422912598,1670.425796508789,1448.9248991012573,22.5,7.5,1,1,0,0
1783876988600089900,2026-07-13 01:23:08.600090,2.8907361030578613,-11.078064918518066,1582.9691886901855,1607.487678527832,1582.9691886901855,1448.9248991012573,33.0,42.5,1,1,0,0
1783876988699009000,2026-07-13 01:23:08.699009,3.1766598224639893,-11.175389289855957,1633.2603454589844,1488.7138605117798,1633.2603454589844,1484.0502738952637,41.0,58.0,1,1,0,0
1783876988770995700,2026-07-13 01:23:08.770996,3.084573984146118,-11.33455753326416,1564.9575233459473,1525.8681774139404,1582.9691886901855,1488.7138605117798,57.0,52.5,1,1,0,0
1783876988871074200,2026-07-13 01:23:08.871074,2.5890369415283203,-10.654023170471191,1753.9470672607422,1382.5536966323853,1582.9691886901855,1448.9248991012573,63.5,51.5,1,1,0,0
1783876988940422800,2026-07-13 01:23:08.940423,2.6958887577056885,-9.915261268615723,1794.4694519042969,1339.7295475006104,1633.2603454589844,1484.0502738952637,57.5,54.5,1,1,0,0
1783876989039099300,2026-07-13 01:23:09.039099,2.9975790977478027,-11.464926719665527,1685.3544235229492,1566.8859481811523,1633.2603454589844,1488.7138605117798,48.5,63.0,1,1,0,0
1783876989140106700,2026-07-13 01:23:09.140107,3.1619768142700195,-11.936786651611328,1617.7263259887695,1551.1504411697388,1617.7263259887695,1484.0502738952637,56.5,54.5,1,1,0,0
1783876989207665100,2026-07-13 01:23:09.207665,2.5335278511047363,-12.079187393188477,957.7595710754395,1492.765188217163,1633.2603454589844,1488.7138605117798,44.0,44.5,1,1,0,0
1783876989278190300,2026-07-13 01:23:09.278190,2.792494773864746,-11.509514808654785,1278.200626373291,1398.9582061767578,1617.7263259887695,1488.7138605117798,43.5,44.5,1,1,0,0
1783876989375916900,2026-07-13 01:23:09.375917,3.119922161102295,-11.427708625793457,1460.469913482666,1437.3173713684082,1617.7263259887695,1484.0502738952637,46.5,47.5,1,1,0,0
1783876989443006400,2026-07-13 01:23:09.443007,3.0966291427612305,-9.010360717773438,1960.0135803222656,1352.7930974960327,1633.2603454589844,1484.0502738952637,76.0,43.0,1,1,0,0
1783876989511687200,2026-07-13 01:23:09.511687,3.1352412700653076,-6.740057468414307,1790.068244934082,860.9541058540344,1617.7263259887695,1437.3173713684082,52.5,48.5,1,1,0,0
1783876989580454000,2026-07-13 01:23:09.580454,3.45111346244812,-7.812273979187012,1859.8480224609375,937.2196793556213,1633.2603454589844,1437.3173713684082,36.5,44.5,1,1,0,0
1783876989648398500,2026-07-13 01:23:09.648399,3.5119848251342773,-7.801133632659912,1863.1183624267578,931.98561668396,1790.068244934082,1352.7930974960327,39.5,45.5,1,1,0,0
1783876989716485800,2026-07-13 01:23:09.716486,3.3840086460113525,-7.657442569732666,1773.49853515625,922.2672581672668,1773.49853515625,937.2196793556213,49.0,45.0,1,1,0,0
1783876989815386400,2026-07-13 01:23:09.815386,3.8235321044921875,-7.871889591217041,1704.3067932128906,1084.7885608673096,1704.3067932128906,1084.7885608673096,43.0,44.5,1,1,0,0
1783876989883218700,2026-07-13 01:23:09.883219,3.3385534286499023,-7.670219898223877,1481.2561988830566,1075.0057697296143,1773.49853515625,1075.0057697296143,20.0,40.5,1,1,0,0
1783876989950305800,2026-07-13 01:23:09.950306,2.701352119445801,-6.044908046722412,1187.6083374023438,902.9260873794556,1704.3067932128906,937.2196793556213,35.0,43.0,1,1,0,0
1783876990017779100,2026-07-13 01:23:10.017779,2.5747017860412598,-6.274609088897705,1152.9887199401855,921.423077583313,1704.3067932128906,1075.0057697296143,43.5,31.5,1,1,0,0
1783876990086299900,2026-07-13 01:23:10.086300,1.102716326713562,-6.936299800872803,734.6989154815674,1111.2560033798218,1481.2561988830566,1075.0057697296143,48.0,19.5,1,1,0,0
1783876990186598200,2026-07-13 01:23:10.186598,0.6666356325149536,-7.69183874130249,483.25676918029785,1428.9933443069458,1187.6083374023438,1075.0057697296143,40.5,37.5,1,1,0,0
1783876990255406200,2026-07-13 01:23:10.255406,1.1238118410110474,-9.882566452026367,721.3397979736328,1566.9217109680176,1152.9887199401855,1075.0057697296143,42.5,37.0,1,1,0,0
1783876990353577500,2026-07-13 01:23:10.353577,1.1834475994110107,-11.603058815002441,632.9729557037354,1645.505428314209,734.6989154815674,1111.2560033798218,45.5,40.0,1,1,0,0
1783876990420262100,2026-07-13 01:23:10.420262,1.4645116329193115,-12.597041130065918,642.8793907165527,1757.1499347686768,721.3397979736328,1428.9933443069458,45.0,37.0,1,1,0,0
1783876990489297400,2026-07-13 01:23:10.489297,2.2298171520233154,-12.682293891906738,949.9359130859375,1653.6554098129272,949.9359130859375,1566.9217109680176,49.0,54.5,1,1,0,0
1783876990589946100,2026-07-13 01:23:10.589946,1.9367746114730835,-12.156064987182617,889.5477294921875,1707.4764966964722,734.6989154815674,1645.505428314209,54.5,51.0,1,1,0,0
1783876990657050600,2026-07-13 01:23:10.657051,2.1708226203918457,-11.947991371154785,1135.0881576538086,1659.6260070800781,889.5477294921875,1653.6554098129272,55.0,41.5,1,1,0,0
1783876990725422400,2026-07-13 01:23:10.725422,2.140939235687256,-11.420815467834473,1046.1454391479492,1659.3456268310547,949.9359130859375,1653.6554098129272,58.5,53.5,1,1,0,0
1783876990825043700,2026-07-13 01:23:10.825044,2.3830196857452393,-11.850787162780762,1358.5792541503906,1725.9658575057983,949.9359130859375,1659.3456268310547,50.5,39.5,1,1,0,0
1783876990924360900,2026-07-13 01:23:10.924361,2.454728841781616,-11.65638256072998,1372.6189613342285,1643.7159776687622,1046.1454391479492,1653.6554098129272,44.5,45.5,1,1,0,0
1783876991024661700,2026-07-13 01:23:11.024662,2.4659111499786377,-10.51601791381836,1875.965690612793,1712.101697921753,1046.1454391479492,1659.3456268310547,44.5,40.0,1,1,0,0
1783876991091342400,2026-07-13 01:23:11.091342,2.504427671432495,-10.894798278808594,1959.0585708618164,1670.3109741210938,1358.5792541503906,1659.3456268310547,52.0,45.5,1,1,0,0
1783876991159255200,2026-07-13 01:23:11.159255,2.403533458709717,-11.566446304321289,1675.6290435791016,1801.291823387146,1372.6189613342285,1659.3456268310547,45.0,41.0,1,1,0,0
1783876991226052600,2026-07-13 01:23:11.226053,1.7790257930755615,-9.887250900268555,2040.4556274414062,1637.4067068099976,1675.6290435791016,1659.3456268310547,48.0,49.5,1,1,0,0
1783876991293166500,2026-07-13 01:23:11.293167,1.7521390914916992,-9.417437553405762,2227.1286010742188,1623.1783628463745,1675.6290435791016,1659.3456268310547,48.5,47.5,1,1,0,0
1783876991394519500,2026-07-13 01:23:11.394520,2.219953775405884,-9.808300018310547,2090.212631225586,1694.8527097702026,1675.6290435791016,1659.3456268310547,49.0,47.0,1,1,0,0
1783876991490360600,2026-07-13 01:23:11.490360,2.122849225997925,-11.321009635925293,2461.3183975219727,1703.971266746521,2040.4556274414062,1659.3456268310547,43.0,42.5,1,1,0,0
1783876991560235500,2026-07-13 01:23:11.560236,2.2388975620269775,-11.604483604431152,2255.454635620117,1740.797519683838,2090.212631225586,1659.3456268310547,43.0,49.0,1,1,0,0
1783876991629053500,2026-07-13 01:23:11.629053,0.8794293999671936,-10.02368450164795,1098.4711647033691,1831.337809562683,1675.6290435791016,1694.8527097702026,50.0,40.5,1,1,0,0
1783876991728124800,2026-07-13 01:23:11.728125,2.1783854961395264,-10.807875633239746,1929.1009902954102,1714.0192985534668,2040.4556274414062,1703.971266746521,43.5,32.5,1,1,0,0
1783876991797242500,2026-07-13 01:23:11.797243,2.6448090076446533,-11.701409339904785,1828.403091430664,1698.2061862945557,1929.1009902954102,1698.2061862945557,43.5,31.0,1,1,0,0
1783876991894571800,2026-07-13 01:23:11.894572,2.3902621269226074,-9.206695556640625,1736.5747451782227,1426.4906644821167,1736.5747451782227,1694.8527097702026,43.0,44.0,1,1,0,0
1783876991962384000,2026-07-13 01:23:11.962384,1.6379153728485107,-8.279013633728027,1687.2438430786133,1188.0987882614136,1828.403091430664,1698.2061862945557,39.0,35.5,1,1,0,0
1783876992030013200,2026-07-13 01:23:12.030013,2.1731042861938477,-6.769153594970703,1759.8182678222656,870.088517665863,1759.8182678222656,1694.8527097702026,45.5,32.5,1,1,0,0
1783876992128447200,2026-07-13 01:23:12.128447,2.3964250087738037,-5.020455360412598,1598.5649108886719,680.1696419715881,1736.5747451782227,1426.4906644821167,50.0,43.5,1,1,0,0
1783876992196470800,2026-07-13 01:23:12.196471,1.8724967241287231,-5.732544898986816,1677.8642654418945,835.904061794281,1736.5747451782227,1188.0987882614136,46.5,35.0,1,1,0,0
1783876992295834600,2026-07-13 01:23:12.295835,2.554840326309204,-4.903317928314209,1669.7250366210938,605.7904958724976,1736.5747451782227,870.088517665863,55.0,40.5,1,1,0,0
1783876992363289200,2026-07-13 01:23:12.363289,2.5882065296173096,-4.897049427032471,1647.9013442993164,632.2992444038391,1677.8642654418945,835.904061794281,51.5,43.0,1,1,0,0
1783876992431998800,2026-07-13 01:23:12.431999,2.249191999435425,-5.57949686050415,1747.5759506225586,689.0371441841125,1736.5747451782227,835.904061794281,50.0,41.0,1,1,0,0
1783876992500579600,2026-07-13 01:23:12.500580,2.073322057723999,-5.6954665184021,1797.7487564086914,720.5128073692322,1736.5747451782227,720.5128073692322,46.5,41.0,1,1,0,0
1783876992597426200,2026-07-13 01:23:12.597426,2.3190042972564697,-5.379678249359131,1820.8911895751953,689.7507905960083,1736.5747451782227,720.5128073692322,47.5,43.5,1,1,0,0
1783876992665336100,2026-07-13 01:23:12.665336,2.388268232345581,-5.978039264678955,1947.281265258789,820.9128379821777,1747.5759506225586,820.9128379821777,49.5,34.5,1,1,0,0
1783876992735222800,2026-07-13 01:23:12.735223,2.110999822616577,-6.310962200164795,2057.078170776367,827.4223804473877,1797.7487564086914,720.5128073692322,52.5,34.5,1,1,0,0
1783876992834157500,2026-07-13 01:23:12.834157,2.10807204246521,-6.362461566925049,1981.5797805786133,824.7410655021667,1820.8911895751953,820.9128379821777,50.0,39.0,1,1,0,0
1783876992901173000,2026-07-13 01:23:12.901173,2.388212203979492,-6.328764915466309,1933.8239669799805,811.8091225624084,1933.8239669799805,820.9128379821777,47.0,36.5,1,1,0,0
1783876992973276500,2026-07-13 01:23:12.973276,2.187440872192383,-6.883255958557129,2050.8790969848633,781.2187075614929,1933.8239669799805,781.2187075614929,46.5,38.0,1,1,0,0
1783876993072560800,2026-07-13 01:23:13.072561,2.4120261669158936,-6.694964408874512,1896.9810485839844,843.8934683799744,1896.9810485839844,820.9128379821777,46.5,30.0,1,1,0,0
1783876993170518300,2026-07-13 01:23:13.170518,2.8085827827453613,-6.66601037979126,1974.0177154541016,823.8936066627502,1933.8239669799805,820.9128379821777,48.5,34.0,1,1,0,0
1783876993237518900,2026-07-13 01:23:13.237519,2.564668655395508,-5.109508037567139,1791.2431716918945,642.7598595619202,1933.8239669799805,781.2187075614929,48.0,35.0,1,1,0,0
1783876993307428400,2026-07-13 01:23:13.307428,2.3776447772979736,-6.335899829864502,1998.3572006225586,795.3164577484131,1933.8239669799805,820.9128379821777,42.5,33.0,1,1,0,0
1783876993405149500,2026-07-13 01:23:13.405149,0.13388721644878387,-7.506841659545898,287.6105308532715,1473.4069108963013,1933.8239669799805,820.9128379821777,40.0,20.5,1,1,0,0
1783876993476185800,2026-07-13 01:23:13.476186,-0.08240319788455963,-6.672054290771484,196.5692639350891,1244.2307472229004,1933.8239669799805,820.9128379821777,46.5,17.5,1,1,0,0
1783876993575992600,2026-07-13 01:23:13.575993,0.9807665348052979,-7.18003511428833,710.7250213623047,1145.1961994171143,1933.8239669799805,820.9128379821777,38.5,13.0,1,1,0,0
1783876993672228400,2026-07-13 01:23:13.672228,1.5928996801376343,-8.14072036743164,1215.8943176269531,1404.0666818618774,1215.8943176269531,1145.1961994171143,45.0,13.5,1,1,0,0
1783876993742069400,2026-07-13 01:23:13.742069,1.8953230381011963,-8.644511222839355,1552.788257598877,1382.2978734970093,1552.788257598877,1145.1961994171143,39.5,24.0,1,1,0,0
1783876993809453000,2026-07-13 01:23:13.809453,1.634687900543213,-8.899001121520996,1577.3141860961914,1451.046347618103,1577.3141860961914,1145.1961994171143,37.5,27.5,1,1,0,0
1783876993909622000,2026-07-13 01:23:13.909622,1.5959481000900269,-9.136072158813477,1409.927749633789,1587.807297706604,1409.927749633789,1382.2978734970093,41.5,19.0,1,1,0,0
1783876993977561000,2026-07-13 01:23:13.977561,1.7010778188705444,-10.05329418182373,2112.1747970581055,1570.669174194336,1552.788257598877,1382.2978734970093,44.5,24.0,1,1,0,0
1783876994077131900,2026-07-13 01:23:14.077132,1.9318594932556152,-9.950743675231934,2240.6116485595703,1578.9918899536133,1577.3141860961914,1451.046347618103,50.5,34.5,1,1,0,0
1783876994147208500,2026-07-13 01:23:14.147208,1.8571957349777222,-9.366992950439453,2241.950225830078,1459.0513706207275,1577.3141860961914,1459.0513706207275,49.0,33.5,1,1,0,0
1783876994247472800,2026-07-13 01:23:14.247473,1.7250776290893555,-8.24738883972168,2090.343475341797,1358.265995979309,2090.343475341797,1382.2978734970093,50.5,35.5,1,1,0,0
1783876994315076000,2026-07-13 01:23:14.315076,1.8794599771499634,-7.565409183502197,1845.8358764648438,1212.8010988235474,1845.8358764648438,1451.046347618103,52.5,28.5,1,1,0,0
1783876994413789200,2026-07-13 01:23:14.413789,1.8610607385635376,-6.871993541717529,1732.7863693237305,1051.3836145401,1732.7863693237305,1382.2978734970093,54.0,35.5,1,1,0,0
1783876994514161200,2026-07-13 01:23:14.514161,1.8522298336029053,-6.661661148071289,1884.8442077636719,854.9116849899292,1884.8442077636719,1358.265995979309,54.5,31.0,1,1,0,0
1783876994582273700,2026-07-13 01:23:14.582274,2.113922119140625,-5.416600704193115,1625.9452819824219,699.3087530136108,1845.8358764648438,1212.8010988235474,56.5,31.0,1,1,0,0
1783876994683052600,2026-07-13 01:23:14.683053,2.2836825847625732,-5.033764362335205,1658.2176208496094,631.2335133552551,1732.7863693237305,1051.3836145401,55.0,37.5,1,1,0,0
1783876994780800600,2026-07-13 01:23:14.780801,2.307877779006958,-5.189411640167236,1638.5248184204102,675.0009059906006,1732.7863693237305,854.9116849899292,55.5,36.5,1,1,0,0
1783876994849839400,2026-07-13 01:23:14.849839,2.1094706058502197,-6.536313533782959,1722.3302841186523,847.6345539093018,1722.3302841186523,847.6345539093018,53.5,41.0,1,1,0,0
1783876994947697500,2026-07-13 01:23:14.947697,2.196122169494629,-6.437668323516846,1639.1002655029297,846.4792966842651,1722.3302841186523,847.6345539093018,57.5,37.0,1,1,0,0
1783876995014791000,2026-07-13 01:23:15.014791,2.297057628631592,-6.365165710449219,1700.2758026123047,836.3237380981445,1722.3302841186523,847.6345539093018,51.0,33.0,1,1,0,0
1783876995083361300,2026-07-13 01:23:15.083361,2.3920605182647705,-6.618129253387451,1763.023567199707,845.3183770179749,1722.3302841186523,847.6345539093018,54.0,40.0,1,1,0,0
1783876995150666900,2026-07-13 01:23:15.150667,2.2502574920654297,-6.183882236480713,1815.0434494018555,816.952109336853,1722.3302841186523,846.4792966842651,52.0,32.5,1,1,0,0
1783876995218074000,2026-07-13 01:23:15.218074,2.5166738033294678,-5.021203517913818,1504.542636871338,667.7727103233337,1722.3302841186523,845.3183770179749,52.0,37.0,1,1,0,0
1783876995287447000,2026-07-13 01:23:15.287447,2.629070997238159,-5.3860297203063965,1492.69437789917,713.0718231201172,1722.3302841186523,845.3183770179749,52.0,38.5,1,1,0,0
1783876995386101200,2026-07-13 01:23:15.386101,2.1708438396453857,-6.231040954589844,1680.6081771850586,874.5162487030029,1722.3302841186523,846.4792966842651,52.5,38.5,1,1,0,0
1783876995484834600,2026-07-13 01:23:15.484835,2.2864673137664795,-5.847509860992432,1667.6300048828125,783.5244536399841,1680.6081771850586,845.3183770179749,52.5,42.0,1,1,0,0
1783876995554280200,2026-07-13 01:23:15.554280,2.1535041332244873,-5.802557468414307,1783.4516525268555,717.9594039916992,1722.3302841186523,845.3183770179749,53.5,35.5,1,1,0,0
1783876995658010200,2026-07-13 01:23:15.658010,2.2537550926208496,-6.369363307952881,1767.4009323120117,811.8950128555298,1722.3302841186523,845.3183770179749,53.5,42.0,1,1,0,0
1783876995757858700,2026-07-13 01:23:15.757859,2.327758312225342,-5.878267765045166,1585.9782218933105,752.7171969413757,1680.6081771850586,811.8950128555298,55.0,35.5,1,1,0,0
1783876995856152400,2026-07-13 01:23:15.856152,2.368215322494507,-5.717671871185303,1604.676628112793,730.9794425964355,1722.3302841186523,811.8950128555298,52.5,41.0,1,1,0,0
1783876995927390600,2026-07-13 01:23:15.927391,2.286163091659546,-5.5927958488464355,1663.479995727539,702.8121948242188,1680.6081771850586,811.8950128555298,52.0,43.5,1,1,0,0
1783876995995210500,2026-07-13 01:23:15.995210,2.245896816253662,-5.27157735824585,1610.4785919189453,671.0116267204285,1663.479995727539,752.7171969413757,52.0,46.5,1,1,0,0
1783876996062957100,2026-07-13 01:23:16.062957,2.205190420150757,-5.284231662750244,1645.6449508666992,715.2813673019409,1663.479995727539,730.9794425964355,54.0,50.0,1,1,0,0
1783876996163018500,2026-07-13 01:23:16.163018,2.40899920463562,-5.448886871337891,1673.7213134765625,685.2537393569946,1673.7213134765625,715.2813673019409,53.5,38.5,1,1,0,0
1783876996260498900,2026-07-13 01:23:16.260499,2.4211103916168213,-5.643340110778809,1730.9362411499023,713.4687304496765,1663.479995727539,715.2813673019409,48.0,38.5,1,1,0,0
1783876996327229500,2026-07-13 01:23:16.327229,2.34020733833313,-6.916111469268799,1659.4331741333008,893.056333065033,1663.479995727539,730.9794425964355,50.0,42.0,1,1,0,0
1783876996398167800,2026-07-13 01:23:16.398168,1.9640635251998901,-7.797558307647705,1744.2302703857422,1186.2646341323853,1673.7213134765625,715.2813673019409,46.0,32.5,1,1,0,0
1783876996495638400,2026-07-13 01:23:16.495639,1.549420714378357,-12.21265697479248,1042.2575950622559,1821.0862874984741,1663.479995727539,730.9794425964355,17.5,6.0,1,1,0,0
1783876996597286300,2026-07-13 01:23:16.597286,1.5354565382003784,-10.349982261657715,1459.3871116638184,1686.832070350647,1663.479995727539,893.056333065033,20.5,12.0,1,1,0,0
1783876996664710900,2026-07-13 01:23:16.664711,1.6043790578842163,-9.417292594909668,1432.8524589538574,1521.0703611373901,1663.479995727539,1186.2646341323853,40.0,21.5,1,1,0,0
1783876996765453500,2026-07-13 01:23:16.765454,1.610341191291809,-9.810598373413086,1104.465675354004,1678.1015396118164,1459.3871116638184,1521.0703611373901,42.5,16.0,1,1,0,0
1783876996833113400,2026-07-13 01:23:16.833113,1.6197789907455444,-11.169628143310547,876.954460144043,1647.1840143203735,1459.3871116638184,1521.0703611373901,33.5,24.5,1,1,0,0
1783876996900591700,2026-07-13 01:23:16.900592,1.3469518423080444,-11.179228782653809,711.1112117767334,1655.410647392273,1432.8524589538574,1521.0703611373901,38.0,18.5,1,1,0,0
1783876996967760000,2026-07-13 01:23:16.967760,1.1177128553390503,-11.012206077575684,628.9955615997314,1689.128041267395,1104.465675354004,1647.1840143203735,44.5,17.0,1,1,0,0
1783876997035199600,2026-07-13 01:23:17.035199,1.0399261713027954,-10.2648286819458,639.5478248596191,1635.0610256195068,876.954460144043,1635.0610256195068,48.5,24.5,1,1,0,0
1783876997102292000,2026-07-13 01:23:17.102292,0.7772737741470337,-9.122784614562988,574.8685836791992,1569.7263479232788,711.1112117767334,1569.7263479232788,45.5,19.5,1,1,0,0
1783876997170554900,2026-07-13 01:23:17.170555,0.9820335507392883,-10.928659439086914,646.3539600372314,1710.3008031845093,646.3539600372314,1647.1840143203735,50.5,29.0,1,1,0,0
1783876997268523200,2026-07-13 01:23:17.268523,1.7492337226867676,-10.575902938842773,1161.3378524780273,1665.0630235671997,876.954460144043,1635.0610256195068,50.0,27.5,1,1,0,0
1783876997336979000,2026-07-13 01:23:17.336979,2.0953173637390137,-11.749775886535645,1254.4110298156738,1697.3193883895874,711.1112117767334,1647.1840143203735,48.5,34.5,1,1,0,0
1783876997407388300,2026-07-13 01:23:17.407388,2.2430362701416016,-11.167401313781738,1372.963809967041,1630.4163932800293,876.954460144043,1647.1840143203735,47.5,25.0,1,1,0,0
1783876997505250200,2026-07-13 01:23:17.505250,1.9719468355178833,-10.881539344787598,1319.176197052002,1574.8077630996704,1161.3378524780273,1635.0610256195068,41.0,12.0,1,1,0,0
1783876997607411800,2026-07-13 01:23:17.607412,1.9796578884124756,-10.38267993927002,1464.0610694885254,1632.5048208236694,1254.4110298156738,1635.0610256195068,35.5,15.0,1,1,0,0
1783876997705350200,2026-07-13 01:23:17.705350,2.4692728519439697,-11.109965324401855,1588.5214805603027,1689.6904706954956,1319.176197052002,1647.1840143203735,44.0,22.5,1,1,0,0
1783876997772777600,2026-07-13 01:23:17.772778,2.189955949783325,-10.921085357666016,1564.6690368652344,1674.1267442703247,1319.176197052002,1635.0610256195068,44.0,23.5,1,1,0,0
1783876997874326300,2026-07-13 01:23:17.874326,2.430072069168091,-10.53715991973877,1653.959846496582,1637.2361183166504,1464.0610694885254,1637.2361183166504,40.0,19.0,1,1,0,0
1783876997973976100,2026-07-13 01:23:17.973976,2.2196614742279053,-10.878870964050293,1789.8517608642578,1682.8478574752808,1564.6690368652344,1647.1840143203735,44.5,23.0,1,1,0,0
1783876998070354700,2026-07-13 01:23:18.070355,2.1034905910491943,-9.895305633544922,1886.31591796875,1548.2286214828491,1564.6690368652344,1635.0610256195068,47.5,31.0,1,1,0,0
1783876998140009200,2026-07-13 01:23:18.140009,1.912462830543518,-8.922514915466309,1886.0845565795898,1430.8310747146606,1653.959846496582,1637.2361183166504,42.5,24.5,1,1,0,0
1783876998211735600,2026-07-13 01:23:18.211735,1.8697131872177124,-7.900384426116943,1845.235252380371,1259.8215341567993,1789.8517608642578,1635.0610256195068,45.5,30.0,1,1,0,0
1783876998307861400,2026-07-13 01:23:18.307862,2.241339921951294,-5.771129131317139,1426.086139678955,776.021420955658,1564.6690368652344,1548.2286214828491,45.5,32.5,1,1,0,0
1783876998375080200,2026-07-13 01:23:18.375080,2.3612453937530518,-5.617684364318848,1383.7852478027344,746.7308044433594,1653.959846496582,1430.8310747146606,53.0,40.5,1,1,0,0
1783876998444163000,2026-07-13 01:23:18.444163,2.4222073554992676,-5.714380741119385,1412.874698638916,768.9560651779175,1564.6690368652344,1259.8215341567993,54.5,39.0,1,1,0,0
1783876998511256700,2026-07-13 01:23:18.511257,2.4006385803222656,-5.2146687507629395,1489.0674591064453,726.8460392951965,1489.0674591064453,776.021420955658,52.0,38.0,1,1,0,0
1783876998579869800,2026-07-13 01:23:18.579870,2.3717803955078125,-6.741446018218994,1600.9601593017578,928.5857081413269,1600.9601593017578,928.5857081413269,52.5,42.0,1,1,0,0
1783876998648107000,2026-07-13 01:23:18.648107,2.55692720413208,-7.502382278442383,1643.381690979004,992.4764633178711,1564.6690368652344,992.4764633178711,53.0,36.5,1,1,0,0
1783876998747073100,2026-07-13 01:23:18.747073,2.2520687580108643,-6.674294948577881,1729.6449661254883,939.4651055335999,1600.9601593017578,928.5857081413269,49.0,42.0,1,1,0,0
1783876998848825000,2026-07-13 01:23:18.848825,2.403388738632202,-5.9310126304626465,1660.1076126098633,784.4721078872681,1600.9601593017578,928.5857081413269,53.0,42.0,1,1,0,0
1783876998916335100,2026-07-13 01:23:18.916335,2.4096686840057373,-5.785906791687012,1627.4805068969727,753.5973191261292,1627.4805068969727,928.5857081413269,54.5,39.0,1,1,0,0
1783876998984063800,2026-07-13 01:23:18.984064,2.250802755355835,-5.946881294250488,1699.7318267822266,773.2859253883362,1627.4805068969727,928.5857081413269,52.0,32.5,1,1,0,0
1783876999051509800,2026-07-13 01:23:19.051510,2.3726325035095215,-5.108413219451904,1582.5307846069336,669.3800091743469,1600.9601593017578,784.4721078872681,53.0,30.0,1,1,0,0
1783876999118962400,2026-07-13 01:23:19.118963,2.379171371459961,-5.355985164642334,1520.4331398010254,722.049355506897,1627.4805068969727,773.2859253883362,53.0,34.0,1,1,0,0
1783876999217071400,2026-07-13 01:23:19.217071,2.4367411136627197,-4.8802618980407715,1440.6316757202148,690.4134750366211,1600.9601593017578,773.2859253883362,53.0,34.0,1,1,0,0
1783876999287194800,2026-07-13 01:23:19.287195,2.1268532276153564,-6.188487529754639,1655.567741394043,906.6774845123291,1600.9601593017578,784.4721078872681,48.5,31.5,1,1,0,0
1783876999385632500,2026-07-13 01:23:19.385633,2.0583722591400146,-8.920868873596191,1976.405906677246,1471.3648557662964,1627.4805068969727,773.2859253883362,46.0,25.5,1,1,0,0
1783876999485618600,2026-07-13 01:23:19.485619,2.0044312477111816,-9.017190933227539,2019.179344177246,1499.930739402771,1627.4805068969727,784.4721078872681,45.5,31.0,1,1,0,0
1783876999555096300,2026-07-13 01:23:19.555096,1.7864216566085815,-8.961087226867676,2149.7201919555664,1499.510645866394,1655.567741394043,906.6774845123291,45.0,25.5,1,1,0,0
1783876999653500900,2026-07-13 01:23:19.653501,1.8496841192245483,-8.791584968566895,2106.193733215332,1420.166015625,1976.405906677246,1420.166015625,48.5,25.0,1,1,0,0
1783876999724007400,2026-07-13 01:23:19.724007,1.7666586637496948,-8.970829963684082,2081.7020416259766,1562.163233757019,2019.179344177246,1420.166015625,46.5,28.5,1,1,0,0
1783876999823690000,2026-07-13 01:23:19.823690,1.9350330829620361,-7.898256301879883,1930.367660522461,1362.4215126037598,1930.367660522461,1362.4215126037598,45.0,34.0,1,1,0,0
1783876999921090000,2026-07-13 01:23:19.921090,1.5129286050796509,-8.734780311584473,2322.650909423828,1514.4684314727783,2019.179344177246,1420.166015625,41.5,30.5,1,1,0,0
1783877000023013600,2026-07-13 01:23:20.023014,1.8464986085891724,-6.3691630363464355,1787.1875762939453,1106.0320138931274,2019.179344177246,1420.166015625,41.0,34.0,1,1,0,0
1783877000122074300,2026-07-13 01:23:20.122074,2.1324093341827393,-6.148605823516846,1757.2267532348633,973.1925129890442,1930.367660522461,1362.4215126037598,45.5,32.0,1,1,0,0
1783877000190591000,2026-07-13 01:23:20.190591,2.3063743114471436,-5.6821722984313965,1773.4743118286133,865.3404712677002,1930.367660522461,1362.4215126037598,45.5,35.5,1,1,0,0
1783877000259629900,2026-07-13 01:23:20.259630,2.1194775104522705,-4.563526630401611,1647.817039489746,744.9480891227722,1787.1875762939453,1106.0320138931274,46.5,35.5,1,1,0,0
1783877000326623300,2026-07-13 01:23:20.326623,1.9385844469070435,-5.343939304351807,1756.485366821289,787.4459028244019,1773.4743118286133,973.1925129890442,48.5,34.0,1,1,0,0
1783877000429427800,2026-07-13 01:23:20.429428,2.0562210083007812,-4.619027614593506,1539.8673057556152,695.8145499229431,1773.4743118286133,865.3404712677002,47.5,32.0,1,1,0,0
1783877000497298300,2026-07-13 01:23:20.497298,2.253051996231079,-4.320581912994385,1563.8729095458984,591.6724801063538,1756.485366821289,787.4459028244019,51.0,34.5,1,1,0,0
1783877000593903200,2026-07-13 01:23:20.593903,2.3348233699798584,-3.349153518676758,1509.9629402160645,506.7458152770996,1756.485366821289,787.4459028244019,49.5,35.0,1,1,0,0
1783877000693034600,2026-07-13 01:23:20.693034,2.2114059925079346,-4.679202556610107,1523.5102653503418,665.54856300354,1563.8729095458984,695.8145499229431,48.5,33.0,1,1,0,0
1783877000763062700,2026-07-13 01:23:20.763063,2.055535316467285,-4.603063583374023,1546.6980934143066,643.3035731315613,1563.8729095458984,665.54856300354,48.5,31.0,1,1,0,0
1783877000833423300,2026-07-13 01:23:20.833423,2.050694465637207,-4.325078010559082,1508.9603424072266,678.3612966537476,1546.6980934143066,678.3612966537476,47.5,35.5,1,1,0,0
1783877000930737700,2026-07-13 01:23:20.930738,2.4056320190429688,-3.985243320465088,1554.7194480895996,600.3786325454712,1554.7194480895996,665.54856300354,48.5,29.5,1,1,0,0
1783877001031155600,2026-07-13 01:23:21.031156,2.3187036514282227,-4.788806438446045,1633.8188171386719,648.8942503929138,1563.8729095458984,665.54856300354,51.0,42.0,1,1,0,0
1783877001098448400,2026-07-13 01:23:21.098448,2.3152716159820557,-3.9168989658355713,1481.4743041992188,580.9956789016724,1546.6980934143066,665.54856300354,46.0,35.0,1,1,0,0
1783877001168648200,2026-07-13 01:23:21.168648,2.2328736782073975,-4.097262382507324,1539.0190124511719,598.5944867134094,1554.7194480895996,648.8942503929138,48.0,32.0,1,1,0,0
1783877001267255800,2026-07-13 01:23:21.267256,2.18932843208313,-4.375160217285156,1483.0798149108887,663.1684899330139,1546.6980934143066,663.1684899330139,47.0,36.5,1,1,0,0
1783877001334167800,2026-07-13 01:23:21.334168,2.5270345211029053,-4.563586711883545,1537.0963096618652,639.6810412406921,1539.0190124511719,648.8942503929138,52.0,44.5,1,1,0,0
1783877001402211400,2026-07-13 01:23:21.402211,2.3599772453308105,-5.421677589416504,1687.5368118286133,702.2148966789246,1554.7194480895996,648.8942503929138,54.5,31.0,1,1,0,0
1783877001469406600,2026-07-13 01:23:21.469407,2.246703863143921,-4.125862121582031,1500.1708984375,575.6160020828247,1539.0190124511719,648.8942503929138,48.5,35.5,1,1,0,0
1783877001570285000,2026-07-13 01:23:21.570285,2.573162794113159,-3.712742567062378,1581.5851211547852,507.85601139068604,1539.0190124511719,648.8942503929138,50.0,36.5,1,1,0,0
1783877001637978200,2026-07-13 01:23:21.637978,2.29207444190979,-4.313314914703369,1593.8651084899902,574.4437575340271,1554.7194480895996,648.8942503929138,53.5,43.5,1,1,0,0
1783877001705970700,2026-07-13 01:23:21.705971,2.3421003818511963,-4.256565093994141,1482.7033996582031,595.5773591995239,1539.0190124511719,595.5773591995239,53.5,40.5,1,1,0,0
1783877001773169200,2026-07-13 01:23:21.773169,2.4743545055389404,-3.516118049621582,1467.36421585083,527.3244380950928,1539.0190124511719,595.5773591995239,48.5,44.5,1,1,0,0
1783877001839989400,2026-07-13 01:23:21.839989,2.5186188220977783,-3.801762104034424,1476.2937545776367,537.2147560119629,1539.0190124511719,595.5773591995239,48.0,43.5,1,1,0,0
1783877001910018400,2026-07-13 01:23:21.910018,2.3236794471740723,-4.253743648529053,1529.5587539672852,614.7876977920532,1529.5587539672852,595.5773591995239,47.5,32.5,1,1,0,0
1783877002007318300,2026-07-13 01:23:22.007318,2.6005666255950928,-2.9927287101745605,1449.483871459961,483.03356766700745,1529.5587539672852,595.5773591995239,51.0,31.5,1,1,0,0
1783877002074768100,2026-07-13 01:23:22.074768,2.3058111667633057,-2.819629669189453,1394.1916465759277,437.2599422931671,1529.5587539672852,595.5773591995239,51.0,36.5,1,1,0,0
1783877002177958000,2026-07-13 01:23:22.177958,2.5485827922821045,-3.0433509349823,1480.416488647461,473.74290227890015,1529.5587539672852,595.5773591995239,48.0,44.5,1,1,0,0
1783877002277878300,2026-07-13 01:23:22.277878,2.3426506519317627,-4.526241779327393,1589.0460014343262,636.4919543266296,1529.5587539672852,595.5773591995239,49.5,47.5,1,1,0,0
1783877002377570700,2026-07-13 01:23:22.377571,1.4310152530670166,-12.212780952453613,1058.5260391235352,1935.2959394454956,1529.5587539672852,595.5773591995239,17.0,2.0,1,1,0,0
1783877002478047000,2026-07-13 01:23:22.478047,1.2748931646347046,-9.781180381774902,1228.3719062805176,1669.5935726165771,1529.5587539672852,595.5773591995239,22.5,9.5,1,1,0,0
1783877002546086900,2026-07-13 01:23:22.546087,1.6603448390960693,-8.06827449798584,1841.6955947875977,1412.4118089675903,1529.5587539672852,636.4919543266296,36.5,23.5,1,1,0,0
1783877002613552600,2026-07-13 01:23:22.613553,2.2357423305511475,-6.216728210449219,1614.2339706420898,919.725239276886,1529.5587539672852,919.725239276886,45.0,33.0,1,1,0,0
1783877002683207000,2026-07-13 01:23:22.683207,2.196265459060669,-5.797719478607178,1716.623878479004,843.0683612823486,1529.5587539672852,843.0683612823486,49.5,35.0,1,1,0,0
1783877002750135400,2026-07-13 01:23:22.750135,2.1155762672424316,-5.557270526885986,1631.138038635254,832.173228263855,1614.2339706420898,832.173228263855,49.0,42.0,1,1,0,0
1783877002819564000,2026-07-13 01:23:22.819564,2.18322491645813,-4.846919059753418,1593.2137489318848,673.5913157463074,1593.2137489318848,843.0683612823486,47.5,30.5,1,1,0,0
1783877002917829100,2026-07-13 01:23:22.917829,2.471022844314575,-4.129850387573242,1519.4741249084473,584.9790573120117,1529.5587539672852,832.173228263855,46.0,42.5,1,1,0,0
1783877003017248000,2026-07-13 01:23:23.017248,2.4890599250793457,-4.00905704498291,1512.4186515808105,614.8934960365295,1593.2137489318848,832.173228263855,47.0,38.0,1,1,0,0
1783877003087853900,2026-07-13 01:23:23.087854,2.497563600540161,-3.991757869720459,1580.4680824279785,546.7075705528259,1580.4680824279785,673.5913157463074,46.0,36.0,1,1,0,0
1783877003188082500,2026-07-13 01:23:23.188082,2.1639702320098877,-4.5234599113464355,1628.6273956298828,554.8478364944458,1580.4680824279785,614.8934960365295,49.5,40.0,1,1,0,0
1783877003254821300,2026-07-13 01:23:23.254821,2.3350632190704346,-4.256819248199463,1571.3743209838867,545.446515083313,1580.4680824279785,614.8934960365295,49.5,44.0,1,1,0,0
1783877003322151500,2026-07-13 01:23:23.322151,2.1110410690307617,-4.738412857055664,1590.641212463379,670.4518795013428,1580.4680824279785,670.4518795013428,47.0,36.0,1,1,0,0
1783877003420670000,2026-07-13 01:23:23.420670,2.2057251930236816,-3.8200395107269287,1504.6021461486816,579.0033936500549,1580.4680824279785,614.8934960365295,52.0,37.5,1,1,0,0
1783877003523026300,2026-07-13 01:23:23.523026,2.1322267055511475,-4.376010417938232,1599.332618713379,618.7230944633484,1580.4680824279785,614.8934960365295,49.5,36.0,1,1,0,0
1783877003590483500,2026-07-13 01:23:23.590483,2.110313653945923,-4.419371604919434,1644.2384719848633,608.0952882766724,1580.4680824279785,614.8934960365295,50.0,35.5,1,1,0,0
1783877003689371600,2026-07-13 01:23:23.689372,2.289074182510376,-3.7536158561706543,1527.0275115966797,542.7191853523254,1580.4680824279785,614.8934960365295,49.0,35.5,1,1,0,0
1783877003757160800,2026-07-13 01:23:23.757161,2.258000373840332,-5.07539176940918,1569.2131042480469,779.3654799461365,1580.4680824279785,614.8934960365295,47.0,36.5,1,1,0,0
1783877003856493000,2026-07-13 01:23:23.856493,2.20861554145813,-4.6420578956604,1605.5479049682617,727.6796698570251,1580.4680824279785,614.8934960365295,47.0,36.5,1,1,0,0
1783877003923522200,2026-07-13 01:23:23.923522,2.206660032272339,-4.570355415344238,1591.2668228149414,602.2467017173767,1580.4680824279785,614.8934960365295,52.5,36.5,1,1,0,0
1783877003990591400,2026-07-13 01:23:23.990592,2.2338125705718994,-4.913242816925049,1527.0031929016113,697.6101994514465,1580.4680824279785,614.8934960365295,47.0,34.0,1,1,0,0
1783877004090711600,2026-07-13 01:23:24.090712,2.3587403297424316,-3.902613401412964,1521.5849876403809,548.7942099571228,1580.4680824279785,614.8934960365295,48.5,36.0,1,1,0,0
1783877004194268700,2026-07-13 01:23:24.194269,2.172116279602051,-4.3330254554748535,1594.167137145996,686.2937211990356,1580.4680824279785,614.8934960365295,46.5,30.0,1,1,0,0
1783877004293296000,2026-07-13 01:23:24.293296,1.4704238176345825,-8.103564262390137,1753.90625,1601.470947265625,1580.4680824279785,614.8934960365295,38.5,29.5,1,1,0,0
1783877004392109300,2026-07-13 01:23:24.392109,1.7632813453674316,-6.492726802825928,1427.2526741027832,1159.961462020874,1580.4680824279785,614.8934960365295,42.0,22.5,1,1,0,0
1783877004460747700,2026-07-13 01:23:24.460748,1.8967176675796509,-7.454148769378662,1628.466796875,1352.1790504455566,1580.4680824279785,686.2937211990356,43.5,22.0,1,1,0,0
1783877004528103500,2026-07-13 01:23:24.528103,1.9630610942840576,-6.747154712677002,1635.5546951293945,1233.8156700134277,1580.4680824279785,1159.961462020874,38.0,20.5,1,1,0,0
1783877004628681000,2026-07-13 01:23:24.628681,2.1415247917175293,-7.9613566398620605,1686.775779724121,1375.802755355835,1580.4680824279785,1159.961462020874,36.5,22.0,1,1,0,0
1783877004727111000,2026-07-13 01:23:24.727111,2.0753514766693115,-7.413980960845947,1562.565517425537,1355.6123971939087,1580.4680824279785,1233.8156700134277,37.0,22.5,1,1,0,0
1783877004794898600,2026-07-13 01:23:24.794899,1.8100214004516602,-6.650624752044678,1456.5498352050781,1301.96213722229,1580.4680824279785,1233.8156700134277,36.0,27.5,1,1,0,0
1783877004892962600,2026-07-13 01:23:24.892962,1.4301172494888306,-7.561447620391846,1359.616756439209,1450.015902519226,1580.4680824279785,1301.96213722229,41.0,20.0,1,1,0,0
1783877004962365700,2026-07-13 01:23:24.962366,1.396081566810608,-7.991157054901123,1255.0549507141113,1498.0378150939941,1562.565517425537,1301.96213722229,37.0,15.0,1,1,0,0
1783877005033277000,2026-07-13 01:23:25.033277,0.9076562523841858,-8.066003799438477,852.6256561279297,1487.026333808899,1456.5498352050781,1301.96213722229,38.5,15.5,1,1,0,0
1783877005129985600,2026-07-13 01:23:25.129986,0.4526689052581787,-7.945066452026367,476.5176296234131,1511.0292434692383,1359.616756439209,1450.015902519226,39.0,19.0,1,1,0,0
1783877005197180900,2026-07-13 01:23:25.197181,0.11034171283245087,-8.473572731018066,328.9884567260742,1581.926941871643,1255.0549507141113,1487.026333808899,44.5,20.5,1,1,0,0
1783877005265237900,2026-07-13 01:23:25.265238,0.36540019512176514,-8.070340156555176,463.8465881347656,1529.2565822601318,852.6256561279297,1487.026333808899,39.5,20.5,1,1,0,0
1783877005365198000,2026-07-13 01:23:25.365198,1.0828207731246948,-8.039382934570312,781.7882061004639,1511.1292600631714,781.7882061004639,1511.0292434692383,40.5,26.5,1,1,0,0
1783877005465875700,2026-07-13 01:23:25.465876,0.7237660884857178,-8.771370887756348,563.4361267089844,1590.136170387268,781.7882061004639,1511.1292600631714,39.0,26.0,1,1,0,0
1783877005537276700,2026-07-13 01:23:25.537277,1.573053240776062,-6.5951948165893555,1139.8998260498047,1329.3628692626953,852.6256561279297,1487.026333808899,35.0,18.0,1,1,0,0
1783877005606303300,2026-07-13 01:23:25.606303,1.663902997970581,-7.083478927612305,1234.0874671936035,1305.148720741272,781.7882061004639,1511.0292434692383,38.5,22.0,1,1,0,0
1783877005701832600,2026-07-13 01:23:25.701833,1.1738845109939575,-9.727718353271484,1468.6468124389648,1847.9251861572266,852.6256561279297,1511.1292600631714,19.0,5.0,1,1,0,0
1783877005770009400,2026-07-13 01:23:25.770009,1.656046986579895,-11.887733459472656,1372.2403526306152,1967.7577018737793,1139.8998260498047,1511.0292434692383,13.0,2.0,1,1,0,0
1783877005838693700,2026-07-13 01:23:25.838694,0.9817366600036621,-10.268956184387207,954.8096656799316,1882.024645805359,954.8096656799316,1511.1292600631714,16.5,2.5,1,1,0,0
1783877005905377700,2026-07-13 01:23:25.905378,1.2048648595809937,-8.131942749023438,1225.3266334533691,1605.403184890747,1139.8998260498047,1605.403184890747,22.5,15.5,1,1,0,0
1783877005975848200,2026-07-13 01:23:25.975848,1.4567855596542358,-6.882668972015381,1386.1934661865234,1309.8896741867065,1139.8998260498047,1511.0292434692383,38.0,15.5,1,1,0,0
1783877006074777200,2026-07-13 01:23:26.074777,2.1820991039276123,-5.204037666320801,1477.7264595031738,812.1835589408875,1139.8998260498047,1511.1292600631714,47.0,31.5,1,1,0,0
1783877006173833100,2026-07-13 01:23:26.173833,2.4134645462036133,-4.516265869140625,1397.4664688110352,668.5060858726501,1225.3266334533691,1511.0292434692383,51.0,34.5,1,1,0,0
1783877006273591400,2026-07-13 01:23:26.273591,2.4083425998687744,-3.478247880935669,1486.6290092468262,455.64213395118713,1386.1934661865234,1309.8896741867065,47.0,31.0,1,1,0,0
1783877006375753800,2026-07-13 01:23:26.375754,2.005728006362915,-4.456051349639893,1637.7433776855469,560.0735545158386,1397.4664688110352,812.1835589408875,46.0,31.5,1,1,0,0
1783877006443165200,2026-07-13 01:23:26.443165,2.2891428470611572,-3.923490285873413,1455.3874969482422,569.4388151168823,1397.4664688110352,668.5060858726501,45.5,37.5,1,1,0,0
1783877006544415500,2026-07-13 01:23:26.544415,2.5710031986236572,-3.5821964740753174,1531.895351409912,517.8858637809753,1455.3874969482422,569.4388151168823,45.0,36.0,1,1,0,0
1783877006642154200,2026-07-13 01:23:26.642154,2.296351194381714,-4.870985507965088,1536.4277839660645,743.9160346984863,1455.3874969482422,743.9160346984863,50.0,35.5,1,1,0,0
1783877006711045100,2026-07-13 01:23:26.711045,2.3993566036224365,-4.099894046783447,1479.6965599060059,600.7933616638184,1455.3874969482422,600.7933616638184,50.5,31.0,1,1,0,0
1783877006779299400,2026-07-13 01:23:26.779299,2.468355417251587,-3.6883363723754883,1500.9931564331055,558.7441325187683,1479.6965599060059,569.4388151168823,46.0,32.5,1,1,0,0
1783877006851008900,2026-07-13 01:23:26.851009,2.4163177013397217,-3.7459945678710938,1486.963939666748,537.0571613311768,1479.6965599060059,600.7933616638184,46.0,32.5,1,1,0,0
1783877006945529200,2026-07-13 01:23:26.945529,2.1854984760284424,-4.199824333190918,1447.688388824463,616.9584393501282,1455.3874969482422,600.7933616638184,45.0,28.5,1,1,0,0
1783877007015440900,2026-07-13 01:23:27.015441,2.051015853881836,-4.5154900550842285,1451.2924194335938,639.471173286438,1479.6965599060059,600.7933616638184,45.0,36.0,1,1,0,0
1783877007115902200,2026-07-13 01:23:27.115902,2.019071578979492,-4.213602066040039,1488.3308410644531,560.8512163162231,1479.6965599060059,600.7933616638184,49.5,40.0,1,1,0,0
1783877007182580400,2026-07-13 01:23:27.182580,2.1281797885894775,-3.9058237075805664,1520.9675788879395,507.69054889678955,1479.6965599060059,600.7933616638184,43.5,36.0,1,1,0,0
1783877007251413900,2026-07-13 01:23:27.251414,2.1792821884155273,-4.042637348175049,1513.53759765625,554.4281601905823,1479.6965599060059,600.7933616638184,49.0,40.5,1,1,0,0
1783877007319592400,2026-07-13 01:23:27.319592,2.155728340148926,-4.6036248207092285,1601.2012481689453,603.2805442810059,1488.3308410644531,600.7933616638184,47.0,37.5,1,1,0,0
1783877007420297200,2026-07-13 01:23:27.420297,1.8690012693405151,-4.792518615722656,1637.4980926513672,714.7061228752136,1513.53759765625,600.7933616638184,47.0,30.0,1,1,0,0
1783877007518864100,2026-07-13 01:23:27.518864,0.7738400101661682,-10.034985542297363,818.821907043457,1947.6003646850586,1479.6965599060059,600.7933616638184,13.5,2.0,1,1,0,0
1783877007587385100,2026-07-13 01:23:27.587385,0.5825375914573669,-9.278875350952148,570.6606864929199,1836.3971710205078,1488.3308410644531,603.2805442810059,14.0,1.0,1,1,0,0
1783877007688008200,2026-07-13 01:23:27.688008,1.4222749471664429,-8.20068359375,1344.2520141601562,1487.6906871795654,1479.6965599060059,714.7061228752136,31.0,17.0,1,1,0,0
1783877007754937100,2026-07-13 01:23:27.754937,2.119014263153076,-5.142401695251465,1500.728702545166,767.2027945518494,1479.6965599060059,767.2027945518494,44.5,32.0,1,1,0,0
1783877007824737100,2026-07-13 01:23:27.824737,2.209928512573242,-5.404865741729736,1667.051124572754,761.5841627120972,1488.3308410644531,761.5841627120972,47.0,41.0,1,1,0,0
1783877007892921300,2026-07-13 01:23:27.892921,2.192605972290039,-4.705431938171387,1534.8219871520996,636.7261409759521,1488.3308410644531,714.7061228752136,48.5,29.0,1,1,0,0
1783877007994759200,2026-07-13 01:23:27.994759,2.377034902572632,-4.323940753936768,1457.2190284729004,561.2819194793701,1479.6965599060059,761.5841627120972,47.0,39.0,1,1,0,0
1783877008090823400,2026-07-13 01:23:28.090823,2.3344757556915283,-5.778285503387451,1546.5153694152832,756.9461464881897,1488.3308410644531,756.9461464881897,47.0,39.5,1,1,0,0
1783877008160348000,2026-07-13 01:23:28.160348,2.263620138168335,-5.19982385635376,1501.4559745788574,678.7744760513306,1488.3308410644531,714.7061228752136,49.5,36.0,1,1,0,0
1783877008258759400,2026-07-13 01:23:28.258759,2.3139233589172363,-4.648092746734619,1560.8075141906738,560.3832006454468,1488.3308410644531,714.7061228752136,47.0,39.0,1,1,0,0
1783877008325953300,2026-07-13 01:23:28.325953,2.308607339859009,-4.798991680145264,1576.5288352966309,626.5697479248047,1501.4559745788574,714.7061228752136,47.0,39.0,1,1,0,0
1783877008393036800,2026-07-13 01:23:28.393037,2.3594799041748047,-4.676206111907959,1564.1242027282715,598.5103249549866,1501.4559745788574,678.7744760513306,46.0,36.5,1,1,0,0
1783877008463093000,2026-07-13 01:23:28.463093,2.248450994491577,-5.167758464813232,1620.3649520874023,619.4948554039001,1560.8075141906738,626.5697479248047,51.0,34.0,1,1,0,0
1783877008564681800,2026-07-13 01:23:28.564682,2.578747510910034,-4.22988748550415,1593.1492805480957,522.3063230514526,1564.1242027282715,626.5697479248047,51.0,35.5,1,1,0,0
1783877008664619800,2026-07-13 01:23:28.664620,2.4553768634796143,-4.28041410446167,1521.180820465088,508.8045597076416,1521.180820465088,619.4948554039001,49.5,36.5,1,1,0,0
1783877008732215600,2026-07-13 01:23:28.732216,2.3464787006378174,-3.9346399307250977,1376.705551147461,539.528489112854,1560.8075141906738,619.4948554039001,52.5,36.0,1,1,0,0
1783877008799306600,2026-07-13 01:23:28.799306,2.4803307056427,-3.7845211029052734,1405.9130668640137,540.0968790054321,1521.180820465088,540.0968790054321,50.5,35.5,1,1,0,0
1783877008899172900,2026-07-13 01:23:28.899173,2.2800166606903076,-5.076932430267334,1502.583408355713,646.1064219474792,1521.180820465088,619.4948554039001,45.5,40.5,1,1,0,0
1783877008999555800,2026-07-13 01:23:28.999556,1.977589726448059,-4.306446552276611,1522.2084999084473,579.0416598320007,1522.2084999084473,579.0416598320007,49.0,35.5,1,1,0,0
1783877009069047600,2026-07-13 01:23:29.069047,2.2040255069732666,-4.278046131134033,1551.7509460449219,529.2227268218994,1521.180820465088,540.0968790054321,48.5,32.5,1,1,0,0
1783877009136117000,2026-07-13 01:23:29.136117,2.3256661891937256,-3.4927191734313965,1413.813591003418,455.6218385696411,1521.180820465088,579.0416598320007,49.0,44.5,1,1,0,0
1783877009235042800,2026-07-13 01:23:29.235043,2.396064519882202,-3.9501025676727295,1538.0990982055664,553.600013256073,1522.2084999084473,553.600013256073,50.0,42.0,1,1,0,0
1783877009304114900,2026-07-13 01:23:29.304115,2.3207852840423584,-4.130598545074463,1509.678554534912,551.3080954551697,1521.180820465088,551.3080954551697,51.5,34.0,1,1,0,0
1783877009403271200,2026-07-13 01:23:29.403271,2.174421787261963,-4.1347527503967285,1515.4951095581055,582.8050971031189,1521.180820465088,579.0416598320007,49.5,38.0,1,1,0,0
1783877009503612800,2026-07-13 01:23:29.503613,2.2612626552581787,-4.765671253204346,1613.7405395507812,587.893545627594,1522.2084999084473,553.600013256073,47.0,36.5,1,1,0,0
1783877009572253300,2026-07-13 01:23:29.572253,2.217827081680298,-5.031824588775635,1683.1298828125,617.2365546226501,1521.180820465088,579.0416598320007,53.0,43.5,1,1,0,0
1783877009640630400,2026-07-13 01:23:29.640630,2.090338945388794,-4.767548084259033,1515.2344703674316,676.4644980430603,1521.180820465088,582.8050971031189,49.5,42.0,1,1,0,0
1783877009737688900,2026-07-13 01:23:29.737689,2.2712206840515137,-5.2806010246276855,1675.5424499511719,668.7779426574707,1522.2084999084473,587.893545627594,53.5,43.0,1,1,0,0
1783877009805276500,2026-07-13 01:23:29.805276,2.201981782913208,-4.673534870147705,1583.3653450012207,573.6782550811768,1522.2084999084473,579.0416598320007,53.0,33.0,1,1,0,0
1783877009873211500,2026-07-13 01:23:29.873211,2.3090524673461914,-4.528099536895752,1561.3794326782227,592.4907922744751,1522.2084999084473,587.893545627594,50.0,34.0,1,1,0,0
1783877009940564600,2026-07-13 01:23:29.940564,2.166796922683716,-4.425337314605713,1477.9247283935547,605.949878692627,1522.2084999084473,587.893545627594,52.5,34.0,1,1,0,0
1783877010039974800,2026-07-13 01:23:30.039975,2.038053035736084,-5.177109718322754,1614.150047302246,711.1793160438538,1522.2084999084473,587.893545627594,44.0,44.5,1,1,0,0
1783877010108627300,2026-07-13 01:23:30.108627,2.415787696838379,-4.314143657684326,1487.049961090088,607.1578860282898,1522.2084999084473,592.4907922744751,44.0,44.5,1,1,0,0
1783877010206400200,2026-07-13 01:23:30.206400,2.5933358669281006,-3.950052261352539,1520.1632499694824,521.9187140464783,1522.2084999084473,587.893545627594,49.5,43.5,1,1,0,0
1783877010275245300,2026-07-13 01:23:30.275245,2.562472105026245,-4.043610095977783,1577.844524383545,509.58389043807983,1522.2084999084473,587.893545627594,45.0,38.5,1,1,0,0
1783877010345582500,2026-07-13 01:23:30.345582,2.3558857440948486,-4.209550380706787,1542.000675201416,542.1387553215027,1522.2084999084473,587.893545627594,49.5,37.0,1,1,0,0
1783877010440745700,2026-07-13 01:23:30.440746,2.3470568656921387,-4.634104251861572,1633.1552505493164,628.873348236084,1522.2084999084473,587.893545627594,47.0,37.0,1,1,0,0
1783877010509075100,2026-07-13 01:23:30.509075,2.3569905757904053,-4.662008285522461,1611.335563659668,647.5083231925964,1542.000675201416,587.893545627594,48.0,37.0,1,1,0,0
1783877010577442100,2026-07-13 01:23:30.577442,2.4142978191375732,-4.059183597564697,1580.6554794311523,555.498480796814,1542.000675201416,587.893545627594,50.5,36.0,1,1,0,0
1783877010675657300,2026-07-13 01:23:30.675657,2.650942802429199,-3.367896556854248,1455.1648139953613,501.88374519348145,1522.2084999084473,587.893545627594,49.5,35.5,1,1,0,0
1783877010745531200,2026-07-13 01:23:30.745531,2.310368299484253,-4.35822057723999,1613.9169692993164,591.1557078361511,1542.000675201416,587.893545627594,48.0,38.5,1,1,0,0
1783877010815104000,2026-07-13 01:23:30.815104,2.3882815837860107,-4.193403244018555,1603.1417846679688,529.812753200531,1542.000675201416,587.893545627594,48.0,36.5,1,1,0,0
1783877010915549900,2026-07-13 01:23:30.915550,2.1555824279785156,-4.502402305603027,1593.1122779846191,643.7118053436279,1542.000675201416,587.893545627594,44.5,36.0,1,1,0,0
1783877011015409900,2026-07-13 01:23:31.015410,2.248056650161743,-4.61952543258667,1589.9774551391602,710.6002569198608,1589.9774551391602,587.893545627594,47.0,35.0,1,1,0,0
1783877011115298000,2026-07-13 01:23:31.115298,2.2031729221343994,-4.776066780090332,1565.170955657959,648.6694812774658,1565.170955657959,587.893545627594,48.5,37.0,1,1,0,0
1783877011184095200,2026-07-13 01:23:31.184095,2.454744577407837,-3.843820571899414,1497.3548889160156,561.1879825592041,1542.000675201416,587.893545627594,49.5,35.0,1,1,0,0
1783877011282020500,2026-07-13 01:23:31.282021,2.4104177951812744,-4.969862461090088,1591.584587097168,675.6272912025452,1589.9774551391602,587.893545627594,44.5,40.5,1,1,0,0
1783877011351040900,2026-07-13 01:23:31.351041,2.1672935485839844,-4.847595691680908,1664.9316787719727,642.8220868110657,1565.170955657959,587.893545627594,44.5,39.5,1,1,0,0
1783877011421054600,2026-07-13 01:23:31.421055,2.3419911861419678,-4.419022083282471,1504.510498046875,597.1337556838989,1542.000675201416,587.893545627594,44.0,37.0,1,1,0,0
1783877011520764500,2026-07-13 01:23:31.520764,2.232745409011841,-4.614798545837402,1627.9916763305664,569.2998170852661,1589.9774551391602,587.893545627594,50.5,34.0,1,1,0,0
1783877011620300000,2026-07-13 01:23:31.620300,2.092897653579712,-4.237721920013428,1518.975830078125,640.7875418663025,1565.170955657959,587.893545627594,51.5,36.0,1,1,0,0
1783877011690580600,2026-07-13 01:23:31.690580,1.9831409454345703,-5.197254657745361,1643.4104919433594,745.3426718711853,1565.170955657959,587.893545627594,52.0,31.0,1,1,0,0
