timestamp,datetime,raw_gaze_position_x,raw_gaze_position_y,calibrated_gaze_position_x,calibrated_gaze_position_y,filtered_gaze_position_x,filtered_gaze_position_y,left_eye_openness,right_eye_openness,tracking_status,status,event,trigger
1783873980933394200,2026-07-13 00:33:00.933394,NA,NA,NA,NA,NA,NA,0.0,0.0,0,0,0,1
1783873980952876900,2026-07-13 00:33:00.952877,NA,NA,NA,NA,NA,NA,0.0,0.0,0,0,0,0
1783873980988235600,2026-07-13 00:33:00.988235,NA,NA,NA,NA,NA,NA,0.0,0.0,0,0,0,0
1783873981023740300,2026-07-13 00:33:01.023741,NA,NA,NA,NA,NA,NA,0.0,0.0,0,0,0,0
1783873981050463900,2026-07-13 00:33:01.050464,NA,NA,NA,NA,NA,NA,0.0,0.0,0,0,0,0
1783873981083536100,2026-07-13 00:33:01.083536,NA,NA,NA,NA,NA,NA,0.0,0.0,0,0,0,0
1783873981117931500,2026-07-13 00:33:01.117932,NA,NA,NA,NA,NA,NA,0.0,0.0,0,0,0,0
1783873981151982700,2026-07-13 00:33:01.151983,NA,NA,NA,NA,NA,NA,0.0,0.0,0,0,0,0
1783873981186278200,2026-07-13 00:33:01.186278,NA,NA,NA,NA,NA,NA,0.0,0.0,0,0,0,0
1783873981221926700,2026-07-13 00:33:01.221927,NA,NA,NA,NA,NA,NA,0.0,0.0,0,0,0,0
1783873981254916300,2026-07-13 00:33:01.254916,NA,NA,NA,NA,NA,NA,0.0,0.0,0,0,0,0
1783873981291500700,2026-07-13 00:33:01.291501,NA,NA,NA,NA,NA,NA,0.0,0.0,0,0,0,0
1783873981318911000,2026-07-13 00:33:01.318911,NA,NA,NA,NA,NA,NA,0.0,0.0,0,0,0,0
1783873981352932800,2026-07-13 00:33:01.352933,NA,NA,NA,NA,NA,NA,0.0,0.0,0,0,0,0
1783873981391786100,2026-07-13 00:33:01.391786,NA,NA,NA,NA,NA,NA,0.0,0.0,0,0,0,0
1783873981419884800,2026-07-13 00:33:01.419885,NA,NA,NA,NA,NA,NA,0.0,0.0,0,0,0,0
1783873981455031700,2026-07-13 00:33:01.455032,NA,NA,NA,NA,NA,NA,0.0,0.0,0,0,0,0
1783873981491258400,2026-07-13 00:33:01.491258,NA,NA,NA,NA,NA,NA,0.0,0.0,0,0,0,0
1783873981525146600,2026-07-13 00:33:01.525147,NA,NA,NA,NA,NA,NA,0.0,0.0,0,0,0,0
1783873981561804000,2026-07-13 00:33:01.561804,NA,NA,NA,NA,NA,NA,0.0,0.0,0,0,0,0
1783873981591664700,2026-07-13 00:33:01.591665,NA,NA,NA,NA,NA,NA,0.0,0.0,0,0,0,0
1783873981630902900,2026-07-13 00:33:01.630903,NA,NA,NA,NA,NA,NA,0.0,0.0,0,0,0,0
1783873981667568200,2026-07-13 00:33:01.667568,NA,NA,NA,NA,NA,NA,0.0,0.0,0,0,0,0
1783873981692960900,2026-07-13 00:33:01.692961,NA,NA,NA,NA,NA,NA,0.0,0.0,0,0,0,0
1783873981728222400,2026-07-13 00:33:01.728222,NA,NA,NA,NA,NA,NA,0.0,0.0,0,0,0,0
1783873981765563700,2026-07-13 00:33:01.765564,NA,NA,NA,NA,NA,NA,0.0,0.0,0,0,0,0
1783873981803586700,2026-07-13 00:33:01.803587,NA,NA,NA,NA,NA,NA,0.0,0.0,0,0,0,0
1783873981826504300,2026-07-13 00:33:01.826504,NA,NA,NA,NA,NA,NA,0.0,0.0,0,0,0,0
1783873981865397800,2026-07-13 00:33:01.865398,NA,NA,NA,NA,NA,NA,0.0,0.0,0,0,0,0
1783873981897578700,2026-07-13 00:33:01.897579,NA,NA,NA,NA,NA,NA,0.0,0.0,0,0,0,0
1783873981933813300,2026-07-13 00:33:01.933813,NA,NA,NA,NA,NA,NA,0.0,0.0,0,0,0,0
1783873981968870100,2026-07-13 00:33:01.968870,NA,NA,NA,NA,NA,NA,0.0,0.0,0,0,0,0
1783873981993515900,2026-07-13 00:33:01.993516,NA,NA,NA,NA,NA,NA,0.0,0.0,0,0,0,0
1783873982003570100,2026-07-13 00:33:02.003570,2.583909749984741,-5.952233791351318,1359.9665641784668,1005.4925680160522,1359.9665641784668,1005.4925680160522,62.0,38.0,1,1,0,0
1783873982038807100,2026-07-13 00:33:02.038807,2.790316581726074,-4.3001322746276855,1351.1285781860352,709.7277045249939,1351.1285781860352,709.7277045249939,62.0,37.5,1,1,0,0
1783873982078354600,2026-07-13 00:33:02.078355,2.7121551036834717,-4.079479217529297,1344.2057609558105,573.5815763473511,1344.2057609558105,573.5815763473511,66.0,40.5,1,1,0,0
1783873982110763000,2026-07-13 00:33:02.110763,2.489558696746826,-6.143642902374268,1311.5898132324219,722.7339744567871,1311.5898132324219,722.7339744567871,65.5,38.0,1,1,0,0
1783873982139833200,2026-07-13 00:33:02.139833,2.018390417098999,-7.6120429039001465,1234.1867446899414,1032.7656269073486,1234.1867446899414,1032.7656269073486,65.0,25.0,1,1,0,0
1783873982168674100,2026-07-13 00:33:02.168674,2.1323130130767822,-7.750606060028076,1114.4530296325684,1075.0802755355835,1114.4530296325684,1075.0802755355835,65.5,33.0,1,1,0,0
1783873982199932400,2026-07-13 00:33:02.199932,1.6667479276657104,-6.415802478790283,1032.5164794921875,916.4453744888306,1311.5898132324219,916.4453744888306,66.0,33.5,1,1,0,0
1783873982232187500,2026-07-13 00:33:02.232188,2.277916669845581,-6.159090995788574,1289.616298675537,780.2888751029968,1289.616298675537,780.2888751029968,65.5,30.5,1,1,0,0
1783873982264561700,2026-07-13 00:33:02.264562,2.280573606491089,-6.0789875984191895,1233.415699005127,795.7638502120972,1289.616298675537,795.7638502120972,66.5,30.0,1,1,0,0
1783873982306320000,2026-07-13 00:33:02.306320,2.0467848777770996,-5.799875736236572,1159.5861434936523,794.3733334541321,1289.616298675537,795.7638502120972,66.5,26.0,1,1,0,0
1783873982334261700,2026-07-13 00:33:02.334262,2.2818105220794678,-6.580920696258545,1220.850944519043,787.9021167755127,1289.616298675537,787.9021167755127,66.0,31.0,1,1,0,0
1783873982370193100,2026-07-13 00:33:02.370193,2.4110987186431885,-5.5906901359558105,1288.4228706359863,803.9510250091553,1288.4228706359863,795.7638502120972,67.5,27.0,1,1,0,0
1783873982408049800,2026-07-13 00:33:02.408050,2.222727060317993,-3.6759588718414307,1266.2002563476562,680.6994676589966,1288.4228706359863,794.3733334541321,63.0,30.0,1,1,0,0
1783873982437182200,2026-07-13 00:33:02.437182,1.1194446086883545,-3.5916287899017334,1018.7714576721191,687.6066327095032,1288.4228706359863,787.9021167755127,54.5,13.0,1,1,0,0
1783873982470627900,2026-07-13 00:33:02.470628,2.2946059703826904,-4.257796764373779,1317.5607681274414,754.4534206390381,1288.4228706359863,787.9021167755127,61.5,34.5,1,1,0,0
1783873982507720500,2026-07-13 00:33:02.507720,1.8105953931808472,-3.7110862731933594,1181.5308570861816,626.8231272697449,1288.4228706359863,754.4534206390381,61.5,18.0,1,1,0,0
1783873982538024000,2026-07-13 00:33:02.538024,2.347824811935425,-3.247685432434082,1273.344898223877,601.0840535163879,1288.4228706359863,754.4534206390381,58.5,27.5,1,1,0,0
1783873982579492100,2026-07-13 00:33:02.579492,2.385343074798584,-3.6632089614868164,1292.3277854919434,535.9479188919067,1288.4228706359863,754.4534206390381,61.5,32.5,1,1,0,0
1783873982612894900,2026-07-13 00:33:02.612895,2.2866923809051514,-3.738862991333008,1298.4975814819336,627.4998188018799,1288.4228706359863,627.4998188018799,60.5,35.0,1,1,0,0
1783873982644433000,2026-07-13 00:33:02.644433,2.4476699829101562,-4.149297714233398,1312.7006530761719,639.7559642791748,1288.4228706359863,639.7559642791748,63.0,40.0,1,1,0,0
1783873982678432000,2026-07-13 00:33:02.678432,1.98293936252594,-3.1072490215301514,1218.2621002197266,622.261106967926,1288.4228706359863,627.4998188018799,62.5,34.0,1,1,0,0
1783873982706824500,2026-07-13 00:33:02.706825,2.122502326965332,-4.324269771575928,1280.1593780517578,634.2887282371521,1288.4228706359863,627.4998188018799,71.0,41.5,1,1,0,0
1783873982739357400,2026-07-13 00:33:02.739357,1.7202543020248413,-3.7016868591308594,1154.0016174316406,654.2417407035828,1288.4228706359863,639.7559642791748,68.5,42.0,1,1,0,0
1783873982772642700,2026-07-13 00:33:02.772643,2.150541067123413,-4.5797600746154785,1159.1229438781738,581.3884139060974,1280.1593780517578,627.4998188018799,71.0,36.5,1,1,0,0
1783873982814473700,2026-07-13 00:33:02.814474,2.519900321960449,-4.108365535736084,1371.7963218688965,623.4508752822876,1288.4228706359863,627.4998188018799,61.5,31.5,1,1,0,0
1783873982844373900,2026-07-13 00:33:02.844374,2.159414529800415,-4.978949546813965,1204.7415733337402,614.4668459892273,1280.1593780517578,627.4998188018799,71.0,35.0,1,1,0,0
1783873982873688600,2026-07-13 00:33:02.873688,1.6406036615371704,-3.6504952907562256,1147.5234985351562,589.3147587776184,1280.1593780517578,623.4508752822876,64.5,26.0,1,1,0,0
1783873982917633100,2026-07-13 00:33:02.917633,2.2338075637817383,-4.230777263641357,1303.5423278808594,664.8496389389038,1288.4228706359863,627.4998188018799,63.0,30.0,1,1,0,0
1783873982947613900,2026-07-13 00:33:02.947614,2.396979331970215,-4.525028705596924,1412.3430252075195,662.663459777832,1280.1593780517578,627.4998188018799,61.5,38.0,1,1,0,0
1783873982977086700,2026-07-13 00:33:02.977087,2.298602819442749,-4.410298824310303,1363.8367652893066,664.6466255187988,1288.4228706359863,627.4998188018799,62.5,28.0,1,1,0,0
1783873983016312400,2026-07-13 00:33:03.016312,2.5459482669830322,-4.462403297424316,1356.3729286193848,646.5891003608704,1303.5423278808594,646.5891003608704,63.0,19.5,1,1,0,0
1783873983048620200,2026-07-13 00:33:03.048620,2.4419260025024414,-3.8641910552978516,1324.0427017211914,588.9080166816711,1324.0427017211914,627.4998188018799,66.5,25.5,1,1,0,0
1783873983080981700,2026-07-13 00:33:03.080982,2.1954145431518555,-3.156564950942993,1273.4880447387695,512.0065808296204,1288.4228706359863,627.4998188018799,61.5,35.5,1,1,0,0
1783873983112868800,2026-07-13 00:33:03.112869,1.858458399772644,-4.13472843170166,1190.7811164855957,601.571261882782,1303.5423278808594,627.4998188018799,63.5,19.5,1,1,0,0
1783873983147757200,2026-07-13 00:33:03.147757,2.100381374359131,-3.436786651611328,1251.297950744629,602.5746464729309,1288.4228706359863,602.5746464729309,60.5,32.5,1,1,0,0
1783873983177947700,2026-07-13 00:33:03.177948,2.5615992546081543,-4.557727336883545,1334.06982421875,638.1386518478394,1288.4228706359863,627.4998188018799,61.5,34.0,1,1,0,0
1783873983220991100,2026-07-13 00:33:03.220991,2.1961348056793213,-4.0118489265441895,1223.0412483215332,642.8831219673157,1288.4228706359863,627.4998188018799,66.0,31.0,1,1,0,0
1783873983250668800,2026-07-13 00:33:03.250669,2.4589152336120605,-4.194307327270508,1535.573387145996,683.035135269165,1288.4228706359863,627.4998188018799,64.5,35.0,1,1,0,0
1783873983280729800,2026-07-13 00:33:03.280730,2.021296262741089,-3.7274770736694336,1185.696792602539,564.7682547569275,1288.4228706359863,627.4998188018799,63.0,41.5,1,1,0,0
1783873983313420400,2026-07-13 00:33:03.313420,2.170762777328491,-5.040623188018799,1184.8773002624512,659.1575741767883,1288.4228706359863,627.4998188018799,59.5,31.5,1,1,0,0
1783873983351660300,2026-07-13 00:33:03.351660,1.401910662651062,-3.4993064403533936,1105.8890342712402,610.6017231941223,1288.4228706359863,627.4998188018799,63.5,27.0,1,1,0,0
1783873983380999100,2026-07-13 00:33:03.380999,1.8766759634017944,-4.1969733238220215,1164.9592399597168,620.8773255348206,1185.696792602539,627.4998188018799,60.0,35.5,1,1,0,0
1783873983420457900,2026-07-13 00:33:03.420458,2.3564867973327637,-3.8178558349609375,1309.3904495239258,588.014543056488,1288.4228706359863,627.4998188018799,56.5,29.0,1,1,0,0
1783873983449724800,2026-07-13 00:33:03.449725,2.563901424407959,-3.834415912628174,1412.8762245178223,539.8111343383789,1288.4228706359863,620.8773255348206,66.0,35.5,1,1,0,0
1783873983487667600,2026-07-13 00:33:03.487668,2.1390061378479004,-3.8534271717071533,1317.5135612487793,658.49769115448,1288.4228706359863,627.4998188018799,63.5,43.0,1,1,0,0
1783873983515448100,2026-07-13 00:33:03.515448,2.2305123805999756,-3.7007791996002197,1273.0241775512695,589.3591046333313,1288.4228706359863,620.8773255348206,68.5,34.5,1,1,0,0
1783873983551114600,2026-07-13 00:33:03.551115,2.5071685314178467,-3.0490431785583496,1335.2069854736328,556.2472343444824,1288.4228706359863,620.8773255348206,58.0,35.0,1,1,0,0
1783873983589056000,2026-07-13 00:33:03.589056,1.7353103160858154,-2.9444830417633057,1212.9447937011719,580.0706148147583,1288.4228706359863,620.8773255348206,68.5,43.0,1,1,0,0
1783873983618594000,2026-07-13 00:33:03.618594,2.715308904647827,-3.2375354766845703,1401.2715339660645,526.0630249977112,1288.4228706359863,589.3591046333313,70.0,33.5,1,1,0,0
1783873983651890500,2026-07-13 00:33:03.651891,2.6186392307281494,-3.2329726219177246,1379.5732498168945,559.5368146896362,1288.4228706359863,580.0706148147583,67.0,35.5,1,1,0,0
1783873983691045000,2026-07-13 00:33:03.691045,2.3977034091949463,-3.8069419860839844,1374.4155883789062,638.1591558456421,1288.4228706359863,620.8773255348206,66.0,38.0,1,1,0,0
1783873983718506600,2026-07-13 00:33:03.718507,2.4301998615264893,-3.616875171661377,1316.8846130371094,573.6273527145386,1316.8846130371094,580.0706148147583,69.5,42.0,1,1,0,0
1783873983753560700,2026-07-13 00:33:03.753561,2.688305616378784,-3.5454068183898926,1403.4659385681152,534.1911911964417,1316.8846130371094,580.0706148147583,68.5,29.0,1,1,0,0
1783873983789988200,2026-07-13 00:33:03.789988,2.1757616996765137,-3.86983585357666,1304.1850090026855,609.8926663398743,1304.1850090026855,609.8926663398743,68.5,41.5,1,1,0,0
1783873983820310400,2026-07-13 00:33:03.820311,2.1565005779266357,-3.6404082775115967,1266.6473388671875,620.5970644950867,1316.8846130371094,580.0706148147583,67.5,35.5,1,1,0,0
1783873983851332200,2026-07-13 00:33:03.851332,1.9488266706466675,-3.571560859680176,1206.0250282287598,569.892942905426,1304.1850090026855,580.0706148147583,68.5,32.5,1,1,0,0
1783873983893437500,2026-07-13 00:33:03.893437,1.6855007410049438,-4.481174945831299,1203.178310394287,713.8398885726929,1304.1850090026855,609.8926663398743,62.0,32.0,1,1,0,0
1783873983920634500,2026-07-13 00:33:03.920635,2.356383800506592,-3.815314292907715,1316.252040863037,613.8056516647339,1316.252040863037,609.8926663398743,56.5,29.0,1,1,0,0
1783873983953072800,2026-07-13 00:33:03.953073,1.9586535692214966,-3.724865674972534,1170.0251579284668,648.2084393501282,1304.1850090026855,609.8926663398743,57.0,27.0,1,1,0,0
1783873983992917600,2026-07-13 00:33:03.992918,2.049161672592163,-4.202028751373291,1199.0668296813965,692.2518014907837,1304.1850090026855,613.8056516647339,67.5,28.0,1,1,0,0
1783873984022024500,2026-07-13 00:33:04.022024,2.255023241043091,-4.1959123611450195,1271.3309288024902,655.337929725647,1304.1850090026855,613.8056516647339,62.0,33.5,1,1,0,0
1783873984053964700,2026-07-13 00:33:04.053965,2.0829689502716064,-4.091834545135498,1208.351707458496,602.2914052009583,1271.3309288024902,609.8926663398743,65.5,42.0,1,1,0,0
1783873984095931500,2026-07-13 00:33:04.095931,2.2933430671691895,-3.7001490592956543,1258.18452835083,541.4863228797913,1271.3309288024902,613.8056516647339,67.5,35.0,1,1,0,0
1783873984124792500,2026-07-13 00:33:04.124793,2.383864402770996,-4.4413042068481445,1304.2850494384766,599.5382070541382,1304.1850090026855,609.8926663398743,59.0,28.5,1,1,0,0
1783873984157470300,2026-07-13 00:33:04.157470,2.726250410079956,-4.0338616371154785,1393.2743072509766,525.4199504852295,1271.3309288024902,602.2914052009583,62.0,40.5,1,1,0,0
1783873984198588000,2026-07-13 00:33:04.198588,2.520130157470703,-3.7769861221313477,1302.209758758545,500.27263164520264,1302.209758758545,599.5382070541382,62.0,42.0,1,1,0,0
1783873984228748200,2026-07-13 00:33:04.228748,2.2122232913970947,-3.2554168701171875,1235.9807014465332,398.27027916908264,1302.209758758545,599.5382070541382,61.0,34.5,1,1,0,0
1783873984258424200,2026-07-13 00:33:04.258424,2.703951597213745,-3.7130656242370605,1435.7135772705078,527.9449224472046,1302.209758758545,527.9449224472046,59.5,31.5,1,1,0,0
1783873984301074100,2026-07-13 00:33:04.301074,2.4305529594421387,-4.3071513175964355,1341.083812713623,531.6200852394104,1302.209758758545,531.6200852394104,63.5,31.0,1,1,0,0
1783873984330963000,2026-07-13 00:33:04.330963,2.2529795169830322,-2.5921711921691895,1256.9412231445312,461.0007703304291,1302.209758758545,527.9449224472046,59.0,24.0,1,1,0,0
1783873984360438500,2026-07-13 00:33:04.360439,2.151843309402466,-4.36914587020874,1245.91064453125,554.2991757392883,1302.209758758545,527.9449224472046,63.0,35.5,1,1,0,0
1783873984403281000,2026-07-13 00:33:04.403281,2.4057812690734863,-2.5157203674316406,1306.120491027832,594.7228074073792,1302.209758758545,531.6200852394104,59.0,35.0,1,1,0,0
1783873984431320600,2026-07-13 00:33:04.431321,1.6759973764419556,-3.3709163665771484,1137.3997688293457,566.1309361457825,1302.209758758545,531.6200852394104,63.0,37.0,1,1,0,0
1783873984460618500,2026-07-13 00:33:04.460618,1.696590542793274,-3.612929105758667,1159.1148376464844,622.2304701805115,1302.209758758545,554.2991757392883,59.0,33.0,1,1,0,0
1783873984496815700,2026-07-13 00:33:04.496816,2.1527609825134277,-3.672499179840088,1228.9674758911133,592.160165309906,1302.209758758545,566.1309361457825,60.0,30.0,1,1,0,0
1783873984534892500,2026-07-13 00:33:04.534893,1.9907788038253784,-3.669060707092285,1241.581630706787,592.7948951721191,1241.581630706787,566.1309361457825,63.5,37.0,1,1,0,0
1783873984564506700,2026-07-13 00:33:04.564507,1.902109980583191,-2.6267385482788086,1178.2487869262695,577.4655342102051,1241.581630706787,577.4655342102051,60.0,43.0,1,1,0,0
1783873984596041000,2026-07-13 00:33:04.596041,2.2417094707489014,-3.7286038398742676,1274.625015258789,592.010498046875,1274.625015258789,577.4655342102051,66.0,30.0,1,1,0,0
1783873984635393000,2026-07-13 00:33:04.635393,2.5836784839630127,-3.4037580490112305,1401.9927024841309,615.4184937477112,1241.581630706787,577.4655342102051,67.5,34.5,1,1,0,0
1783873984664182700,2026-07-13 00:33:04.664183,2.103189468383789,-3.3468730449676514,1218.338680267334,526.0059237480164,1241.581630706787,577.4655342102051,63.5,29.0,1,1,0,0
1783873984693460400,2026-07-13 00:33:04.693460,1.6032001972198486,-3.8169307708740234,1153.5167694091797,642.926275730133,1241.581630706787,577.4655342102051,52.0,33.0,1,1,0,0
1783873984738392700,2026-07-13 00:33:04.738393,1.8578943014144897,-4.064986228942871,1192.160701751709,650.9899497032166,1241.581630706787,577.4655342102051,52.0,35.0,1,1,0,0
1783873984767289200,2026-07-13 00:33:04.767289,2.4102566242218018,-4.192251682281494,1293.3144569396973,570.3245401382446,1241.581630706787,577.4655342102051,64.5,29.0,1,1,0,0
1783873984796782400,2026-07-13 00:33:04.796782,1.9626070261001587,-3.355851411819458,1207.164192199707,591.0752415657043,1241.581630706787,577.4655342102051,66.0,33.0,1,1,0,0
1783873984830003600,2026-07-13 00:33:04.830004,2.432025909423828,-2.982194423675537,1291.0808563232422,516.8600678443909,1241.581630706787,577.4655342102051,59.5,36.5,1,1,0,0
1783873984857921600,2026-07-13 00:33:04.857922,2.6672327518463135,-3.8180572986602783,1368.947410583496,637.2860074043274,1241.581630706787,577.4655342102051,65.0,31.0,1,1,0,0
1783873984888248500,2026-07-13 00:33:04.888249,1.7615201473236084,-3.928421974182129,1120.8823204040527,577.8810381889343,1241.581630706787,577.4655342102051,66.0,30.5,1,1,0,0
1783873984916859100,2026-07-13 00:33:04.916859,1.3051139116287231,-3.965549945831299,1055.8208465576172,668.6320304870605,1241.581630706787,577.4655342102051,58.5,35.5,1,1,0,0
1783873984942577000,2026-07-13 00:33:04.942577,2.592714309692383,-3.1429150104522705,1391.8315887451172,606.547474861145,1241.581630706787,577.8810381889343,67.5,32.5,1,1,0,0
1783873984971074600,2026-07-13 00:33:04.971075,2.1355104446411133,-3.6553947925567627,1218.0266380310059,582.4079513549805,1241.581630706787,577.8810381889343,59.0,28.5,1,1,0,0
1783873985006434300,2026-07-13 00:33:05.006434,1.35276460647583,-2.9421849250793457,1076.39799118042,635.607659816742,1241.581630706787,582.4079513549805,57.5,30.5,1,1,0,0
1783873985036860500,2026-07-13 00:33:05.036860,2.440563678741455,-3.201964855194092,1328.3608436584473,571.7183947563171,1241.581630706787,577.8810381889343,59.0,36.5,1,1,0,0
1783873985067053900,2026-07-13 00:33:05.067054,2.0997374057769775,-4.904168128967285,1453.8641929626465,885.7647776603699,1241.581630706787,582.4079513549805,56.5,22.5,1,1,0,0
1783873985100545900,2026-07-13 00:33:05.100546,1.9607011079788208,-5.730124473571777,1579.1899681091309,1162.368893623352,1241.581630706787,582.4079513549805,55.5,13.5,1,1,0,0
1783873985139789100,2026-07-13 00:33:05.139789,1.6566516160964966,-5.573899745941162,1298.8580703735352,1148.0588912963867,1298.8580703735352,582.4079513549805,52.0,13.0,1,1,0,0
1783873985168361600,2026-07-13 00:33:05.168361,1.8155776262283325,-5.480767250061035,1357.015323638916,1075.4035711288452,1298.8580703735352,885.7647776603699,50.5,12.0,1,1,0,0
1783873985199938200,2026-07-13 00:33:05.199938,2.205415964126587,-5.552769184112549,1523.2000350952148,1096.6733694076538,1298.8580703735352,1075.4035711288452,49.5,29.0,1,1,0,0
1783873985240928400,2026-07-13 00:33:05.240928,2.1083574295043945,-6.690639019012451,1872.8582382202148,1325.7397413253784,1298.8580703735352,1075.4035711288452,54.5,13.5,1,1,0,0
1783873985269826100,2026-07-13 00:33:05.269826,2.1638338565826416,-6.678822040557861,1623.2236862182617,1238.5952472686768,1357.015323638916,1075.4035711288452,57.0,12.0,1,1,0,0
1783873985303195600,2026-07-13 00:33:05.303196,1.9760948419570923,-6.036726474761963,1460.466480255127,1244.8577880859375,1460.466480255127,1096.6733694076538,49.5,28.5,1,1,0,0
1783873985340540700,2026-07-13 00:33:05.340541,2.136125326156616,-7.491518497467041,1704.5856475830078,1341.046929359436,1460.466480255127,1238.5952472686768,43.5,11.5,1,1,0,0
1783873985369754000,2026-07-13 00:33:05.369754,2.1193301677703857,-6.587634563446045,1618.5747146606445,1324.806809425354,1460.466480255127,1238.5952472686768,42.5,23.0,1,1,0,0
1783873985402655000,2026-07-13 00:33:05.402655,2.2326247692108154,-7.326526641845703,1688.7670516967773,1380.1156282424927,1460.466480255127,1244.8577880859375,43.5,10.0,1,1,0,0
1783873985444260900,2026-07-13 00:33:05.444261,2.0752508640289307,-8.246506690979004,2000.6036758422852,1567.8136348724365,1618.5747146606445,1324.806809425354,50.0,23.5,1,1,0,0
1783873985472945500,2026-07-13 00:33:05.472945,1.9725244045257568,-8.250382423400879,1869.3105697631836,1443.4939622879028,1618.5747146606445,1324.806809425354,42.0,28.5,1,1,0,0
1783873985503174300,2026-07-13 00:33:05.503174,1.9806331396102905,-7.824367046356201,1976.468276977539,1464.8953676223755,1688.7670516967773,1380.1156282424927,44.5,30.0,1,1,0,0
1783873985544809900,2026-07-13 00:33:05.544810,2.1175169944763184,-7.996316432952881,1627.789306640625,1382.5538158416748,1627.789306640625,1382.5538158416748,48.0,13.5,1,1,0,0
1783873985574190200,2026-07-13 00:33:05.574190,2.073406219482422,-7.717024326324463,1897.0439910888672,1468.9786434173584,1688.7670516967773,1382.5538158416748,49.0,24.5,1,1,0,0
1783873985605295100,2026-07-13 00:33:05.605295,2.092602014541626,-7.462559223175049,1599.888801574707,1334.2254161834717,1688.7670516967773,1380.1156282424927,40.5,17.5,1,1,0,0
1783873985638793500,2026-07-13 00:33:05.638793,1.8352714776992798,-6.520646572113037,1759.6357345581055,1358.6652278900146,1688.7670516967773,1382.5538158416748,51.5,28.0,1,1,0,0
1783873985678933100,2026-07-13 00:33:05.678933,2.0309345722198486,-6.882449150085449,1616.014289855957,1286.5934371948242,1688.7670516967773,1380.1156282424927,48.0,17.5,1,1,0,0
1783873985708607800,2026-07-13 00:33:05.708608,1.895391583442688,-6.504801273345947,1479.3538093566895,1243.619680404663,1688.7670516967773,1358.6652278900146,47.0,33.0,1,1,0,0
1783873985738838000,2026-07-13 00:33:05.738838,1.907879114151001,-6.9479193687438965,1351.9217491149902,1301.40221118927,1688.7670516967773,1358.6652278900146,50.0,35.0,1,1,0,0
1783873985771968000,2026-07-13 00:33:05.771968,1.9962577819824219,-5.704934597015381,1457.3830604553223,1165.0584936141968,1616.014289855957,1301.40221118927,56.0,33.0,1,1,0,0
1783873985813466900,2026-07-13 00:33:05.813467,1.9761236906051636,-6.760260581970215,1466.7163848876953,1310.6218576431274,1479.3538093566895,1310.6218576431274,41.5,5.0,1,1,0,0
1783873985842494700,2026-07-13 00:33:05.842495,1.1808370351791382,-7.222026348114014,1149.6712684631348,1553.9499521255493,1466.7163848876953,1358.6652278900146,30.0,3.0,1,1,0,0
1783873985873225800,2026-07-13 00:33:05.873226,1.2932721376419067,-12.19978141784668,153.7433385848999,1800.0472784042358,1466.7163848876953,1310.6218576431274,3.5,4.5,1,1,0,0
1783873985907424000,2026-07-13 00:33:05.907424,1.5584603548049927,-12.411057472229004,154.1293740272522,1798.5514402389526,1466.7163848876953,1358.6652278900146,0.5,0.0,1,1,0,0
1783873985947850400,2026-07-13 00:33:05.947850,1.4880002737045288,-12.264397621154785,336.6081953048706,1834.9775075912476,1149.6712684631348,1553.9499521255493,0.0,4.0,1,1,0,0
1783873985978055200,2026-07-13 00:33:05.978055,0.930317223072052,-11.975558280944824,76.5548586845398,1790.7756567001343,336.6081953048706,1790.7756567001343,6.5,1.5,1,1,0,0
1783873986008896800,2026-07-13 00:33:06.008897,0.8419880270957947,-11.317867279052734,211.61396503448486,1848.9162921905518,336.6081953048706,1790.7756567001343,14.5,1.5,1,1,0,0
1783873986042863600,2026-07-13 00:33:06.042864,0.8762266635894775,-7.917608737945557,828.5555839538574,1649.873971939087,828.5555839538574,1649.873971939087,20.0,3.5,1,1,0,0
1783873986083807700,2026-07-13 00:33:06.083808,0.7927301526069641,-7.40652322769165,1093.9106941223145,1697.4385976791382,336.6081953048706,1790.7756567001343,33.0,2.5,1,1,0,0
1783873986111801900,2026-07-13 00:33:06.111802,1.092576265335083,-6.342041492462158,1262.723445892334,1487.2872829437256,828.5555839538574,1697.4385976791382,37.5,2.5,1,1,0,0
1783873986142537400,2026-07-13 00:33:06.142537,1.4464956521987915,-6.178224563598633,1453.651237487793,1460.0591659545898,828.5555839538574,1649.873971939087,38.5,0.5,1,1,0,0
1783873986176485700,2026-07-13 00:33:06.176486,1.5438177585601807,-6.201113700866699,1510.6364250183105,1467.5804376602173,1093.9106941223145,1649.873971939087,32.0,2.5,1,1,0,0
1783873986216491400,2026-07-13 00:33:06.216491,1.157403826713562,-6.322328090667725,1218.7421798706055,1433.099627494812,1218.7421798706055,1487.2872829437256,39.0,0.5,1,1,0,0
1783873986246187600,2026-07-13 00:33:06.246187,1.4725717306137085,-6.605966091156006,1353.3550262451172,1458.0001831054688,1218.7421798706055,1467.5804376602173,35.5,9.0,1,1,0,0
1783873986277633000,2026-07-13 00:33:06.277633,1.3848520517349243,-6.6496477127075195,1387.8130912780762,1512.7032995224,1218.7421798706055,1512.7032995224,36.5,10.0,1,1,0,0
1783873986317947200,2026-07-13 00:33:06.317947,2.057339668273926,-6.820611000061035,1792.5603866577148,1415.220856666565,1218.7421798706055,1467.5804376602173,33.5,9.0,1,1,0,0
1783873986347271400,2026-07-13 00:33:06.347271,2.1432883739471436,-7.770937442779541,1851.8108367919922,1484.5622777938843,1353.3550262451172,1467.5804376602173,37.5,10.0,1,1,0,0
1783873986379910100,2026-07-13 00:33:06.379910,2.208282709121704,-6.758367538452148,1931.7481994628906,1362.4590635299683,1387.8130912780762,1467.5804376602173,38.0,19.0,1,1,0,0
1783873986420663800,2026-07-13 00:33:06.420664,2.223309278488159,-7.023481369018555,1991.3562774658203,1405.2040576934814,1792.5603866577148,1467.5804376602173,43.0,12.5,1,1,0,0
1783873986449660200,2026-07-13 00:33:06.449660,2.223309278488159,-7.023481369018555,1991.3562774658203,1405.2040576934814,1851.8108367919922,1467.5804376602173,42.5,18.0,1,1,0,0
1783873986481868700,2026-07-13 00:33:06.481869,2.1502280235290527,-8.342154502868652,1962.2438430786133,1553.9631843566895,1931.7481994628906,1467.5804376602173,53.5,14.5,1,1,0,0
1783873986523345600,2026-07-13 00:33:06.523346,2.3377742767333984,-7.133459091186523,1833.6328506469727,1399.8459577560425,1833.6328506469727,1467.5804376602173,43.5,22.5,1,1,0,0
1783873986552607200,2026-07-13 00:33:06.552607,2.079332113265991,-7.697446346282959,1639.9482727050781,1503.981113433838,1851.8108367919922,1467.5804376602173,41.5,21.0,1,1,0,0
1783873986582566600,2026-07-13 00:33:06.582567,2.085000991821289,-7.525294780731201,2053.57723236084,1474.787712097168,1931.7481994628906,1467.5804376602173,49.0,26.5,1,1,0,0
1783873986615936700,2026-07-13 00:33:06.615937,2.2136194705963135,-6.901389122009277,1764.198875427246,1295.3146696090698,1833.6328506469727,1467.5804376602173,45.0,31.0,1,1,0,0
1783873986657002700,2026-07-13 00:33:06.657003,2.2101316452026367,-7.255993843078613,1998.8651275634766,1353.487491607666,1851.8108367919922,1467.5804376602173,40.0,30.0,1,1,0,0
1783873986687287500,2026-07-13 00:33:06.687288,2.1040377616882324,-6.9011616706848145,2177.6920318603516,1354.433298110962,1931.7481994628906,1467.5804376602173,52.0,26.0,1,1,0,0
1783873986717467600,2026-07-13 00:33:06.717468,2.4503700733184814,-5.163784027099609,1802.4578094482422,907.5799584388733,1833.6328506469727,1354.433298110962,51.5,28.0,1,1,0,0
1783873986749539000,2026-07-13 00:33:06.749539,2.2730636596679688,-3.775968313217163,1459.8518371582031,653.012752532959,1851.8108367919922,1354.433298110962,51.0,26.5,1,1,0,0
1783873986789609900,2026-07-13 00:33:06.789610,2.315985918045044,-3.2679338455200195,1503.3217430114746,633.0875158309937,1833.6328506469727,1354.433298110962,57.5,35.5,1,1,0,0
1783873986819980100,2026-07-13 00:33:06.819980,2.576195478439331,-4.018039226531982,1381.7814826965332,489.6555542945862,1802.4578094482422,907.5799584388733,58.5,33.0,1,1,0,0
1783873986849810100,2026-07-13 00:33:06.849810,1.8835909366607666,-3.4031331539154053,1203.9066314697266,490.65977334976196,1503.3217430114746,653.012752532959,66.0,41.5,1,1,0,0
1783873986885100000,2026-07-13 00:33:06.885100,1.9336413145065308,-3.4408912658691406,1213.8309478759766,478.15683484077454,1503.3217430114746,633.0875158309937,67.5,43.5,1,1,0,0
1783873986923454200,2026-07-13 00:33:06.923454,2.006110429763794,-3.918893337249756,1237.8364562988281,430.991530418396,1381.7814826965332,490.65977334976196,60.0,35.5,1,1,0,0
1783873986954058900,2026-07-13 00:33:06.954059,2.702434778213501,-3.681603193283081,1424.9404907226562,488.89100551605225,1424.9404907226562,490.65977334976196,56.5,34.5,1,1,0,0
1783873986984127300,2026-07-13 00:33:06.984127,2.462453603744507,-3.6941795349121094,1408.3616256713867,466.57833456993103,1408.3616256713867,488.89100551605225,68.5,41.5,1,1,0,0
1783873987025645900,2026-07-13 00:33:07.025646,2.761979579925537,-3.9826669692993164,1413.7392044067383,487.94710636138916,1408.3616256713867,488.89100551605225,76.0,29.5,1,1,0,0
1783873987054430500,2026-07-13 00:33:07.054430,2.483553647994995,-3.0421087741851807,1311.2391471862793,483.4769070148468,1408.3616256713867,488.89100551605225,58.0,42.5,1,1,0,0
1783873987085384200,2026-07-13 00:33:07.085384,2.5442564487457275,-3.145176887512207,1401.7138481140137,459.98403429985046,1408.3616256713867,487.94710636138916,67.5,40.0,1,1,0,0
1783873987125686400,2026-07-13 00:33:07.125686,1.9789470434188843,-2.6901183128356934,1249.0374565124512,427.3543357849121,1408.3616256713867,487.94710636138916,69.0,40.5,1,1,0,0
1783873987156597600,2026-07-13 00:33:07.156598,1.8568681478500366,-2.7479310035705566,1204.1571617126465,535.7238054275513,1401.7138481140137,488.89100551605225,63.5,45.0,1,1,0,0
1783873987187331800,2026-07-13 00:33:07.187332,2.1135382652282715,-5.987020015716553,1769.3119049072266,628.4024119377136,1408.3616256713867,487.94710636138916,62.0,36.5,1,1,0,0
1783873987219003200,2026-07-13 00:33:07.219003,2.1197733879089355,-5.744865894317627,1663.9759063720703,691.9999718666077,1408.3616256713867,488.89100551605225,60.5,35.0,1,1,0,0
1783873987253537300,2026-07-13 00:33:07.253537,2.1080877780914307,-6.448452472686768,2022.7407455444336,713.0454182624817,1408.3616256713867,535.7238054275513,72.0,42.0,1,1,0,0
1783873987293318700,2026-07-13 00:33:07.293319,1.614010214805603,-7.769003391265869,2176.9784927368164,903.1670689582825,1663.9759063720703,628.4024119377136,77.0,33.5,1,1,0,0
1783873987324013700,2026-07-13 00:33:07.324014,1.745235562324524,-6.4635186195373535,1949.2429733276367,812.1167421340942,1663.9759063720703,691.9999718666077,76.0,48.0,1,1,0,0
1783873987354175900,2026-07-13 00:33:07.354176,1.707020878791809,-7.107482433319092,2405.62801361084,705.6635618209839,1949.2429733276367,705.6635618209839,80.5,42.5,1,1,0,0
1783873987387696000,2026-07-13 00:33:07.387696,1.7953197956085205,-6.378457546234131,2014.2858505249023,723.8953113555908,1949.2429733276367,705.6635618209839,72.5,54.5,1,1,0,0
1783873987426719900,2026-07-13 00:33:07.426720,2.0268712043762207,-6.054904460906982,1810.336685180664,730.3040027618408,1810.336685180664,705.6635618209839,67.0,52.0,1,1,0,0
1783873987456049300,2026-07-13 00:33:07.456049,2.051743507385254,-5.686758995056152,1860.4972839355469,631.0107111930847,1949.2429733276367,705.6635618209839,73.0,44.5,1,1,0,0
1783873987489605100,2026-07-13 00:33:07.489605,1.8881996870040894,-5.874542236328125,1977.499771118164,540.9885048866272,1949.2429733276367,705.6635618209839,73.5,51.0,1,1,0,0
1783873987531276600,2026-07-13 00:33:07.531276,1.9234073162078857,-5.696875095367432,1950.3082275390625,518.4940099716187,1949.2429733276367,705.6635618209839,76.0,49.0,1,1,0,0
1783873987561638100,2026-07-13 00:33:07.561638,2.0324127674102783,-5.4473724365234375,1873.3156204223633,556.5949082374573,1949.2429733276367,631.0107111930847,77.5,56.5,1,1,0,0
1783873987591864600,2026-07-13 00:33:07.591865,1.7587007284164429,-6.023099899291992,1754.045295715332,622.2661137580872,1949.2429733276367,622.2661137580872,73.0,57.5,1,1,0,0
1783873987624580300,2026-07-13 00:33:07.624580,1.9667350053787231,-5.660250186920166,1856.7676544189453,534.6114635467529,1949.2429733276367,622.2661137580872,78.0,51.5,1,1,0,0
1783873987663827100,2026-07-13 00:33:07.663827,1.782148003578186,-6.399952411651611,1944.6832656860352,560.4159832000732,1944.6832656860352,622.2661137580872,79.5,40.0,1,1,0,0
1783873987691179100,2026-07-13 00:33:07.691179,2.1238529682159424,-5.439720153808594,1798.3678817749023,604.5140624046326,1944.6832656860352,622.2661137580872,77.5,55.5,1,1,0,0
1783873987727542800,2026-07-13 00:33:07.727543,2.50313401222229,-4.513643264770508,1476.7505645751953,491.47647619247437,1944.6832656860352,604.5140624046326,66.0,50.0,1,1,0,0
1783873987763762900,2026-07-13 00:33:07.763763,2.3985555171966553,-4.2914862632751465,1458.7590217590332,450.6516754627228,1944.6832656860352,604.5140624046326,68.0,43.5,1,1,0,0
1783873987793917900,2026-07-13 00:33:07.793918,1.872930884361267,-3.259584426879883,1225.186824798584,517.5594091415405,1798.3678817749023,604.5140624046326,65.0,34.0,1,1,0,0
1783873987826594000,2026-07-13 00:33:07.826594,1.9911413192749023,-3.0904572010040283,1209.950065612793,442.8504407405853,1476.7505645751953,517.5594091415405,67.0,36.0,1,1,0,0
1783873987867564300,2026-07-13 00:33:07.867564,2.3126657009124756,-3.4373579025268555,1245.028305053711,443.1728422641754,1458.7590217590332,517.5594091415405,67.0,44.0,1,1,0,0
1783873987895606600,2026-07-13 00:33:07.895607,2.225640296936035,-3.7006261348724365,1239.1179084777832,438.24502825737,1245.028305053711,517.5594091415405,63.5,39.0,1,1,0,0
1783873987928141300,2026-07-13 00:33:07.928141,2.716496706008911,-4.448939800262451,1319.7869300842285,468.20878982543945,1319.7869300842285,468.20878982543945,64.5,40.5,1,1,0,0
1783873987962646200,2026-07-13 00:33:07.962646,2.3359591960906982,-3.7235944271087646,1289.342212677002,494.06036734580994,1289.342212677002,494.06036734580994,66.0,39.5,1,1,0,0
1783873988000991700,2026-07-13 00:33:08.000992,2.502286195755005,-4.053055763244629,1324.9449729919434,601.1309027671814,1289.342212677002,517.5594091415405,64.0,31.5,1,1,0,0
1783873988029855600,2026-07-13 00:33:08.029855,2.654294729232788,-3.7063028812408447,1432.7332496643066,611.5929484367371,1319.7869300842285,494.06036734580994,61.0,38.5,1,1,0,0
1783873988058758600,2026-07-13 00:33:08.058759,2.623253107070923,-3.935861349105835,1389.997386932373,575.2711892127991,1319.7869300842285,517.5594091415405,73.0,39.0,1,1,0,0
1783873988086155800,2026-07-13 00:33:08.086156,2.6680784225463867,-3.8844876289367676,1426.0395050048828,548.0813980102539,1324.9449729919434,548.0813980102539,64.0,40.0,1,1,0,0
1783873988115207700,2026-07-13 00:33:08.115208,2.5541346073150635,-3.7449452877044678,1448.8412857055664,521.6836333274841,1389.997386932373,521.6836333274841,65.5,37.5,1,1,0,0
1783873988143710500,2026-07-13 00:33:08.143710,2.630938768386841,-4.117770671844482,1440.793228149414,446.0020363330841,1389.997386932373,517.5594091415405,62.0,41.0,1,1,0,0
1783873988172790000,2026-07-13 00:33:08.172790,2.5521771907806396,-3.0102736949920654,1377.6386260986328,528.2090306282043,1377.6386260986328,528.2090306282043,61.0,46.0,1,1,0,0
1783873988200614300,2026-07-13 00:33:08.200614,2.618530511856079,-4.411382675170898,1386.1974716186523,454.7816812992096,1389.997386932373,521.6836333274841,64.5,36.0,1,1,0,0
1783873988233131800,2026-07-13 00:33:08.233132,2.639369010925293,-3.005298137664795,1377.712059020996,459.56119894981384,1386.1974716186523,517.5594091415405,59.5,43.0,1,1,0,0
1783873988271805400,2026-07-13 00:33:08.271806,2.4082353115081787,-4.913318157196045,1430.7886123657227,443.5860216617584,1386.1974716186523,517.5594091415405,64.0,33.5,1,1,0,0
1783873988300474000,2026-07-13 00:33:08.300474,2.3001790046691895,-4.059016227722168,1471.4385032653809,433.4712624549866,1389.997386932373,459.56119894981384,70.0,45.5,1,1,0,0
1783873988333327700,2026-07-13 00:33:08.333328,2.849787473678589,-3.971658706665039,1506.190299987793,433.1660568714142,1389.997386932373,459.56119894981384,71.0,46.0,1,1,0,0
1783873988371013000,2026-07-13 00:33:08.371013,2.687303066253662,-4.049848556518555,1477.5321960449219,438.5453164577484,1430.7886123657227,443.5860216617584,60.0,41.0,1,1,0,0
1783873988401403000,2026-07-13 00:33:08.401403,2.5330185890197754,-4.500948429107666,1452.3664474487305,410.35276651382446,1452.3664474487305,438.5453164577484,68.5,42.5,1,1,0,0
1783873988433827800,2026-07-13 00:33:08.433828,2.3333442211151123,-3.4891536235809326,1367.3921585083008,439.5487606525421,1389.997386932373,439.5487606525421,59.5,45.5,1,1,0,0
1783873988474886200,2026-07-13 00:33:08.474886,2.487316846847534,-4.375290393829346,1609.7175598144531,411.3713204860687,1452.3664474487305,438.5453164577484,64.0,35.0,1,1,0,0
1783873988504681100,2026-07-13 00:33:08.504681,2.5454156398773193,-3.569420576095581,1360.2070808410645,522.674560546875,1452.3664474487305,438.5453164577484,61.5,36.5,1,1,0,0
1783873988536992100,2026-07-13 00:33:08.536992,2.3914551734924316,-2.7538177967071533,1307.0454597473145,450.1965641975403,1389.997386932373,439.5487606525421,64.5,43.0,1,1,0,0
1783873988577205800,2026-07-13 00:33:08.577206,2.4191298484802246,-3.498185157775879,1301.7565727233887,433.00876021385193,1389.997386932373,438.5453164577484,64.5,46.5,1,1,0,0
1783873988606097300,2026-07-13 00:33:08.606097,1.8695999383926392,-3.5961966514587402,1202.560043334961,609.7562313079834,1360.2070808410645,439.5487606525421,61.5,39.0,1,1,0,0
1783873988638322000,2026-07-13 00:33:08.638322,2.2757723331451416,-4.075221061706543,1341.8095588684082,592.5091505050659,1341.8095588684082,439.5487606525421,67.5,38.5,1,1,0,0
1783873988673584700,2026-07-13 00:33:08.673585,2.5024707317352295,-7.229702949523926,1472.1900939941406,1114.1406297683716,1389.997386932373,439.5487606525421,51.0,27.0,1,1,0,0
1783873988709896700,2026-07-13 00:33:08.709897,2.284748077392578,-6.281899929046631,1484.6182823181152,1173.6743450164795,1360.2070808410645,592.5091505050659,53.0,23.5,1,1,0,0
1783873988739803100,2026-07-13 00:33:08.739803,1.920944333076477,-5.399247169494629,1359.0690612792969,1049.0957498550415,1359.0690612792969,592.5091505050659,43.5,18.5,1,1,0,0
1783873988778556600,2026-07-13 00:33:08.778557,2.172220468521118,-5.276031970977783,1501.7510414123535,1161.328911781311,1389.997386932373,1049.0957498550415,51.5,22.0,1,1,0,0
1783873988808627200,2026-07-13 00:33:08.808627,2.2273192405700684,-6.475377082824707,1424.6315956115723,1163.1513833999634,1389.997386932373,1049.0957498550415,53.0,20.0,1,1,0,0
1783873988841100100,2026-07-13 00:33:08.841100,1.5734620094299316,-4.9947333335876465,1373.720359802246,1193.6557292938232,1373.720359802246,1049.0957498550415,55.0,31.5,1,1,0,0
1783873988883491700,2026-07-13 00:33:08.883492,2.125441551208496,-6.450334072113037,1428.3045768737793,1245.1345920562744,1389.997386932373,1161.328911781311,51.5,21.0,1,1,0,0
1783873988912796800,2026-07-13 00:33:08.912797,2.111790418624878,-5.805741786956787,1399.1207122802734,1178.1079769134521,1389.997386932373,1163.1513833999634,38.0,20.0,1,1,0,0
1783873988942987200,2026-07-13 00:33:08.942987,1.9304922819137573,-7.017029762268066,1452.151870727539,1441.3241147994995,1389.997386932373,1178.1079769134521,42.5,17.0,1,1,0,0
1783873988976263000,2026-07-13 00:33:08.976263,1.9837323427200317,-8.354443550109863,1343.0516242980957,1560.4327917099,1389.997386932373,1178.1079769134521,44.0,20.0,1,1,0,0
1783873989018130000,2026-07-13 00:33:09.018130,2.0570850372314453,-6.867772579193115,1702.8772354125977,1458.082675933838,1389.997386932373,1178.1079769134521,45.0,17.0,1,1,0,0
1783873989046536300,2026-07-13 00:33:09.046536,1.8394814729690552,-6.8061017990112305,1390.3743743896484,1343.3693647384644,1389.997386932373,1343.3693647384644,47.0,24.0,1,1,0,0
1783873989076569600,2026-07-13 00:33:09.076570,2.125784158706665,-6.435311794281006,1530.216884613037,1333.2836627960205,1389.997386932373,1333.2836627960205,50.5,16.0,1,1,0,0
1783873989110563600,2026-07-13 00:33:09.110564,1.9094234704971313,-7.330965518951416,1465.303134918213,1429.3676614761353,1390.3743743896484,1343.3693647384644,44.0,22.0,1,1,0,0
1783873989151132100,2026-07-13 00:33:09.151132,2.1436688899993896,-7.433558940887451,1725.838279724121,1507.1027278900146,1390.3743743896484,1343.3693647384644,45.0,21.0,1,1,0,0
1783873989180001100,2026-07-13 00:33:09.180001,1.9727320671081543,-6.720794200897217,1437.6320838928223,1275.995135307312,1437.6320838928223,1333.2836627960205,42.5,27.5,1,1,0,0
1783873989213793800,2026-07-13 00:33:09.213794,2.50541090965271,-6.888888359069824,1658.1411361694336,1224.7109413146973,1437.6320838928223,1343.3693647384644,56.5,30.5,1,1,0,0
1783873989247852700,2026-07-13 00:33:09.247853,2.5081989765167236,-6.3316826820373535,1465.2750968933105,1055.2375316619873,1437.6320838928223,1333.2836627960205,59.5,29.5,1,1,0,0
1783873989287801700,2026-07-13 00:33:09.287802,2.3664908409118652,-5.839611530303955,1405.018711090088,992.9595589637756,1437.6320838928223,1275.995135307312,58.0,37.0,1,1,0,0
1783873989318664200,2026-07-13 00:33:09.318664,2.3652851581573486,-5.890926837921143,1510.3184700012207,936.7140531539917,1437.6320838928223,1224.7109413146973,58.0,33.0,1,1,0,0
1783873989350220600,2026-07-13 00:33:09.350220,2.434000015258789,-3.882762908935547,1441.1066055297852,780.1526188850403,1437.6320838928223,1055.2375316619873,53.0,34.0,1,1,0,0
1783873989383367900,2026-07-13 00:33:09.383368,2.2970526218414307,-4.422158718109131,1369.954776763916,805.0761222839355,1437.6320838928223,992.9595589637756,58.5,32.0,1,1,0,0
1783873989416800800,2026-07-13 00:33:09.416801,2.5050084590911865,-5.087509632110596,1409.049129486084,860.7299327850342,1437.6320838928223,936.7140531539917,54.5,35.0,1,1,0,0
1783873989463010800,2026-07-13 00:33:09.463011,2.228788137435913,-3.8781111240386963,1317.4755096435547,734.248697757721,1437.6320838928223,860.7299327850342,61.5,29.0,1,1,0,0
1783873989491379000,2026-07-13 00:33:09.491379,2.3221609592437744,-3.541260004043579,1332.363224029541,685.3846311569214,1409.049129486084,860.7299327850342,54.5,34.0,1,1,0,0
1783873989521061900,2026-07-13 00:33:09.521062,2.358962059020996,-4.1163010597229,1340.9016609191895,650.7075428962708,1409.049129486084,860.7299327850342,57.5,30.5,1,1,0,0
1783873989552678100,2026-07-13 00:33:09.552678,2.3989756107330322,-3.900832176208496,1342.3186302185059,653.4416079521179,1342.3186302185059,734.248697757721,56.0,34.0,1,1,0,0
1783873989587489100,2026-07-13 00:33:09.587489,2.264820098876953,-3.938171863555908,1290.7437324523926,623.9111423492432,1342.3186302185059,685.3846311569214,59.0,34.0,1,1,0,0
1783873989618896700,2026-07-13 00:33:09.618897,2.1277801990509033,-3.7266294956207275,1280.4481506347656,666.0354137420654,1342.3186302185059,666.0354137420654,57.5,39.0,1,1,0,0
1783873989650509800,2026-07-13 00:33:09.650510,2.198852300643921,-3.6794967651367188,1271.138858795166,619.9411749839783,1342.3186302185059,666.0354137420654,54.5,34.0,1,1,0,0
1783873989690921900,2026-07-13 00:33:09.690922,2.5515129566192627,-3.492979049682617,1406.070899963379,663.6587381362915,1342.3186302185059,666.0354137420654,65.0,38.0,1,1,0,0
1783873989719680900,2026-07-13 00:33:09.719681,2.18928861618042,-3.4989538192749023,1208.625888824463,572.9416012763977,1342.3186302185059,666.0354137420654,66.0,41.0,1,1,0,0
1783873989753441000,2026-07-13 00:33:09.753441,2.025782823562622,-3.476209878921509,1199.3074417114258,662.3865962028503,1342.3186302185059,663.6587381362915,66.0,46.5,1,1,0,0
1783873989791006800,2026-07-13 00:33:09.791007,2.098156690597534,-4.236621379852295,1241.8845176696777,671.2159514427185,1342.3186302185059,666.0354137420654,63.5,40.5,1,1,0,0
1783873989821311700,2026-07-13 00:33:09.821312,2.5946712493896484,-4.128237247467041,1389.5610809326172,672.1683144569397,1342.3186302185059,666.0354137420654,66.0,38.0,1,1,0,0
1783873989852837000,2026-07-13 00:33:09.852837,2.3030521869659424,-5.004355430603027,1262.7284049987793,728.7423610687256,1342.3186302185059,666.0354137420654,67.0,39.5,1,1,0,0
1783873989894820000,2026-07-13 00:33:09.894820,2.551241874694824,-3.2156825065612793,1376.348876953125,640.2243971824646,1342.3186302185059,666.0354137420654,64.5,31.5,1,1,0,0
1783873989924832000,2026-07-13 00:33:09.924832,2.684061050415039,-2.86148738861084,1333.5076332092285,516.762912273407,1342.3186302185059,666.0354137420654,61.0,41.0,1,1,0,0
1783873989953768900,2026-07-13 00:33:09.953769,2.41252064704895,-4.013210773468018,1322.8612899780273,609.1303825378418,1342.3186302185059,666.0354137420654,63.5,33.0,1,1,0,0
1783873989990169400,2026-07-13 00:33:09.990169,2.507871627807617,-3.911909818649292,1381.5179824829102,650.4749059677124,1342.3186302185059,650.4749059677124,54.0,40.0,1,1,0,0
1783873990029838600,2026-07-13 00:33:10.029839,2.276296615600586,-4.121646881103516,1284.74760055542,611.378014087677,1342.3186302185059,650.4749059677124,65.0,40.5,1,1,0,0
1783873990059859400,2026-07-13 00:33:10.059860,2.307603597640991,-3.5124309062957764,1352.185344696045,699.9926567077637,1342.3186302185059,666.0354137420654,55.5,35.0,1,1,0,0
1783873990089744800,2026-07-13 00:33:10.089745,1.9120653867721558,-3.3325705528259277,1171.9429016113281,539.1048789024353,1342.3186302185059,650.4749059677124,62.5,37.0,1,1,0,0
1783873990126489600,2026-07-13 00:33:10.126490,1.4535945653915405,-3.6412711143493652,1122.5238800048828,657.0343375205994,1342.3186302185059,650.4749059677124,62.5,31.5,1,1,0,0
1783873990163484600,2026-07-13 00:33:10.163485,2.135101556777954,-3.693063974380493,1208.2586288452148,577.8703689575195,1342.3186302185059,650.4749059677124,58.5,33.5,1,1,0,0
1783873990193160100,2026-07-13 00:33:10.193160,2.188843011856079,-3.985018253326416,1215.951919555664,617.2190308570862,1215.951919555664,650.4749059677124,59.5,39.5,1,1,0,0
1783873990236237000,2026-07-13 00:33:10.236237,1.8380146026611328,-3.8327598571777344,1165.9546852111816,634.0417265892029,1215.951919555664,650.4749059677124,55.0,33.5,1,1,0,0
1783873990267266800,2026-07-13 00:33:10.267267,1.610205054283142,-5.50506591796875,1086.7877960205078,803.3226728439331,1215.951919555664,650.4749059677124,70.0,31.5,1,1,0,0
1783873990295620800,2026-07-13 00:33:10.295621,1.5774723291397095,-6.157479763031006,1040.4495239257812,944.0813660621643,1215.951919555664,650.4749059677124,55.0,24.5,1,1,0,0
1783873990330332400,2026-07-13 00:33:10.330333,2.2197296619415283,-7.192483425140381,1187.358570098877,1046.8740463256836,1187.358570098877,650.4749059677124,60.5,27.0,1,1,0,0
1783873990370642400,2026-07-13 00:33:10.370642,1.755367398262024,-6.139729022979736,1192.3162460327148,1082.9498767852783,1192.3162460327148,803.3226728439331,58.0,22.5,1,1,0,0
1783873990400832200,2026-07-13 00:33:10.400832,1.7954124212265015,-6.3515214920043945,1215.735912322998,1122.0059394836426,1215.735912322998,944.0813660621643,54.5,22.0,1,1,0,0
1783873990431885300,2026-07-13 00:33:10.431885,1.5968374013900757,-5.566259860992432,1229.3266296386719,1085.0428342819214,1192.3162460327148,1046.8740463256836,47.5,32.5,1,1,0,0
1783873990461438000,2026-07-13 00:33:10.461438,1.5968374013900757,-5.566259860992432,1229.3266296386719,1085.0428342819214,1215.735912322998,1082.9498767852783,50.5,28.5,1,1,0,0
1783873990490693000,2026-07-13 00:33:10.490693,1.5365077257156372,-4.9909162521362305,1216.829013824463,1027.5366306304932,1215.735912322998,1027.5366306304932,53.0,23.5,1,1,0,0
1783873990519745600,2026-07-13 00:33:10.519746,1.993746042251587,-7.296375751495361,1193.764591217041,1181.077003479004,1193.764591217041,1082.9498767852783,44.5,32.5,1,1,0,0
1783873990557550800,2026-07-13 00:33:10.557551,1.8633865118026733,-6.089549541473389,1246.3123321533203,1101.227045059204,1215.735912322998,1082.9498767852783,42.5,24.0,1,1,0,0
1783873990586978800,2026-07-13 00:33:10.586979,1.3386170864105225,-6.6399054527282715,1060.5475425720215,1223.9278554916382,1215.735912322998,1082.9498767852783,41.5,21.5,1,1,0,0
1783873990616654600,2026-07-13 00:33:10.616655,2.1792237758636475,-6.248617172241211,1306.5298080444336,1144.8498964309692,1215.735912322998,1101.227045059204,42.5,21.5,1,1,0,0
1783873990646912700,2026-07-13 00:33:10.646913,2.1905064582824707,-5.614960193634033,1378.2999992370605,1031.4993858337402,1215.735912322998,1082.9498767852783,51.5,18.0,1,1,0,0
1783873990677840700,2026-07-13 00:33:10.677841,2.326709747314453,-6.583904266357422,1418.8572883605957,1209.949254989624,1215.735912322998,1101.227045059204,48.5,21.5,1,1,0,0
1783873990710811400,2026-07-13 00:33:10.710811,2.3501088619232178,-6.8131184577941895,1477.8230667114258,1232.0201396942139,1306.5298080444336,1101.227045059204,37.5,12.0,1,1,0,0
1783873990740276900,2026-07-13 00:33:10.740277,1.8677314519882202,-5.290775775909424,1390.9890174865723,1123.162031173706,1378.2999992370605,1101.227045059204,36.0,13.0,1,1,0,0
1783873990780026300,2026-07-13 00:33:10.780026,1.952708125114441,-6.277591228485107,1348.7138748168945,1181.5345287322998,1348.7138748168945,1123.162031173706,36.5,18.5,1,1,0,0
1783873990808851600,2026-07-13 00:33:10.808852,1.5535615682601929,-5.856575012207031,1130.4407119750977,1101.6517877578735,1306.5298080444336,1101.6517877578735,37.5,15.0,1,1,0,0
1783873990839748400,2026-07-13 00:33:10.839748,0.7745540738105774,-6.4149861335754395,882.5104713439941,1222.6401567459106,1348.7138748168945,1123.162031173706,35.5,4.0,1,1,0,0
1783873990872879000,2026-07-13 00:33:10.872879,1.1605138778686523,-6.466705799102783,961.5936279296875,1175.886869430542,1306.5298080444336,1123.162031173706,37.0,8.0,1,1,0,0
1783873990913866900,2026-07-13 00:33:10.913867,0.6524186730384827,-5.861358165740967,940.9011840820312,1238.7914657592773,1130.4407119750977,1123.162031173706,36.0,4.5,1,1,0,0
1783873990944601600,2026-07-13 00:33:10.944602,1.269927978515625,-6.881297588348389,975.4818916320801,1247.6797103881836,975.4818916320801,1175.886869430542,30.5,3.0,1,1,0,0
1783873990974798000,2026-07-13 00:33:10.974798,1.3730978965759277,-7.363234996795654,1039.0575408935547,1353.467583656311,1039.0575408935547,1175.886869430542,36.5,14.0,1,1,0,0
1783873991011354200,2026-07-13 00:33:11.011354,1.00460946559906,-6.527468204498291,922.6977348327637,1293.592095375061,975.4818916320801,1238.7914657592773,43.5,1.5,1,1,0,0
1783873991048049100,2026-07-13 00:33:11.048049,0.667892575263977,-5.650166034698486,920.4032897949219,1210.0565433502197,975.4818916320801,1210.0565433502197,30.0,2.5,1,1,0,0
1783873991077721300,2026-07-13 00:33:11.077721,0.8937819600105286,-5.726949214935303,1110.0621223449707,1351.3493537902832,1039.0575408935547,1238.7914657592773,35.5,4.0,1,1,0,0
1783873991109924400,2026-07-13 00:33:11.109924,1.6571550369262695,-7.4612650871276855,1025.1277923583984,1267.3324346542358,975.4818916320801,1238.7914657592773,42.0,20.0,1,1,0,0
1783873991149659000,2026-07-13 00:33:11.149659,0.8114003539085388,-5.8049139976501465,934.125804901123,1224.3274450302124,975.4818916320801,1224.3274450302124,38.0,12.0,1,1,0,0
1783873991178358900,2026-07-13 00:33:11.178359,0.8818893432617188,-5.327871799468994,993.3175086975098,1190.7848119735718,993.3175086975098,1238.7914657592773,36.5,9.0,1,1,0,0
1783873991210860400,2026-07-13 00:33:11.210860,1.2189431190490723,-5.787002086639404,1100.1462936401367,1212.3011350631714,993.3175086975098,1224.3274450302124,32.5,11.5,1,1,0,0
1783873991241238400,2026-07-13 00:33:11.241239,1.4420616626739502,-6.000067234039307,1151.5869140625,1169.558048248291,993.3175086975098,1224.3274450302124,34.0,19.5,1,1,0,0
1783873991282475700,2026-07-13 00:33:11.282476,1.5124937295913696,-6.370708465576172,1267.1043395996094,1342.0040607452393,993.3175086975098,1238.7914657592773,41.0,12.0,1,1,0,0
1783873991310991400,2026-07-13 00:33:11.310991,1.487011432647705,-7.620158672332764,1033.123779296875,1289.8261547088623,1033.123779296875,1224.3274450302124,45.0,31.0,1,1,0,0
1783873991342866200,2026-07-13 00:33:11.342866,0.95346999168396,-5.995584011077881,1078.0942916870117,1179.013967514038,1033.123779296875,1224.3274450302124,51.5,23.5,1,1,0,0
1783873991383986400,2026-07-13 00:33:11.383986,1.6895338296890259,-6.6328864097595215,1254.629135131836,1167.0887470245361,1033.123779296875,1224.3274450302124,50.0,24.5,1,1,0,0
1783873991413375800,2026-07-13 00:33:11.413376,1.836307168006897,-6.748720645904541,1083.6333274841309,999.3668794631958,1033.123779296875,1224.3274450302124,51.5,37.0,1,1,0,0
1783873991444311200,2026-07-13 00:33:11.444311,1.4571739435195923,-6.079111576080322,1106.1127662658691,1062.0449781417847,1078.0942916870117,1179.013967514038,55.5,28.5,1,1,0,0
1783873991484637700,2026-07-13 00:33:11.484638,1.7693387269973755,-6.122361660003662,1227.4059295654297,1047.3188161849976,1083.6333274841309,1167.0887470245361,49.0,28.5,1,1,0,0
1783873991516385700,2026-07-13 00:33:11.516386,1.675505518913269,-6.380609035491943,1077.277660369873,993.2882785797119,1077.277660369873,1062.0449781417847,53.5,24.0,1,1,0,0
1783873991545733900,2026-07-13 00:33:11.545734,1.2261348962783813,-4.965223789215088,1059.9699020385742,889.4537687301636,1078.0942916870117,1062.0449781417847,56.5,32.0,1,1,0,0
1783873991581120500,2026-07-13 00:33:11.581120,1.666030764579773,-4.456874370574951,1206.009864807129,851.0450720787048,1083.6333274841309,1047.3188161849976,56.0,16.5,1,1,0,0
1783873991621065800,2026-07-13 00:33:11.621066,1.7656043767929077,-5.830993175506592,1118.1416511535645,867.6426410675049,1078.0942916870117,993.2882785797119,57.5,30.5,1,1,0,0
1783873991650643600,2026-07-13 00:33:11.650644,1.3161669969558716,-5.387685298919678,1071.016788482666,826.8080949783325,1078.0942916870117,889.4537687301636,56.0,37.5,1,1,0,0
1783873991680638300,2026-07-13 00:33:11.680638,1.5209852457046509,-4.440194129943848,1150.233268737793,808.2237243652344,1083.6333274841309,867.6426410675049,56.0,21.5,1,1,0,0
1783873991713414200,2026-07-13 00:33:11.713414,2.3241803646087646,-3.6442766189575195,1363.9016151428223,745.6957697868347,1083.6333274841309,867.6426410675049,52.5,32.5,1,1,0,0
1783873991753468000,2026-07-13 00:33:11.753468,1.6833813190460205,-4.855507850646973,1125.6702423095703,776.3696908950806,1083.6333274841309,826.8080949783325,61.5,41.5,1,1,0,0
1783873991780980300,2026-07-13 00:33:11.780980,0.9801245331764221,-4.73961877822876,973.1142044067383,845.6701040267944,1083.6333274841309,845.6701040267944,58.0,20.5,1,1,0,0
1783873991816191600,2026-07-13 00:33:11.816191,1.4863536357879639,-4.3397746086120605,1132.5778007507324,766.6967511177063,1083.6333274841309,826.8080949783325,62.0,40.5,1,1,0,0
1783873991854632700,2026-07-13 00:33:11.854633,2.350311517715454,-4.8160319328308105,1330.027961730957,765.5513286590576,1083.6333274841309,826.8080949783325,55.5,37.0,1,1,0,0
1783873991883266100,2026-07-13 00:33:11.883266,1.8592551946640015,-3.9943277835845947,1210.261058807373,751.8919706344604,1083.6333274841309,826.8080949783325,60.0,34.0,1,1,0,0
1783873991915210700,2026-07-13 00:33:11.915211,2.1500489711761475,-4.14914608001709,1337.1540069580078,736.706793308258,1132.5778007507324,766.6967511177063,59.0,32.5,1,1,0,0
1783873991956169600,2026-07-13 00:33:11.956170,2.0227572917938232,-4.359203815460205,1217.0724868774414,643.7211036682129,1210.261058807373,765.5513286590576,61.5,33.0,1,1,0,0
1783873991983818400,2026-07-13 00:33:11.983819,1.2961317300796509,-4.039851188659668,1122.8320121765137,723.0674028396606,1122.8320121765137,751.8919706344604,59.0,25.0,1,1,0,0
1783873992019025300,2026-07-13 00:33:12.019025,2.2958285808563232,-4.228781223297119,1448.6746788024902,725.393533706665,1210.261058807373,736.706793308258,54.5,35.5,1,1,0,0
1783873992056901700,2026-07-13 00:33:12.056902,2.1816608905792236,-4.625833511352539,1246.871280670166,684.9426031112671,1210.261058807373,725.393533706665,66.5,32.5,1,1,0,0
1783873992086101800,2026-07-13 00:33:12.086102,2.4483284950256348,-3.9215331077575684,1476.4888763427734,674.923837184906,1210.261058807373,725.393533706665,56.5,35.5,1,1,0,0
1783873992118310900,2026-07-13 00:33:12.118311,2.0401151180267334,-4.894872188568115,1181.0781478881836,695.892333984375,1210.261058807373,725.393533706665,63.0,32.5,1,1,0,0
1783873992160779600,2026-07-13 00:33:12.160779,1.2615745067596436,-3.5220823287963867,1060.7008934020996,707.1127891540527,1210.261058807373,707.1127891540527,51.0,36.0,1,1,0,0
1783873992189996900,2026-07-13 00:33:12.189997,2.263617515563965,-5.398460388183594,1223.8921165466309,710.4607224464417,1210.261058807373,710.4607224464417,62.5,38.0,1,1,0,0
1783873992219977100,2026-07-13 00:33:12.219977,2.0657851696014404,-4.480482578277588,1233.6715698242188,760.693609714508,1210.261058807373,725.393533706665,56.5,32.0,1,1,0,0
1783873992255411500,2026-07-13 00:33:12.255411,2.0967297554016113,-4.2941508293151855,1201.2201309204102,611.1049056053162,1210.261058807373,707.1127891540527,63.5,29.0,1,1,0,0
1783873992296247400,2026-07-13 00:33:12.296247,1.463949203491211,-4.502272129058838,1044.508171081543,669.8265671730042,1210.261058807373,710.4607224464417,62.0,25.5,1,1,0,0
1783873992325631300,2026-07-13 00:33:12.325631,1.9109150171279907,-4.045304298400879,1221.121883392334,651.5606641769409,1210.261058807373,707.1127891540527,57.5,30.5,1,1,0,0
1783873992357786000,2026-07-13 00:33:12.357786,2.057380199432373,-4.963453769683838,1275.4802703857422,779.866635799408,1210.261058807373,707.1127891540527,58.0,38.0,1,1,0,0
1783873992399917500,2026-07-13 00:33:12.399918,1.7624350786209106,-4.887237071990967,1185.2737426757812,814.8512244224548,1210.261058807373,710.4607224464417,61.0,27.5,1,1,0,0
1783873992428335500,2026-07-13 00:33:12.428336,1.8968678712844849,-4.813498497009277,1214.8585319519043,764.6199464797974,1210.261058807373,710.4607224464417,64.5,32.5,1,1,0,0
1783873992458600800,2026-07-13 00:33:12.458601,2.1551597118377686,-5.170294284820557,1263.827896118164,837.1758460998535,1210.261058807373,764.6199464797974,54.5,34.0,1,1,0,0
1783873992498976000,2026-07-13 00:33:12.498976,1.9522026777267456,-5.224509239196777,1143.3403968811035,730.7616472244263,1210.261058807373,730.7616472244263,64.5,29.0,1,1,0,0
1783873992528966400,2026-07-13 00:33:12.528966,1.0987197160720825,-5.020455837249756,1040.8876419067383,886.9792222976685,1210.261058807373,764.6199464797974,62.0,25.5,1,1,0,0
1783873992560666500,2026-07-13 00:33:12.560667,2.234714984893799,-3.7985918521881104,1310.9684944152832,735.5940341949463,1210.261058807373,764.6199464797974,52.5,33.5,1,1,0,0
1783873992602465300,2026-07-13 00:33:12.602465,1.7091460227966309,-4.927006721496582,1172.0687866210938,797.511100769043,1210.261058807373,764.6199464797974,61.5,41.5,1,1,0,0
1783873992632933500,2026-07-13 00:33:12.632933,2.4271981716156006,-4.037885665893555,1387.7150535583496,712.3762965202332,1210.261058807373,764.6199464797974,57.5,40.0,1,1,0,0
1783873992661893400,2026-07-13 00:33:12.661893,2.3705942630767822,-4.1147308349609375,1333.346939086914,675.1918196678162,1210.261058807373,764.6199464797974,72.0,28.0,1,1,0,0
1783873992690796000,2026-07-13 00:33:12.690796,2.0490293502807617,-6.0646796226501465,1155.989170074463,885.9280347824097,1210.261058807373,764.6199464797974,60.5,41.0,1,1,0,0
1783873992717466100,2026-07-13 00:33:12.717466,2.4755911827087402,-4.921855449676514,1382.932186126709,796.3889241218567,1210.261058807373,764.6199464797974,61.0,33.0,1,1,0,0
1783873992747251300,2026-07-13 00:33:12.747251,2.235166311264038,-5.394720554351807,1328.2150268554688,804.215133190155,1210.261058807373,764.6199464797974,64.5,28.5,1,1,0,0
1783873992775808600,2026-07-13 00:33:12.775809,1.5494052171707153,-3.819481372833252,1179.9009323120117,767.9352760314941,1210.261058807373,767.9352760314941,58.0,30.5,1,1,0,0
1783873992801855000,2026-07-13 00:33:12.801855,2.1613500118255615,-4.874440670013428,1223.1365203857422,741.2334084510803,1210.261058807373,764.6199464797974,58.5,25.0,1,1,0,0
1783873992831013200,2026-07-13 00:33:12.831013,2.019834280014038,-5.082896709442139,1249.4912147521973,828.4278512001038,1210.261058807373,767.9352760314941,59.0,33.0,1,1,0,0
1783873992868483600,2026-07-13 00:33:12.868484,2.202791452407837,-3.8068857192993164,1291.2894248962402,689.2228722572327,1210.261058807373,767.9352760314941,63.0,28.5,1,1,0,0
1783873992900167900,2026-07-13 00:33:12.900168,2.1928703784942627,-3.9686477184295654,1337.203598022461,643.3551907539368,1223.1365203857422,764.6199464797974,66.0,32.0,1,1,0,0
1783873992940880600,2026-07-13 00:33:12.940881,1.8845371007919312,-3.2997732162475586,1200.9224891662598,578.8800716400146,1210.261058807373,764.6199464797974,53.5,30.0,1,1,0,0
1783873992969703900,2026-07-13 00:33:12.969704,2.121382474899292,-4.183544158935547,1238.1569862365723,603.7648320198059,1223.1365203857422,689.2228722572327,57.0,40.5,1,1,0,0
1783873993001552200,2026-07-13 00:33:13.001552,1.9236316680908203,-3.5231828689575195,1198.5897064208984,635.286271572113,1223.1365203857422,643.3551907539368,58.0,39.0,1,1,0,0
1783873993041963300,2026-07-13 00:33:13.041963,2.0071401596069336,-3.6708078384399414,1244.2859649658203,552.5211095809937,1223.1365203857422,635.286271572113,68.0,32.0,1,1,0,0
1783873993071065500,2026-07-13 00:33:13.071066,2.48622465133667,-2.91684627532959,1361.5703582763672,595.8724617958069,1223.1365203857422,635.286271572113,58.5,28.0,1,1,0,0
1783873993102949900,2026-07-13 00:33:13.102950,2.5787136554718018,-3.0515685081481934,1305.8003425598145,508.2840919494629,1223.1365203857422,635.286271572113,63.0,29.5,1,1,0,0
1783873993137116600,2026-07-13 00:33:13.137117,2.544343948364258,-4.3006768226623535,1353.420066833496,618.3697581291199,1244.2859649658203,618.3697581291199,65.5,32.5,1,1,0,0
1783873993175777800,2026-07-13 00:33:13.175778,2.5695791244506836,-2.9353556632995605,1355.2735328674316,654.0520191192627,1305.8003425598145,635.286271572113,59.5,37.5,1,1,0,0
1783873993204357300,2026-07-13 00:33:13.204357,2.516523599624634,-3.176543712615967,1333.996868133545,565.1584267616272,1305.8003425598145,618.3697581291199,62.0,32.0,1,1,0,0
1783873993238601000,2026-07-13 00:33:13.238601,2.5443313121795654,-5.306515216827393,1369.0241813659668,808.5076212882996,1333.996868133545,618.3697581291199,60.0,37.5,1,1,0,0
1783873993273855500,2026-07-13 00:33:13.273855,2.4204087257385254,-4.4322052001953125,1373.470115661621,658.9676141738892,1333.996868133545,635.286271572113,60.0,41.5,1,1,0,0
1783873993312660500,2026-07-13 00:33:13.312660,2.436396837234497,-5.085769176483154,1247.731590270996,648.0218172073364,1305.8003425598145,635.286271572113,69.0,28.5,1,1,0,0
1783873993342619200,2026-07-13 00:33:13.342619,1.9228180646896362,-4.108189105987549,1241.4155960083008,695.7591772079468,1333.996868133545,648.0218172073364,66.0,31.5,1,1,0,0
1783873993374219800,2026-07-13 00:33:13.374220,2.3391191959381104,-3.933753490447998,1280.466365814209,619.7998523712158,1305.8003425598145,635.286271572113,65.5,29.5,1,1,0,0
1783873993409805200,2026-07-13 00:33:13.409805,2.1581997871398926,-4.809436321258545,1231.6828727722168,711.8920087814331,1280.466365814209,648.0218172073364,64.5,45.5,1,1,0,0
1783873993442589500,2026-07-13 00:33:13.442590,2.2843525409698486,-4.042934417724609,1279.2150497436523,680.8004975318909,1280.466365814209,648.0218172073364,62.5,42.0,1,1,0,0
1783873993478510500,2026-07-13 00:33:13.478511,2.211031436920166,-3.4926514625549316,1296.7769622802734,584.6648216247559,1296.7769622802734,635.286271572113,63.0,24.0,1,1,0,0
1783873993513006200,2026-07-13 00:33:13.513006,1.9625860452651978,-3.048344850540161,1264.4853591918945,599.9895930290222,1280.466365814209,648.0218172073364,61.5,31.0,1,1,0,0
1783873993551139800,2026-07-13 00:33:13.551140,2.4232664108276367,-3.9729461669921875,1355.7388305664062,713.284969329834,1280.466365814209,648.0218172073364,62.0,30.5,1,1,0,0
1783873993580592600,2026-07-13 00:33:13.580593,2.527629852294922,-3.9725961685180664,1483.9160919189453,583.284854888916,1296.7769622802734,635.286271572113,59.0,34.0,1,1,0,0
1783873993620586100,2026-07-13 00:33:13.620586,2.329460859298706,-4.096527099609375,1295.1773643493652,661.9219779968262,1295.1773643493652,648.0218172073364,61.5,25.5,1,1,0,0
1783873993649983100,2026-07-13 00:33:13.649983,2.3800296783447266,-3.033294200897217,1310.6969833374023,561.7807507514954,1296.7769622802734,648.0218172073364,57.5,30.0,1,1,0,0
1783873993679834900,2026-07-13 00:33:13.679835,2.20329213142395,-3.5315496921539307,1289.8749351501465,591.4471745491028,1296.7769622802734,635.286271572113,60.0,31.5,1,1,0,0
1783873993721335100,2026-07-13 00:33:13.721335,2.1376655101776123,-3.7406554222106934,1240.8661842346191,644.287109375,1295.1773643493652,644.287109375,63.0,29.0,1,1,0,0
1783873993751608400,2026-07-13 00:33:13.751608,2.0773441791534424,-3.553243637084961,1231.7681312561035,666.4878129959106,1295.1773643493652,648.0218172073364,61.0,39.5,1,1,0,0
1783873993781644900,2026-07-13 00:33:13.781645,2.1678779125213623,-4.079012393951416,1236.252784729004,680.9334754943848,1289.8749351501465,644.287109375,61.0,34.5,1,1,0,0
1783873993813775300,2026-07-13 00:33:13.813775,2.2468345165252686,-3.7997095584869385,1261.713695526123,662.2382402420044,1261.713695526123,648.0218172073364,56.0,31.5,1,1,0,0
1783873993854498000,2026-07-13 00:33:13.854498,1.9423977136611938,-7.961251735687256,1496.5822219848633,1348.8844633102417,1295.1773643493652,662.2382402420044,56.0,21.0,1,1,0,0
1783873993883810000,2026-07-13 00:33:13.883810,1.7191029787063599,-7.957324504852295,1819.5293426513672,1506.3024759292603,1289.8749351501465,662.2382402420044,51.5,15.0,1,1,0,0
1783873993915995900,2026-07-13 00:33:13.915996,1.7361723184585571,-8.341008186340332,1758.4527969360352,1546.7849969863892,1295.1773643493652,662.2382402420044,49.5,17.0,1,1,0,0
1783873993961010800,2026-07-13 00:33:13.961011,2.036747932434082,-7.535491466522217,1590.7737731933594,1354.7619581222534,1496.5822219848633,1348.8844633102417,49.0,24.0,1,1,0,0
1783873993990968300,2026-07-13 00:33:13.990968,1.8841079473495483,-8.16812801361084,1952.7374267578125,1464.1577005386353,1590.7737731933594,1354.7619581222534,49.5,25.5,1,1,0,0
1783873994018736400,2026-07-13 00:33:14.018736,2.2037811279296875,-7.617207050323486,1738.351821899414,1374.2061853408813,1590.7737731933594,1354.7619581222534,50.0,33.0,1,1,0,0
1783873994061823300,2026-07-13 00:33:14.061823,1.9631974697113037,-6.9491868019104,1485.4246139526367,1426.759123802185,1496.5822219848633,1354.7619581222534,50.0,21.5,1,1,0,0
1783873994092863200,2026-07-13 00:33:14.092863,2.248029947280884,-6.418332576751709,1787.796401977539,1273.714542388916,1590.7737731933594,1354.7619581222534,52.0,29.5,1,1,0,0
1783873994122308900,2026-07-13 00:33:14.122309,2.269758939743042,-6.641801357269287,1655.3083419799805,1297.6372241973877,1590.7737731933594,1354.7619581222534,50.0,24.0,1,1,0,0
1783873994162119000,2026-07-13 00:33:14.162119,2.061119794845581,-7.016788959503174,1940.2259826660156,1374.5691776275635,1590.7737731933594,1354.7619581222534,50.0,24.5,1,1,0,0
1783873994188229800,2026-07-13 00:33:14.188230,2.151425838470459,-5.575291156768799,1573.2965469360352,1157.7359437942505,1590.7737731933594,1354.7619581222534,60.0,18.5,1,1,0,0
1783873994222796800,2026-07-13 00:33:14.222797,2.438596487045288,-4.574007511138916,1557.9399108886719,1074.8875141143799,1590.7737731933594,1354.7619581222534,42.0,30.0,1,1,0,0
1783873994261230500,2026-07-13 00:33:14.261231,2.4660487174987793,-4.978824615478516,1531.6108703613281,935.4608058929443,1590.7737731933594,1354.7619581222534,34.0,31.5,1,1,0,0
1783873994291944000,2026-07-13 00:33:14.291944,2.5004918575286865,-3.5068039894104004,1469.5040702819824,821.3404417037964,1573.2965469360352,1157.7359437942505,41.5,34.0,1,1,0,0
1783873994332764800,2026-07-13 00:33:14.332765,2.3777496814727783,-3.29122257232666,1404.5374870300293,681.6686987876892,1557.9399108886719,1074.8875141143799,41.0,34.0,1,1,0,0
1783873994364396500,2026-07-13 00:33:14.364397,2.61419939994812,-4.500620365142822,1495.9519386291504,769.25128698349,1531.6108703613281,935.4608058929443,40.5,40.0,1,1,0,0
1783873994394821900,2026-07-13 00:33:14.394822,2.314429998397827,-4.050231456756592,1354.323673248291,685.2430105209351,1495.9519386291504,821.3404417037964,40.5,42.0,1,1,0,0
1783873994438603200,2026-07-13 00:33:14.438603,1.7832050323486328,-4.69595193862915,1238.3548736572266,773.5714316368103,1495.9519386291504,773.5714316368103,55.0,35.5,1,1,0,0
1783873994467285900,2026-07-13 00:33:14.467286,2.2539970874786377,-5.108027458190918,1330.4165840148926,795.1271533966064,1495.9519386291504,795.1271533966064,52.0,41.0,1,1,0,0
1783873994498162200,2026-07-13 00:33:14.498162,1.3915398120880127,-3.109762191772461,1087.9441261291504,656.9388508796692,1354.323673248291,773.5714316368103,58.0,37.0,1,1,0,0
1783873994535554700,2026-07-13 00:33:14.535555,1.8521374464035034,-3.9775876998901367,1217.2676086425781,706.2160968780518,1330.4165840148926,773.5714316368103,59.0,37.5,1,1,0,0
1783873994563578500,2026-07-13 00:33:14.563579,1.6958097219467163,-2.8422493934631348,1172.7627754211426,657.4097871780396,1330.4165840148926,773.5714316368103,52.5,41.5,1,1,0,0
1783873994606034000,2026-07-13 00:33:14.606034,2.4615867137908936,-4.5106892585754395,1340.5156135559082,661.6657972335815,1340.5156135559082,706.2160968780518,54.5,35.0,1,1,0,0
1783873994637563600,2026-07-13 00:33:14.637564,1.7980772256851196,-4.15187406539917,1183.3831787109375,655.9006571769714,1330.4165840148926,706.2160968780518,60.0,32.5,1,1,0,0
1783873994665251400,2026-07-13 00:33:14.665251,1.6393431425094604,-4.916747093200684,1090.4638290405273,706.1223983764648,1330.4165840148926,706.1223983764648,55.5,34.5,1,1,0,0
1783873994691088600,2026-07-13 00:33:14.691089,1.3804954290390015,-3.0076100826263428,1127.5925636291504,706.4239978790283,1330.4165840148926,706.2160968780518,63.0,37.0,1,1,0,0
1783873994721139400,2026-07-13 00:33:14.721139,2.0470919609069824,-4.746461868286133,1195.4530715942383,614.2322421073914,1195.4530715942383,706.1223983764648,57.5,31.5,1,1,0,0
1783873994751004400,2026-07-13 00:33:14.751004,1.7151364088058472,-3.0843591690063477,1176.302719116211,674.014151096344,1195.4530715942383,706.1223983764648,56.5,41.5,1,1,0,0
1783873994778291300,2026-07-13 00:33:14.778291,2.5926032066345215,-4.504696369171143,1341.1992073059082,633.4448456764221,1330.4165840148926,706.1223983764648,54.0,41.5,1,1,0,0
1783873994806827600,2026-07-13 00:33:14.806828,1.664739727973938,-3.6081271171569824,1148.8128662109375,618.8045740127563,1195.4530715942383,674.014151096344,56.5,35.5,1,1,0,0
1783873994844963500,2026-07-13 00:33:14.844964,2.042386293411255,-4.998193740844727,1170.30029296875,682.216227054596,1195.4530715942383,682.216227054596,60.0,28.0,1,1,0,0
1783873994873132000,2026-07-13 00:33:14.873132,1.8923624753952026,-3.1501717567443848,1188.0266189575195,574.0506052970886,1195.4530715942383,674.014151096344,57.0,40.0,1,1,0,0
1783873994904942700,2026-07-13 00:33:14.904943,2.46604585647583,-4.872433185577393,1233.5607528686523,618.7188625335693,1195.4530715942383,674.014151096344,59.0,42.5,1,1,0,0
1783873994938395300,2026-07-13 00:33:14.938396,1.1522417068481445,-3.9030096530914307,1082.6886177062988,696.9142556190491,1195.4530715942383,682.216227054596,59.5,39.0,1,1,0,0
1783873994977861400,2026-07-13 00:33:14.977861,1.773769736289978,-2.668391704559326,1138.4819030761719,540.5129790306091,1195.4530715942383,674.014151096344,65.0,40.5,1,1,0,0
1783873995007016300,2026-07-13 00:33:15.007016,1.4995028972625732,-4.607556343078613,1112.394618988037,722.2424149513245,1195.4530715942383,674.014151096344,64.0,35.5,1,1,0,0
1783873995049803600,2026-07-13 00:33:15.049803,1.1798548698425293,-6.41208028793335,973.1843948364258,1003.1037330627441,1138.4819030761719,682.216227054596,55.0,31.0,1,1,0,0
1783873995079080000,2026-07-13 00:33:15.079080,1.011461853981018,-6.4178290367126465,978.5032272338867,1020.5343961715698,1138.4819030761719,682.216227054596,55.5,31.5,1,1,0,0
1783873995108079700,2026-07-13 00:33:15.108080,0.9315330386161804,-7.789573669433594,752.0716190338135,1334.0590000152588,1112.394618988037,722.2424149513245,57.0,12.5,1,1,0,0
1783873995139814400,2026-07-13 00:33:15.139814,0.5647058486938477,-7.114068508148193,728.517484664917,1323.5591650009155,978.5032272338867,1003.1037330627441,44.0,17.5,1,1,0,0
1783873995178811100,2026-07-13 00:33:15.178811,1.1631968021392822,-7.545099258422852,823.4437942504883,1264.0562057495117,978.5032272338867,1020.5343961715698,42.5,12.0,1,1,0,0
1783873995208160700,2026-07-13 00:33:15.208161,0.4913100600242615,-6.532827854156494,770.4563140869141,1242.8632974624634,823.4437942504883,1242.8632974624634,42.0,13.5,1,1,0,0
1783873995241326200,2026-07-13 00:33:15.241326,1.4115763902664185,-7.453835964202881,924.6691703796387,1266.952633857727,924.6691703796387,1242.8632974624634,43.5,7.5,1,1,0,0
1783873995278692800,2026-07-13 00:33:15.278693,0.7881625890731812,-7.286684513092041,733.117151260376,1310.1222515106201,823.4437942504883,1242.8632974624634,41.0,15.5,1,1,0,0
1783873995310173500,2026-07-13 00:33:15.310174,0.5160713791847229,-6.181163787841797,779.1894912719727,1193.1859254837036,823.4437942504883,1242.8632974624634,48.0,6.0,1,1,0,0
1783873995351940600,2026-07-13 00:33:15.351941,0.8050408959388733,-7.638436317443848,717.620325088501,1378.8831233978271,823.4437942504883,1242.8632974624634,40.0,0.5,1,1,0,0
1783873995381079600,2026-07-13 00:33:15.381079,0.22002814710140228,-6.638854503631592,692.1318531036377,1292.900800704956,779.1894912719727,1242.8632974624634,47.0,4.5,1,1,0,0
1783873995412854300,2026-07-13 00:33:15.412854,0.5829318165779114,-6.331033229827881,701.8351078033447,1225.3540754318237,779.1894912719727,1242.8632974624634,41.0,1.0,1,1,0,0
1783873995446602400,2026-07-13 00:33:15.446603,0.8906007409095764,-7.212613582611084,751.8807888031006,1297.087550163269,751.8807888031006,1242.8632974624634,40.0,2.0,1,1,0,0
1783873995485412000,2026-07-13 00:33:15.485412,0.6915284991264343,-6.349507808685303,809.0823173522949,1222.0594882965088,779.1894912719727,1242.8632974624634,42.0,4.5,1,1,0,0
1783873995516276100,2026-07-13 00:33:15.516276,0.3222290277481079,-5.996584415435791,658.5824012756348,1232.4856519699097,751.8807888031006,1242.8632974624634,48.5,22.0,1,1,0,0
1783873995549708300,2026-07-13 00:33:15.549708,1.8854683637619019,-5.7049431800842285,1205.118465423584,912.4993681907654,751.8807888031006,1242.8632974624634,45.0,25.0,1,1,0,0
1783873995584883200,2026-07-13 00:33:15.584883,1.2798322439193726,-5.079690456390381,1064.1010284423828,856.1853170394897,779.1894912719727,1232.4856519699097,48.5,29.0,1,1,0,0
1783873995614608100,2026-07-13 00:33:15.614608,2.045438289642334,-5.071198463439941,1284.1814994812012,848.89817237854,779.1894912719727,1232.4856519699097,48.0,28.5,1,1,0,0
1783873995648435400,2026-07-13 00:33:15.648435,1.475814700126648,-4.7866950035095215,1109.0444564819336,832.2940468788147,1064.1010284423828,912.4993681907654,48.5,30.0,1,1,0,0
1783873995685261000,2026-07-13 00:33:15.685261,1.32204270362854,-4.655013084411621,1035.3843688964844,771.737277507782,1035.3843688964844,856.1853170394897,56.0,38.5,1,1,0,0
1783873995719547700,2026-07-13 00:33:15.719548,1.8470855951309204,-4.623995304107666,1191.6560173034668,806.2896728515625,1064.1010284423828,848.89817237854,56.0,30.0,1,1,0,0
1783873995751821800,2026-07-13 00:33:15.751822,1.6951695680618286,-5.4806647300720215,1102.5924682617188,833.1683278083801,1064.1010284423828,833.1683278083801,57.0,23.5,1,1,0,0
1783873995789939100,2026-07-13 00:33:15.789939,1.5028305053710938,-4.526632308959961,1118.41459274292,826.167643070221,1064.1010284423828,833.1683278083801,55.5,30.0,1,1,0,0
1783873995820305100,2026-07-13 00:33:15.820305,1.6108678579330444,-3.9474968910217285,1103.6324501037598,697.9124546051025,1102.5924682617188,833.1683278083801,58.0,33.0,1,1,0,0
1783873995861422800,2026-07-13 00:33:15.861423,1.8143893480300903,-3.641441583633423,1177.7902603149414,656.5034985542297,1102.5924682617188,833.1683278083801,61.0,40.0,1,1,0,0
1783873995888468700,2026-07-13 00:33:15.888469,1.993003010749817,-4.0046257972717285,1242.4150466918945,692.488968372345,1103.6324501037598,826.167643070221,57.0,34.5,1,1,0,0
1783873995918220100,2026-07-13 00:33:15.918220,1.9522649049758911,-5.503866195678711,1164.6492958068848,783.8417887687683,1103.6324501037598,783.8417887687683,57.5,41.5,1,1,0,0
1783873995958192900,2026-07-13 00:33:15.958193,1.7865506410598755,-2.9831016063690186,1187.2100830078125,651.714026927948,1164.6492958068848,783.8417887687683,59.5,37.0,1,1,0,0
1783873995987505300,2026-07-13 00:33:15.987505,1.8091694116592407,-4.5916056632995605,1191.3671493530273,750.3567934036255,1164.6492958068848,783.8417887687683,62.5,32.0,1,1,0,0
1783873996022970300,2026-07-13 00:33:16.022970,1.2866519689559937,-3.519972562789917,1081.28023147583,718.6617851257324,1103.6324501037598,783.8417887687683,60.0,32.0,1,1,0,0
1783873996057929300,2026-07-13 00:33:16.057929,1.6205989122390747,-3.291715145111084,1152.461338043213,657.1974158287048,1164.6492958068848,750.3567934036255,56.0,31.0,1,1,0,0
1783873996086944700,2026-07-13 00:33:16.086945,1.9345089197158813,-3.900434970855713,1238.4798049926758,676.0300397872925,1164.6492958068848,750.3567934036255,59.5,34.5,1,1,0,0
1783873996128642200,2026-07-13 00:33:16.128642,1.909493327140808,-3.946821451187134,1222.4745750427246,696.7101693153381,1164.6492958068848,718.6617851257324,62.0,34.0,1,1,0,0
1783873996156891600,2026-07-13 00:33:16.156892,1.83783757686615,-3.6640641689300537,1220.49560546875,688.931405544281,1164.6492958068848,696.7101693153381,58.5,28.0,1,1,0,0
1783873996191061700,2026-07-13 00:33:16.191062,2.3163938522338867,-4.0972161293029785,1291.8630599975586,625.7178783416748,1220.49560546875,696.7101693153381,62.5,37.0,1,1,0,0
1783873996222589400,2026-07-13 00:33:16.222589,2.2382166385650635,-5.008028984069824,1249.9926567077637,725.5971431732178,1220.49560546875,718.6617851257324,58.0,18.0,1,1,0,0
1783873996258081100,2026-07-13 00:33:16.258081,2.1026909351348877,-4.721375465393066,1260.3413581848145,728.6114692687988,1220.49560546875,696.7101693153381,61.5,38.0,1,1,0,0
1783873996297787300,2026-07-13 00:33:16.297787,2.433753252029419,-4.478256702423096,1334.0535163879395,741.057276725769,1249.9926567077637,718.6617851257324,61.0,28.5,1,1,0,0
1783873996325790100,2026-07-13 00:33:16.325790,0.8888131976127625,-4.621201038360596,909.5922470092773,798.8081574440002,1220.49560546875,725.5971431732178,62.0,24.0,1,1,0,0
1783873996358403700,2026-07-13 00:33:16.358404,1.241576910018921,-4.03048038482666,1056.6869735717773,751.5180110931396,1220.49560546875,728.6114692687988,59.0,32.5,1,1,0,0
1783873996396043500,2026-07-13 00:33:16.396044,1.98271906375885,-4.163633346557617,1281.9788932800293,738.3388876914978,1249.9926567077637,738.3388876914978,59.5,27.5,1,1,0,0
1783873996424425000,2026-07-13 00:33:16.424425,1.8743724822998047,-4.382934093475342,1223.6212730407715,720.6419706344604,1220.49560546875,725.5971431732178,59.5,32.0,1,1,0,0
1783873996465197100,2026-07-13 00:33:16.465197,1.9212759733200073,-4.330859661102295,1190.0235176086426,643.0644392967224,1220.49560546875,728.6114692687988,57.0,34.0,1,1,0,0
1783873996493970500,2026-07-13 00:33:16.493970,1.8710435628890991,-3.679445743560791,1182.1005821228027,647.5935578346252,1220.49560546875,725.5971431732178,58.5,34.5,1,1,0,0
1783873996533622800,2026-07-13 00:33:16.533623,1.8130792379379272,-3.7427163124084473,1211.7413520812988,707.9215049743652,1220.49560546875,720.6419706344604,57.0,38.0,1,1,0,0
1783873996561176600,2026-07-13 00:33:16.561177,1.6294182538986206,-3.613224983215332,1166.897201538086,690.1107430458069,1211.7413520812988,707.9215049743652,58.0,34.0,1,1,0,0
1783873996592917900,2026-07-13 00:33:16.592918,1.9343880414962769,-4.297113418579102,1287.4581336975098,757.9043507575989,1220.49560546875,725.5971431732178,59.5,34.0,1,1,0,0
1783873996627703100,2026-07-13 00:33:16.627703,1.439192533493042,-4.574753761291504,1126.6868591308594,778.9098620414734,1211.7413520812988,720.6419706344604,54.5,21.0,1,1,0,0
1783873996664688200,2026-07-13 00:33:16.664688,2.044080972671509,-5.284093856811523,1197.871208190918,739.6554350852966,1211.7413520812988,725.5971431732178,61.0,32.0,1,1,0,0
1783873996694752800,2026-07-13 00:33:16.694753,1.9672168493270874,-5.453925609588623,1214.890193939209,841.3792252540588,1214.890193939209,739.6554350852966,60.0,31.0,1,1,0,0
1783873996730908400,2026-07-13 00:33:16.730908,1.610433578491211,-4.583831787109375,1163.78173828125,789.7800207138062,1211.7413520812988,739.6554350852966,58.5,31.0,1,1,0,0
1783873996768455800,2026-07-13 00:33:16.768456,2.3892738819122314,-4.728914260864258,1342.0849800109863,703.0677199363708,1211.7413520812988,725.5971431732178,56.0,33.0,1,1,0,0
1783873996798631600,2026-07-13 00:33:16.798632,1.7681249380111694,-4.408788204193115,1196.6145515441895,737.8208637237549,1211.7413520812988,739.6554350852966,57.5,43.0,1,1,0,0
1783873996829388200,2026-07-13 00:33:16.829388,1.6062999963760376,-6.660149097442627,1212.2546195983887,1205.7445049285889,1211.7413520812988,739.6554350852966,51.0,22.0,1,1,0,0
1783873996872010500,2026-07-13 00:33:16.872010,0.9966827034950256,-5.9100751876831055,1054.2126655578613,1159.6351861953735,1211.7413520812988,739.6554350852966,48.0,24.5,1,1,0,0
1783873996902636000,2026-07-13 00:33:16.902636,1.5279239416122437,-5.369054317474365,1251.6223907470703,1155.8475494384766,1211.7413520812988,739.6554350852966,48.5,21.0,1,1,0,0
1783873996933529100,2026-07-13 00:33:16.933529,1.932425618171692,-6.773916721343994,1236.3859176635742,1235.9273433685303,1211.7413520812988,1155.8475494384766,42.0,19.0,1,1,0,0
1783873996964355200,2026-07-13 00:33:16.964355,1.932425618171692,-6.773916721343994,1236.3859176635742,1235.9273433685303,1211.7413520812988,1155.8475494384766,41.5,17.5,1,1,0,0
1783873996999837200,2026-07-13 00:33:16.999837,1.932425618171692,-6.773916721343994,1236.3859176635742,1235.9273433685303,1236.3859176635742,1155.8475494384766,46.0,14.0,1,1,0,0
1783873997027467800,2026-07-13 00:33:17.027468,2.080071449279785,-6.524731159210205,1409.2693328857422,1256.3711404800415,1236.3859176635742,1235.9273433685303,39.5,13.0,1,1,0,0
1783873997054582400,2026-07-13 00:33:17.054582,2.2646737098693848,-5.542255878448486,1538.918113708496,1196.772575378418,1236.3859176635742,1196.772575378418,39.5,16.5,1,1,0,0
1783873997088468700,2026-07-13 00:33:17.088469,1.7657577991485596,-4.4305853843688965,1350.444221496582,1069.8292255401611,1236.3859176635742,1155.8475494384766,39.5,18.5,1,1,0,0
1783873997119985400,2026-07-13 00:33:17.119985,1.1329843997955322,-5.042751789093018,1141.2014961242676,1132.7111721038818,1236.3859176635742,1196.772575378418,39.5,14.5,1,1,0,0
1783873997148227000,2026-07-13 00:33:17.148227,1.8904228210449219,-4.808608531951904,1344.9820518493652,1011.2876892089844,1236.3859176635742,1155.8475494384766,41.5,17.0,1,1,0,0
1783873997176258200,2026-07-13 00:33:17.176258,1.1943475008010864,-5.854860782623291,1088.8317108154297,1125.413417816162,1236.3859176635742,1132.7111721038818,42.5,19.0,1,1,0,0
1783873997207260100,2026-07-13 00:33:17.207260,2.232001781463623,-6.787595272064209,1307.3113441467285,1103.381633758545,1236.3859176635742,1132.7111721038818,42.0,16.0,1,1,0,0
1783873997247730200,2026-07-13 00:33:17.247730,2.319600820541382,-6.8406548500061035,1327.0721435546875,1098.0277061462402,1236.3859176635742,1125.413417816162,47.5,17.0,1,1,0,0
1783873997277035300,2026-07-13 00:33:17.277035,2.2655985355377197,-8.137722969055176,1164.5703315734863,1225.4568338394165,1236.3859176635742,1132.7111721038818,48.0,10.0,1,1,0,0
1783873997307645500,2026-07-13 00:33:17.307645,2.235774278640747,-8.135896682739258,1245.4285621643066,1255.8404207229614,1236.3859176635742,1132.7111721038818,52.0,18.5,1,1,0,0
1783873997348689000,2026-07-13 00:33:17.348689,2.355024576187134,-7.814144611358643,1528.3722877502441,1244.484543800354,1236.3859176635742,1132.7111721038818,56.0,16.5,1,1,0,0
1783873997379687500,2026-07-13 00:33:17.379687,2.276247978210449,-6.971114635467529,1439.695644378662,1224.3123054504395,1236.3859176635742,1224.3123054504395,52.5,25.5,1,1,0,0
1783873997409652300,2026-07-13 00:33:17.409652,2.218071699142456,-6.022583484649658,1454.2412757873535,1150.8841514587402,1245.4285621643066,1150.8841514587402,45.5,22.5,1,1,0,0
1783873997442811800,2026-07-13 00:33:17.442812,1.9490796327590942,-5.570815563201904,1335.5514526367188,1016.0034894943237,1335.5514526367188,1132.7111721038818,48.0,21.0,1,1,0,0
1783873997481097100,2026-07-13 00:33:17.481097,1.5236674547195435,-7.194375038146973,1058.8921546936035,1204.9782276153564,1236.3859176635742,1204.9782276153564,48.0,24.5,1,1,0,0
1783873997511002200,2026-07-13 00:33:17.511002,1.8195433616638184,-5.673110485076904,1212.8756523132324,940.4402375221252,1245.4285621643066,1150.8841514587402,40.0,17.5,1,1,0,0
1783873997550464800,2026-07-13 00:33:17.550465,2.205366373062134,-5.665773868560791,1453.8132667541504,1002.0190477371216,1335.5514526367188,1132.7111721038818,51.0,30.0,1,1,0,0
1783873997580160500,2026-07-13 00:33:17.580161,2.015761613845825,-5.338470935821533,1327.1272659301758,891.6947841644287,1245.4285621643066,1132.7111721038818,43.0,28.5,1,1,0,0
1783873997620805600,2026-07-13 00:33:17.620806,0.9119300842285156,-6.583821773529053,820.7744598388672,1376.2643337249756,1245.4285621643066,1150.8841514587402,37.0,3.5,1,1,0,0
1783873997648616200,2026-07-13 00:33:17.648616,1.0392959117889404,-10.2599458694458,310.4905128479004,1675.0985383987427,1245.4285621643066,1132.7111721038818,22.5,1.5,1,1,0,0
1783873997682826800,2026-07-13 00:33:17.682827,1.2220606803894043,-11.50063419342041,14.138345420360565,1674.4157075881958,1245.4285621643066,1150.8841514587402,10.0,4.0,1,1,0,0
1783873997722610300,2026-07-13 00:33:17.722610,1.0043967962265015,-9.720881462097168,414.4186496734619,1660.3994369506836,820.7744598388672,1376.2643337249756,17.5,2.5,1,1,0,0
1783873997751774300,2026-07-13 00:33:17.751774,0.9693467617034912,-8.666406631469727,575.3828048706055,1646.085500717163,575.3828048706055,1646.085500717163,17.5,2.0,1,1,0,0
1783873997783647000,2026-07-13 00:33:17.783647,1.276936650276184,-7.801153182983398,809.8042488098145,1487.8871440887451,809.8042488098145,1487.8871440887451,30.0,3.5,1,1,0,0
1783873997823367400,2026-07-13 00:33:17.823367,1.5935131311416626,-6.92814826965332,974.0354537963867,1283.8001251220703,820.7744598388672,1376.2643337249756,43.5,15.0,1,1,0,0
1783873997853080700,2026-07-13 00:33:17.853081,2.2160167694091797,-5.703606128692627,1270.3222274780273,908.9934825897217,809.8042488098145,1487.8871440887451,43.0,23.5,1,1,0,0
1783873997882649100,2026-07-13 00:33:17.882649,2.236743211746216,-5.580528736114502,1257.0379257202148,823.9869475364685,820.7744598388672,1376.2643337249756,47.0,27.0,1,1,0,0
1783873997922909000,2026-07-13 00:33:17.922909,2.673943281173706,-5.0228424072265625,1468.75638961792,864.9043440818787,974.0354537963867,1283.8001251220703,48.0,23.0,1,1,0,0
1783873997951118100,2026-07-13 00:33:17.951118,2.2016751766204834,-5.050173282623291,1347.8012084960938,901.6410112380981,1257.0379257202148,908.9934825897217,54.0,16.0,1,1,0,0
1783873997993711900,2026-07-13 00:33:17.993712,2.434878349304199,-4.104369640350342,1344.4034576416016,692.3118829727173,1257.0379257202148,901.6410112380981,45.5,22.0,1,1,0,0
1783873998021976200,2026-07-13 00:33:18.021976,2.1359479427337646,-5.432934284210205,1237.7273559570312,772.3186016082764,1237.7273559570312,901.6410112380981,54.5,21.0,1,1,0,0
1783873998052833300,2026-07-13 00:33:18.052833,2.296844244003296,-4.215317249298096,1314.3607139587402,699.598491191864,1257.0379257202148,901.6410112380981,53.5,28.5,1,1,0,0
1783873998088715400,2026-07-13 00:33:18.088716,1.9483695030212402,-4.353113651275635,1212.6067161560059,713.1504416465759,1257.0379257202148,772.3186016082764,58.0,23.0,1,1,0,0
1783873998123689200,2026-07-13 00:33:18.123689,2.037889242172241,-4.946350574493408,1231.3879013061523,741.4382696151733,1237.7273559570312,772.3186016082764,58.5,24.0,1,1,0,0
1783873998154540500,2026-07-13 00:33:18.154541,2.206876754760742,-4.642241954803467,1260.8210563659668,692.3832893371582,1257.0379257202148,741.4382696151733,58.0,17.5,1,1,0,0
1783873998189993900,2026-07-13 00:33:18.189994,2.1577930450439453,-4.082864761352539,1260.287094116211,661.9713306427002,1257.0379257202148,741.4382696151733,53.5,12.5,1,1,0,0
1783873998224873100,2026-07-13 00:33:18.224873,1.7676869630813599,-4.322409152984619,1170.1626777648926,748.497724533081,1237.7273559570312,748.497724533081,58.5,18.0,1,1,0,0
1783873998258227300,2026-07-13 00:33:18.258227,1.5528124570846558,-4.91146993637085,1103.2570838928223,776.8065333366394,1257.0379257202148,741.4382696151733,58.5,30.0,1,1,0,0
1783873998293769600,2026-07-13 00:33:18.293770,1.836462378501892,-4.622246265411377,1158.0761909484863,742.3433661460876,1237.7273559570312,742.3433661460876,59.5,13.5,1,1,0,0
1783873998324685700,2026-07-13 00:33:18.324686,1.7129426002502441,-4.38598108291626,1119.8689460754395,697.3806023597717,1170.1626777648926,742.3433661460876,56.0,22.0,1,1,0,0
1783873998364676900,2026-07-13 00:33:18.364677,1.6395504474639893,-4.273282051086426,1102.7688026428223,734.2640161514282,1158.0761909484863,741.4382696151733,60.5,23.0,1,1,0,0
1783873998397381300,2026-07-13 00:33:18.397381,1.9339876174926758,-4.071541786193848,1219.8859214782715,700.0728249549866,1219.8859214782715,741.4382696151733,56.5,31.0,1,1,0,0
1783873998428560000,2026-07-13 00:33:18.428560,2.0790271759033203,-3.2671499252319336,1229.887294769287,590.2029275894165,1170.1626777648926,734.2640161514282,56.5,21.0,1,1,0,0
1783873998465094300,2026-07-13 00:33:18.465094,2.0396625995635986,-3.6723289489746094,1208.5637092590332,648.2166647911072,1208.5637092590332,734.2640161514282,66.5,31.0,1,1,0,0
1783873998494334800,2026-07-13 00:33:18.494335,2.073374032974243,-3.5237250328063965,1221.0698127746582,630.8841109275818,1219.8859214782715,700.0728249549866,65.5,29.5,1,1,0,0
1783873998535146100,2026-07-13 00:33:18.535146,1.5901697874069214,-3.579554796218872,1098.5727310180664,630.1191449165344,1170.1626777648926,648.2166647911072,59.0,33.5,1,1,0,0
1783873998565102000,2026-07-13 00:33:18.565102,1.6536988019943237,-3.44411563873291,1127.5373458862305,665.3870344161987,1208.5637092590332,665.3870344161987,62.5,28.0,1,1,0,0
1783873998597531100,2026-07-13 00:33:18.597531,1.7580217123031616,-3.3249480724334717,1177.462387084961,577.7508020401001,1177.462387084961,648.2166647911072,63.5,37.5,1,1,0,0
1783873998634878800,2026-07-13 00:33:18.634879,1.9693692922592163,-4.139277935028076,1201.820468902588,687.3070001602173,1177.462387084961,648.2166647911072,57.0,31.5,1,1,0,0
1783873998661079900,2026-07-13 00:33:18.661080,1.9112881422042847,-4.089731693267822,1191.7913436889648,696.8917846679688,1191.7913436889648,665.3870344161987,60.5,32.0,1,1,0,0
1783873998689773900,2026-07-13 00:33:18.689774,1.7918546199798584,-3.4471242427825928,1172.885513305664,628.9923787117004,1177.462387084961,648.2166647911072,63.5,30.0,1,1,0,0
1783873998719775200,2026-07-13 00:33:18.719775,1.8575717210769653,-3.1688385009765625,1183.061122894287,637.2008323669434,1183.061122894287,648.2166647911072,65.5,27.0,1,1,0,0
1783873998749833100,2026-07-13 00:33:18.749833,1.8912376165390015,-3.579193592071533,1192.1884536743164,655.9523344039917,1191.7913436889648,655.9523344039917,60.5,27.0,1,1,0,0
1783873998779823500,2026-07-13 00:33:18.779824,1.9947173595428467,-4.286270618438721,1210.1371765136719,679.3556213378906,1183.061122894287,648.2166647911072,57.0,26.5,1,1,0,0
1783873998807968900,2026-07-13 00:33:18.807969,1.738721251487732,-3.628417491912842,1179.4822692871094,623.4336495399475,1183.061122894287,648.2166647911072,68.0,27.0,1,1,0,0
1783873998834641300,2026-07-13 00:33:18.834641,2.1404576301574707,-3.25498366355896,1221.303653717041,557.5118064880371,1191.7913436889648,648.2166647911072,58.5,27.0,1,1,0,0
1783873998871806800,2026-07-13 00:33:18.871807,2.000560998916626,-3.106593370437622,1200.8312225341797,587.2390866279602,1191.7913436889648,648.2166647911072,62.0,21.5,1,1,0,0
1783873998902025400,2026-07-13 00:33:18.902025,2.012706995010376,-4.404118061065674,1207.2321891784668,665.2543544769287,1191.7913436889648,648.2166647911072,66.0,29.5,1,1,0,0
1783873998932906600,2026-07-13 00:33:18.932906,1.680863380432129,-4.0800652503967285,1155.0609588623047,623.8659620285034,1191.7913436889648,648.2166647911072,66.0,28.5,1,1,0,0
1783873998973423000,2026-07-13 00:33:18.973423,0.3979232907295227,-7.313528537750244,600.8416652679443,1052.2093772888184,1191.7913436889648,648.2166647911072,56.0,25.0,1,1,0,0
1783873999001218100,2026-07-13 00:33:19.001218,0.33638596534729004,-6.81083345413208,477.7153015136719,1190.7141208648682,1191.7913436889648,648.2166647911072,49.0,3.5,1,1,0,0
1783873999033500100,2026-07-13 00:33:19.033500,0.8615971207618713,-7.157164096832275,617.5014019012451,1167.1175956726074,1155.0609588623047,648.2166647911072,47.5,0.5,1,1,0,0
1783873999073148800,2026-07-13 00:33:19.073149,0.31110578775405884,-7.245352268218994,455.0426959991455,1227.158784866333,617.5014019012451,1052.2093772888184,40.5,13.0,1,1,0,0
1783873999101337700,2026-07-13 00:33:19.101338,0.22037218511104584,-6.655601501464844,445.29409408569336,1176.9373416900635,617.5014019012451,1167.1175956726074,44.5,10.5,1,1,0,0
1783873999137472100,2026-07-13 00:33:19.137472,-0.18783237040042877,-7.413710117340088,519.6279048919678,1236.5528345108032,617.5014019012451,1167.1175956726074,45.5,17.0,1,1,0,0
1783873999173914800,2026-07-13 00:33:19.173915,0.05064897611737251,-7.028078556060791,421.38190269470215,1171.5874671936035,519.6279048919678,1171.5874671936035,44.5,3.0,1,1,0,0
1783873999204832000,2026-07-13 00:33:19.204832,-0.37026888132095337,-6.9639739990234375,488.8504981994629,1196.8250274658203,519.6279048919678,1171.5874671936035,44.0,2.0,1,1,0,0
1783873999246163600,2026-07-13 00:33:19.246164,-0.5333688855171204,-6.759891986846924,353.86641025543213,1129.757046699524,519.6279048919678,1167.1175956726074,41.5,5.0,1,1,0,0
1783873999276981000,2026-07-13 00:33:19.276981,-0.11634106934070587,-5.7887444496154785,501.8019199371338,1062.1633529663086,501.8019199371338,1171.5874671936035,41.0,10.0,1,1,0,0
1783873999305372900,2026-07-13 00:33:19.305373,0.022387612611055374,-5.9031596183776855,285.09654998779297,1112.6773357391357,501.8019199371338,1167.1175956726074,40.0,5.5,1,1,0,0
1783873999347112600,2026-07-13 00:33:19.347113,-0.0426715724170208,-6.6284966468811035,310.8219623565674,1206.208348274231,501.8019199371338,1167.1175956726074,44.0,1.5,1,1,0,0
1783873999374666800,2026-07-13 00:33:19.374667,0.17830108106136322,-6.331251621246338,295.9035396575928,1192.9829120635986,501.8019199371338,1171.5874671936035,40.0,2.0,1,1,0,0
1783873999407206200,2026-07-13 00:33:19.407206,0.25517529249191284,-6.712887287139893,317.21012592315674,1214.3630981445312,317.21012592315674,1171.5874671936035,42.5,8.5,1,1,0,0
1783873999451188200,2026-07-13 00:33:19.451188,0.3612060546875,-6.067876815795898,384.4080448150635,1130.7178735733032,384.4080448150635,1167.1175956726074,49.0,14.0,1,1,0,0
1783873999480115700,2026-07-13 00:33:19.480116,0.1500863879919052,-5.6298441886901855,371.5127944946289,1057.266116142273,371.5127944946289,1171.5874671936035,39.0,23.5,1,1,0,0
1783873999513448900,2026-07-13 00:33:19.513449,0.22324757277965546,-5.253640651702881,334.031343460083,1041.348934173584,334.031343460083,1167.1175956726074,29.5,8.0,1,1,0,0
1783873999550220000,2026-07-13 00:33:19.550220,0.1545906513929367,-6.001789093017578,481.7981243133545,1078.1842470169067,384.4080448150635,1130.7178735733032,29.5,9.0,1,1,0,0
1783873999580097000,2026-07-13 00:33:19.580097,-0.2333841770887375,-4.797933101654053,338.97082805633545,920.3672409057617,371.5127944946289,1078.1842470169067,33.0,23.5,1,1,0,0
1783873999618977200,2026-07-13 00:33:19.618977,0.062132108956575394,-6.128668308258057,406.8922519683838,1110.2831363677979,371.5127944946289,1110.2831363677979,31.0,2.0,1,1,0,0
1783873999648034600,2026-07-13 00:33:19.648035,-0.15961094200611115,-5.9344048500061035,413.2200241088867,1057.3288202285767,384.4080448150635,1078.1842470169067,36.0,18.5,1,1,0,0
1783873999682576100,2026-07-13 00:33:19.682576,0.17679302394390106,-6.567862033843994,336.46676540374756,1185.683250427246,371.5127944946289,1078.1842470169067,27.0,4.0,1,1,0,0
1783873999721212900,2026-07-13 00:33:19.721213,-0.21519221365451813,-6.264593601226807,481.05292320251465,1089.0228748321533,384.4080448150635,1089.0228748321533,38.0,10.5,1,1,0,0
1783873999753216400,2026-07-13 00:33:19.753217,-0.2400125414133072,-6.416987895965576,567.3747062683105,1104.4353246688843,384.4080448150635,1089.0228748321533,46.0,9.5,1,1,0,0
1783873999785849700,2026-07-13 00:33:19.785850,-0.40871256589889526,-5.871324062347412,570.560884475708,1019.0823078155518,384.4080448150635,1078.1842470169067,39.5,15.0,1,1,0,0
1783873999817841600,2026-07-13 00:33:19.817842,-0.4159547686576843,-5.714627742767334,541.5339946746826,1030.1051139831543,481.05292320251465,1089.0228748321533,41.0,6.0,1,1,0,0
1783873999856948900,2026-07-13 00:33:19.856949,-0.11793071031570435,-5.679389476776123,725.3058433532715,1085.4710340499878,541.5339946746826,1085.4710340499878,40.0,2.0,1,1,0,0
1783873999886413200,2026-07-13 00:33:19.886413,0.3050701916217804,-6.088210105895996,908.4051132202148,1092.556357383728,541.5339946746826,1085.4710340499878,35.5,13.5,1,1,0,0
1783873999929974400,2026-07-13 00:33:19.929974,0.09234069287776947,-5.518426418304443,841.4215087890625,1016.0917043685913,541.5339946746826,1085.4710340499878,39.5,14.5,1,1,0,0
1783873999963582300,2026-07-13 00:33:19.963582,0.05229811742901802,-5.28579568862915,782.5891017913818,1055.9338331222534,725.3058433532715,1085.4710340499878,39.0,5.5,1,1,0,0
1783873999991840200,2026-07-13 00:33:19.991840,0.6202682256698608,-6.29072380065918,854.5592308044434,1060.9301328659058,782.5891017913818,1085.4710340499878,41.5,12.0,1,1,0,0
1783874000021795600,2026-07-13 00:33:20.021796,0.908122718334198,-5.735571384429932,935.4692459106445,931.9961667060852,782.5891017913818,1060.9301328659058,35.5,19.5,1,1,0,0
1783874000054254900,2026-07-13 00:33:20.054255,0.9087435603141785,-6.2105817794799805,955.1389694213867,993.6326742172241,782.5891017913818,1060.9301328659058,39.0,13.0,1,1,0,0
1783874000094097600,2026-07-13 00:33:20.094098,0.9534754753112793,-5.4669413566589355,944.1098213195801,901.0341167449951,854.5592308044434,1060.9301328659058,39.5,26.0,1,1,0,0
1783874000123041600,2026-07-13 00:33:20.123042,0.9981402158737183,-6.279691219329834,911.4824295043945,996.0967898368835,911.4824295043945,996.0967898368835,46.0,8.5,1,1,0,0
1783874000157919200,2026-07-13 00:33:20.157919,1.2648601531982422,-5.409300327301025,988.9195442199707,835.8787298202515,911.4824295043945,996.0967898368835,41.5,32.0,1,1,0,0
1783874000195793700,2026-07-13 00:33:20.195794,0.9412098526954651,-5.584253787994385,850.3164291381836,885.5801820755005,854.5592308044434,996.0967898368835,40.0,23.0,1,1,0,0
1783874000225756300,2026-07-13 00:33:20.225756,1.5323551893234253,-4.695288181304932,1033.5715293884277,727.353572845459,911.4824295043945,996.0967898368835,43.0,24.5,1,1,0,0
1783874000257169200,2026-07-13 00:33:20.257169,0.8505544662475586,-4.193238258361816,883.4697723388672,720.5041646957397,911.4824295043945,885.5801820755005,40.5,27.0,1,1,0,0
1783874000296762100,2026-07-13 00:33:20.296762,1.358967661857605,-4.500024318695068,1026.5769004821777,753.4542083740234,911.4824295043945,885.5801820755005,56.5,25.0,1,1,0,0
1783874000326768900,2026-07-13 00:33:20.326769,0.8870260119438171,-3.4167399406433105,929.4308662414551,588.4820222854614,911.4824295043945,753.4542083740234,51.5,28.5,1,1,0,0
1783874000367054800,2026-07-13 00:33:20.367055,0.37500059604644775,-4.194703578948975,800.1123428344727,685.2511167526245,911.4824295043945,753.4542083740234,63.5,27.0,1,1,0,0
1783874000396396900,2026-07-13 00:33:20.396397,1.080363154411316,-3.8295035362243652,978.4110069274902,659.0730547904968,911.4824295043945,753.4542083740234,62.5,17.5,1,1,0,0
1783874000428520900,2026-07-13 00:33:20.428521,0.903171718120575,-5.194391250610352,972.2391128540039,684.5923662185669,911.4824295043945,685.2511167526245,58.5,25.5,1,1,0,0
1783874000467973500,2026-07-13 00:33:20.467973,0.8555077910423279,-4.853614330291748,927.5346755981445,643.822193145752,911.4824295043945,685.2511167526245,67.0,25.5,1,1,0,0
1783874000495288600,2026-07-13 00:33:20.495289,0.9604114890098572,-4.885251045227051,923.9753723144531,657.6249599456787,923.9753723144531,684.5923662185669,64.5,26.0,1,1,0,0
1783874000530824500,2026-07-13 00:33:20.530824,0.6343085765838623,-4.710596561431885,845.1040267944336,689.4099712371826,911.4824295043945,685.2511167526245,66.0,37.0,1,1,0,0
1783874000566946500,2026-07-13 00:33:20.566947,1.0020151138305664,-4.377758502960205,969.841480255127,633.5821151733398,923.9753723144531,684.5923662185669,60.0,25.0,1,1,0,0
1783874000601145300,2026-07-13 00:33:20.601145,1.0022486448287964,-4.3699259757995605,901.2852668762207,612.9876971244812,923.9753723144531,684.5923662185669,60.5,28.0,1,1,0,0
1783874000627799000,2026-07-13 00:33:20.627799,1.4581462144851685,-4.249941349029541,1042.6661491394043,609.5810532569885,923.9753723144531,684.5923662185669,51.0,34.5,1,1,0,0
1783874000654871700,2026-07-13 00:33:20.654872,1.2238547801971436,-4.582116603851318,983.6551666259766,654.6595096588135,923.9753723144531,654.6595096588135,54.0,30.0,1,1,0,0
1783874000682612700,2026-07-13 00:33:20.682613,1.392268180847168,-4.072396278381348,1047.5090980529785,605.6667566299438,923.9753723144531,654.6595096588135,56.5,28.5,1,1,0,0
1783874000714435900,2026-07-13 00:33:20.714436,0.7253405451774597,-3.353816032409668,896.0283279418945,541.4489507675171,923.9753723144531,654.6595096588135,68.0,39.5,1,1,0,0
1783874000749027200,2026-07-13 00:33:20.749027,0.7972816824913025,-3.608933448791504,903.3867835998535,567.6071047782898,923.9753723144531,654.6595096588135,67.5,28.5,1,1,0,0
1783874000777783500,2026-07-13 00:33:20.777784,0.7258592844009399,-3.961606740951538,858.681583404541,526.271641254425,923.9753723144531,605.6667566299438,53.5,28.0,1,1,0,0
1783874000806150500,2026-07-13 00:33:20.806150,0.6160221695899963,-3.4982738494873047,854.1919708251953,511.9673013687134,903.3867835998535,567.6071047782898,57.5,27.0,1,1,0,0
1783874000833539400,2026-07-13 00:33:20.833539,1.280232548713684,-3.7186481952667236,1006.9165229797363,530.6193232536316,923.9753723144531,567.6071047782898,64.0,21.0,1,1,0,0
1783874000869943200,2026-07-13 00:33:20.869943,1.2979419231414795,-4.395387649536133,973.1823921203613,561.7503523826599,923.9753723144531,561.7503523826599,55.0,28.5,1,1,0,0
1783874000905230100,2026-07-13 00:33:20.905230,1.129107117652893,-3.9099183082580566,965.5441284179688,550.6253242492676,923.9753723144531,561.7503523826599,55.5,25.5,1,1,0,0
1783874000936146600,2026-07-13 00:33:20.936147,0.6735323071479797,-3.082139492034912,886.3803863525391,495.03254890441895,923.9753723144531,561.7503523826599,68.0,27.5,1,1,0,0
1783874000976112400,2026-07-13 00:33:20.976112,0.5202614068984985,-3.380855083465576,862.7590179443359,524.7001647949219,923.9753723144531,561.7503523826599,73.0,28.0,1,1,0,0
1783874001004286300,2026-07-13 00:33:21.004286,0.5341823697090149,-3.6310999393463135,893.4965133666992,546.3314652442932,923.9753723144531,550.6253242492676,68.0,39.0,1,1,0,0
1783874001044581900,2026-07-13 00:33:21.044582,1.0917437076568604,-3.9245238304138184,1048.2450485229492,537.2937917709351,923.9753723144531,546.3314652442932,70.0,35.5,1,1,0,0
1783874001074940900,2026-07-13 00:33:21.074941,0.6270679831504822,-3.733464241027832,907.4020385742188,584.5723748207092,923.9753723144531,561.7503523826599,70.0,38.5,1,1,0,0
1783874001114908100,2026-07-13 00:33:21.114908,1.0064958333969116,-3.922454357147217,1021.4582443237305,598.7350344657898,923.9753723144531,550.6253242492676,70.0,35.0,1,1,0,0
1783874001143007500,2026-07-13 00:33:21.143008,0.8002253770828247,-3.5952680110931396,957.5349807739258,562.5044703483582,923.9753723144531,561.7503523826599,67.0,38.5,1,1,0,0
1783874001182847400,2026-07-13 00:33:21.182847,1.2905497550964355,-4.347043514251709,1046.2420463562012,595.0535535812378,923.9753723144531,562.5044703483582,65.0,37.5,1,1,0,0
1783874001210970400,2026-07-13 00:33:21.210970,1.2257449626922607,-3.8379220962524414,1045.3250885009766,580.2631974220276,957.5349807739258,562.5044703483582,61.0,31.0,1,1,0,0
1783874001245601800,2026-07-13 00:33:21.245602,0.5079715251922607,-2.859419345855713,824.2639541625977,530.1327109336853,923.9753723144531,561.7503523826599,70.0,32.0,1,1,0,0
1783874001282974400,2026-07-13 00:33:21.282974,0.483062207698822,-2.814659595489502,814.9413108825684,489.41656947135925,923.9753723144531,562.5044703483582,66.0,38.0,1,1,0,0
1783874001312569500,2026-07-13 00:33:21.312570,0.8992437720298767,-3.1799025535583496,917.2975540161133,554.2527437210083,923.9753723144531,561.7503523826599,56.5,37.0,1,1,0,0
1783874001352837200,2026-07-13 00:33:21.352837,0.12001246213912964,-3.337527275085449,691.0141468048096,529.5681953430176,917.2975540161133,554.2527437210083,64.5,38.5,1,1,0,0
1783874001380948400,2026-07-13 00:33:21.380949,0.6251993775367737,-2.7123842239379883,852.2025108337402,482.73545503616333,917.2975540161133,554.2527437210083,69.5,38.5,1,1,0,0
1783874001422714700,2026-07-13 00:33:21.422715,0.42716601490974426,-3.164870262145996,825.8576393127441,536.5715026855469,917.2975540161133,554.2527437210083,61.5,37.5,1,1,0,0
1783874001452693900,2026-07-13 00:33:21.452694,1.0352224111557007,-3.143080472946167,966.3322448730469,461.93161606788635,917.2975540161133,536.5715026855469,59.5,34.0,1,1,0,0
1783874001484764700,2026-07-13 00:33:21.484765,0.48648521304130554,-2.7022321224212646,798.0765342712402,458.57807993888855,917.2975540161133,536.5715026855469,59.0,38.5,1,1,0,0
1783874001516227500,2026-07-13 00:33:21.516227,-0.1121176928281784,-2.6225204467773438,584.5371246337891,495.56994438171387,917.2975540161133,536.5715026855469,56.5,37.5,1,1,0,0
1783874001555935500,2026-07-13 00:33:21.555935,0.09542216360569,-3.167220115661621,691.6144847869873,620.1438903808594,917.2975540161133,536.5715026855469,59.0,37.5,1,1,0,0
1783874001583390100,2026-07-13 00:33:21.583390,0.7586258053779602,-4.513534069061279,873.4176635742188,719.7165489196777,873.4176635742188,536.5715026855469,51.0,15.0,1,1,0,0
1783874001616891600,2026-07-13 00:33:21.616892,0.5786483883857727,-5.39706563949585,794.5350646972656,835.2335691452026,873.4176635742188,536.5715026855469,47.5,11.5,1,1,0,0
1783874001655023500,2026-07-13 00:33:21.655024,0.5058639645576477,-5.862290859222412,772.0187664031982,923.8457083702087,873.4176635742188,620.1438903808594,50.0,17.0,1,1,0,0
1783874001685844400,2026-07-13 00:33:21.685844,0.39118385314941406,-6.141313076019287,766.2625789642334,1014.5540237426758,873.4176635742188,719.7165489196777,56.5,11.5,1,1,0,0
1783874001725314700,2026-07-13 00:33:21.725315,0.975364089012146,-6.518533229827881,923.6614227294922,1090.9876823425293,873.4176635742188,835.2335691452026,55.0,18.5,1,1,0,0
1783874001754616700,2026-07-13 00:33:21.754616,1.7695143222808838,-6.417134761810303,1135.4506492614746,1020.8897590637207,873.4176635742188,923.8457083702087,58.0,15.0,1,1,0,0
1783874001792580900,2026-07-13 00:33:21.792581,2.0739424228668213,-6.521843433380127,1270.4896926879883,1071.666955947876,873.4176635742188,1014.5540237426758,54.5,20.5,1,1,0,0
1783874001819925500,2026-07-13 00:33:21.819926,2.0032169818878174,-6.909231662750244,1203.9119720458984,1084.8519802093506,923.6614227294922,1020.8897590637207,57.5,29.0,1,1,0,0
1783874001852706400,2026-07-13 00:33:21.852706,2.0354912281036377,-7.277666091918945,1180.2623748779297,1134.1248750686646,1135.4506492614746,1020.8897590637207,58.5,15.0,1,1,0,0
1783874001889784800,2026-07-13 00:33:21.889785,1.682898759841919,-7.515491485595703,972.0926284790039,1130.420207977295,972.0926284790039,1071.666955947876,58.0,17.0,1,1,0,0
1783874001920705700,2026-07-13 00:33:21.920706,1.901427149772644,-6.250442981719971,1241.7474746704102,996.7093467712402,1135.4506492614746,1020.8897590637207,57.5,30.5,1,1,0,0
1783874001959959400,2026-07-13 00:33:21.959959,2.1892905235290527,-7.059680461883545,1320.1730728149414,1146.4749574661255,1135.4506492614746,1071.666955947876,59.5,19.5,1,1,0,0
1783874001988814000,2026-07-13 00:33:21.988814,2.176295042037964,-6.87436056137085,1328.5364151000977,1075.5314826965332,1135.4506492614746,1071.666955947876,59.5,30.0,1,1,0,0
1783874002021890200,2026-07-13 00:33:22.021890,2.3003711700439453,-7.828644275665283,1337.1112823486328,1242.1101331710815,1241.7474746704102,1071.666955947876,58.0,30.5,1,1,0,0
1783874002058027400,2026-07-13 00:33:22.058028,2.2243666648864746,-7.372598171234131,1288.183307647705,1170.3206300735474,1288.183307647705,1075.5314826965332,56.5,30.5,1,1,0,0
1783874002088420500,2026-07-13 00:33:22.088421,2.033644914627075,-7.063136577606201,1143.6277389526367,1071.4616775512695,1143.6277389526367,1071.666955947876,51.5,23.5,1,1,0,0
1783874002127660400,2026-07-13 00:33:22.127660,1.6063188314437866,-6.904874324798584,1082.6896667480469,1074.1430521011353,1241.7474746704102,1074.1430521011353,52.0,35.0,1,1,0,0
1783874002155664800,2026-07-13 00:33:22.155665,1.6611055135726929,-5.2774176597595215,1183.985996246338,824.6090412139893,1183.985996246338,1074.1430521011353,57.5,28.0,1,1,0,0
1783874002188835500,2026-07-13 00:33:22.188836,1.1846327781677246,-5.335730075836182,1026.3957977294922,824.2611289024353,1143.6277389526367,1071.666955947876,48.5,30.5,1,1,0,0
1783874002223937100,2026-07-13 00:33:22.223937,1.7639673948287964,-4.814075946807861,1160.7617378234863,724.0157127380371,1160.7617378234863,1071.666955947876,50.0,22.0,1,1,0,0
1783874002261224900,2026-07-13 00:33:22.261225,1.394824504852295,-5.125421047210693,1051.7048835754395,716.1459922790527,1160.7617378234863,824.6090412139893,53.0,23.5,1,1,0,0
1783874002292894900,2026-07-13 00:33:22.292895,1.4932678937911987,-5.937611103057861,1016.0324096679688,770.9940671920776,1143.6277389526367,824.2611289024353,53.0,30.0,1,1,0,0
1783874002324045600,2026-07-13 00:33:22.324046,1.734951376914978,-5.2474589347839355,1144.8907852172852,753.786563873291,1144.8907852172852,770.9940671920776,58.5,29.5,1,1,0,0
1783874002364384200,2026-07-13 00:33:22.364384,1.04112708568573,-5.050173282623291,906.5193176269531,732.0209741592407,1143.6277389526367,770.9940671920776,48.5,23.5,1,1,0,0
1783874002393882800,2026-07-13 00:33:22.393883,1.415013074874878,-5.417744159698486,982.2640419006348,727.6120781898499,1143.6277389526367,770.9940671920776,53.5,18.0,1,1,0,0
1783874002426275600,2026-07-13 00:33:22.426275,1.4586259126663208,-4.628384113311768,1042.8326606750488,685.7038736343384,1143.6277389526367,753.786563873291,59.5,22.5,1,1,0,0
1783874002463660600,2026-07-13 00:33:22.463660,1.8137569427490234,-4.621809482574463,1126.8378257751465,651.8726944923401,1126.8378257751465,732.0209741592407,56.0,40.0,1,1,0,0
1783874002492995800,2026-07-13 00:33:22.492996,2.343836545944214,-3.504638195037842,1282.35502243042,537.1557474136353,1143.6277389526367,727.6120781898499,52.5,23.5,1,1,0,0
1783874002533469400,2026-07-13 00:33:22.533469,1.5019502639770508,-3.8806185722351074,1107.6467514038086,601.9219756126404,1126.8378257751465,685.7038736343384,62.0,23.5,1,1,0,0
1783874002561565900,2026-07-13 00:33:22.561566,2.2208616733551025,-4.579641819000244,1191.7683601379395,580.4635286331177,1126.8378257751465,651.8726944923401,62.5,33.5,1,1,0,0
1783874002594089000,2026-07-13 00:33:22.594089,1.9786309003829956,-4.60206413269043,1156.1365127563477,592.0094847679138,1143.6277389526367,601.9219756126404,59.0,32.0,1,1,0,0
1783874002632512400,2026-07-13 00:33:22.632513,2.2187821865081787,-3.7162766456604004,1233.8476181030273,609.5959544181824,1143.6277389526367,609.5959544181824,61.0,30.5,1,1,0,0
1783874002661750200,2026-07-13 00:33:22.661750,2.42802095413208,-3.947458028793335,1272.6577758789062,588.8760685920715,1156.1365127563477,601.9219756126404,65.0,38.0,1,1,0,0
1783874002700986400,2026-07-13 00:33:22.700986,1.47734797000885,-3.3327555656433105,1080.4235458374023,523.7895846366882,1143.6277389526367,601.9219756126404,61.5,38.5,1,1,0,0
1783874002731232500,2026-07-13 00:33:22.731232,0.705685555934906,-3.2354273796081543,910.7844352722168,591.9556021690369,1143.6277389526367,601.9219756126404,65.5,34.5,1,1,0,0
1783874002773237500,2026-07-13 00:33:22.773237,1.3329918384552002,-2.3880972862243652,1023.8675117492676,533.0514311790466,1143.6277389526367,591.9556021690369,63.5,40.0,1,1,0,0
1783874002800002500,2026-07-13 00:33:22.800003,0.5588507056236267,-3.5809998512268066,812.5613212585449,564.3311142921448,1080.4235458374023,591.9556021690369,62.0,18.5,1,1,0,0
1783874002829949500,2026-07-13 00:33:22.829949,1.0204858779907227,-3.7576169967651367,907.2949409484863,553.2208681106567,1023.8675117492676,591.9556021690369,63.0,12.0,1,1,0,0
1783874002858569400,2026-07-13 00:33:22.858569,0.9536400437355042,-4.1023850440979,908.4292411804199,533.2237482070923,1023.8675117492676,564.3311142921448,61.0,20.5,1,1,0,0
1783874002888488100,2026-07-13 00:33:22.888488,1.2119566202163696,-4.893540859222412,924.9430656433105,583.8450789451599,924.9430656433105,583.8450789451599,68.0,21.0,1,1,0,0
1783874002918397700,2026-07-13 00:33:22.918398,0.6642867922782898,-2.922605276107788,863.6032104492188,498.5671937465668,924.9430656433105,564.3311142921448,65.0,25.5,1,1,0,0
1783874002946534300,2026-07-13 00:33:22.946534,0.705167829990387,-3.062195301055908,902.6469230651855,583.9565992355347,924.9430656433105,564.3311142921448,63.5,35.5,1,1,0,0
1783874002974609600,2026-07-13 00:33:22.974610,0.6233890652656555,-3.134211301803589,858.4936141967773,576.353907585144,924.9430656433105,576.353907585144,72.5,23.0,1,1,0,0
1783874003008002400,2026-07-13 00:33:23.008002,1.1320260763168335,-4.489841938018799,922.723388671875,544.2942976951599,922.723388671875,564.3311142921448,65.5,20.5,1,1,0,0
1783874003037485100,2026-07-13 00:33:23.037485,0.7407607436180115,-4.197843074798584,835.5640411376953,561.7546439170837,922.723388671875,564.3311142921448,63.0,21.0,1,1,0,0
1783874003076384000,2026-07-13 00:33:23.076384,1.0840431451797485,-4.207842826843262,930.4344177246094,578.7440538406372,924.9430656433105,576.353907585144,49.5,18.5,1,1,0,0
1783874003107195300,2026-07-13 00:33:23.107195,1.0030982494354248,-4.340360164642334,892.6591873168945,569.871187210083,922.723388671875,564.3311142921448,55.5,23.0,1,1,0,0
1783874003141157800,2026-07-13 00:33:23.141158,0.5576964020729065,-4.035740375518799,828.946590423584,591.8958783149719,922.723388671875,569.871187210083,57.0,27.5,1,1,0,0
1783874003178250900,2026-07-13 00:33:23.178251,0.5906620025634766,-4.054052829742432,830.4600715637207,554.9753904342651,922.723388671875,569.871187210083,50.5,21.0,1,1,0,0
1783874003208391200,2026-07-13 00:33:23.208391,0.33482685685157776,-3.861513137817383,813.3350372314453,582.7078819274902,892.6591873168945,569.871187210083,65.0,27.0,1,1,0,0
1783874003246669100,2026-07-13 00:33:23.246669,0.7415909767150879,-3.9399468898773193,847.1632957458496,567.5803422927856,847.1632957458496,569.871187210083,61.0,26.0,1,1,0,0
1783874003276173500,2026-07-13 00:33:23.276174,0.08528022468090057,-2.699746608734131,698.6876964569092,533.2968831062317,847.1632957458496,569.871187210083,63.5,20.5,1,1,0,0
1783874003311622000,2026-07-13 00:33:23.311622,0.328248530626297,-3.882857322692871,788.2976531982422,614.802360534668,847.1632957458496,569.871187210083,58.0,28.5,1,1,0,0
1783874003346649300,2026-07-13 00:33:23.346649,1.4341038465499878,-4.0684027671813965,1031.103229522705,565.7714009284973,847.1632957458496,569.871187210083,55.0,30.0,1,1,0,0
1783874003378377300,2026-07-13 00:33:23.378377,1.092822790145874,-4.376647472381592,950.504207611084,521.7978954315186,847.1632957458496,569.871187210083,46.0,20.0,1,1,0,0
1783874003417862100,2026-07-13 00:33:23.417862,1.0336560010910034,-3.8205928802490234,950.3536224365234,461.3228142261505,847.1632957458496,569.871187210083,46.0,13.5,1,1,0,0
1783874003446235600,2026-07-13 00:33:23.446236,1.3240972757339478,-3.220201015472412,1048.2512474060059,521.9976902008057,950.3536224365234,565.7714009284973,49.5,16.0,1,1,0,0
1783874003481049500,2026-07-13 00:33:23.481050,1.3457995653152466,-3.174506425857544,1033.3372116088867,516.1308646202087,950.3536224365234,521.9976902008057,59.0,24.0,1,1,0,0
1783874003518256000,2026-07-13 00:33:23.518256,1.011471152305603,-2.339238166809082,968.614673614502,511.18820905685425,950.3536224365234,521.9976902008057,59.0,32.0,1,1,0,0
1783874003547465400,2026-07-13 00:33:23.547466,1.7613942623138428,-2.9547386169433594,1139.7253036499023,584.8227739334106,968.614673614502,565.7714009284973,57.5,32.0,1,1,0,0
1783874003591159300,2026-07-13 00:33:23.591159,1.0771896839141846,-2.8561511039733887,996.8432426452637,510.44923067092896,968.614673614502,521.9976902008057,58.0,25.0,1,1,0,0
1783874003618817300,2026-07-13 00:33:23.618817,1.0695759057998657,-3.2106728553771973,1024.608325958252,611.5540266036987,968.614673614502,521.9976902008057,59.0,29.5,1,1,0,0
1783874003651127700,2026-07-13 00:33:23.651128,1.6259959936141968,-2.169159412384033,1084.9671363830566,459.6697688102722,996.8432426452637,521.9976902008057,60.0,33.0,1,1,0,0
1783874003683839000,2026-07-13 00:33:23.683839,1.0657973289489746,-2.7954177856445312,1016.4917945861816,552.7597069740295,996.8432426452637,521.9976902008057,59.0,24.5,1,1,0,0
1783874003726241100,2026-07-13 00:33:23.726241,1.1281585693359375,-2.2638988494873047,1015.3255462646484,519.6400880813599,1015.3255462646484,521.9976902008057,59.0,32.5,1,1,0,0
1783874003753945000,2026-07-13 00:33:23.753945,1.489085078239441,-4.399130344390869,1125.5281448364258,748.3716011047363,1015.3255462646484,521.9976902008057,62.0,18.5,1,1,0,0
1783874003787850700,2026-07-13 00:33:23.787851,1.9007421731948853,-3.4939451217651367,1184.3857765197754,681.3094615936279,1015.3255462646484,521.9976902008057,61.5,20.0,1,1,0,0
1783874003822540000,2026-07-13 00:33:23.822540,1.3398737907409668,-3.445871591567993,1101.311206817627,686.2744688987732,1015.3255462646484,521.9976902008057,60.0,23.0,1,1,0,0
1783874003855730600,2026-07-13 00:33:23.855731,2.041940450668335,-4.601311683654785,1190.848445892334,709.3113660812378,1101.311206817627,681.3094615936279,60.0,22.5,1,1,0,0
1783874003888133300,2026-07-13 00:33:23.888133,2.001047134399414,-4.935970783233643,1151.7306327819824,697.6128220558167,1101.311206817627,681.3094615936279,56.5,33.0,1,1,0,0
1783874003927407400,2026-07-13 00:33:23.927407,1.9501844644546509,-3.418396472930908,1227.1204948425293,651.0671377182007,1101.311206817627,651.0671377182007,61.5,26.0,1,1,0,0
1783874003956894600,2026-07-13 00:33:23.956895,2.4307453632354736,-4.142331123352051,1277.757167816162,689.2751455307007,1151.7306327819824,681.3094615936279,56.5,29.5,1,1,0,0
1783874003996383800,2026-07-13 00:33:23.996384,2.2565252780914307,-3.9749362468719482,1256.8429946899414,709.9736332893372,1151.7306327819824,681.3094615936279,64.0,30.5,1,1,0,0
1783874004026672000,2026-07-13 00:33:24.026672,2.11984920501709,-4.0668206214904785,1237.4778747558594,690.6230449676514,1227.1204948425293,681.3094615936279,57.5,33.5,1,1,0,0
1783874004064214800,2026-07-13 00:33:24.064215,2.209801435470581,-4.295176029205322,1219.0689086914062,694.5495009422302,1219.0689086914062,689.2751455307007,61.0,24.5,1,1,0,0
1783874004095322700,2026-07-13 00:33:24.095323,1.9997663497924805,-4.499179840087891,1217.7176475524902,752.8350949287415,1217.7176475524902,690.6230449676514,58.0,23.0,1,1,0,0
1783874004137652100,2026-07-13 00:33:24.137652,1.9064894914627075,-3.2661733627319336,1216.4254188537598,668.4609651565552,1219.0689086914062,681.3094615936279,58.0,22.5,1,1,0,0
1783874004164977900,2026-07-13 00:33:24.164978,1.7186404466629028,-3.474947452545166,1180.607032775879,682.3530793190002,1217.7176475524902,689.2751455307007,58.5,23.0,1,1,0,0
1783874004196419400,2026-07-13 00:33:24.196419,1.8554201126098633,-3.521097183227539,1202.0334243774414,648.7157940864563,1217.7176475524902,682.3530793190002,62.5,22.5,1,1,0,0
1783874004234062900,2026-07-13 00:33:24.234063,1.956774353981018,-3.7881083488464355,1170.9158897399902,609.6411347389221,1216.4254188537598,681.3094615936279,58.5,25.0,1,1,0,0
1783874004265783900,2026-07-13 00:33:24.265784,1.2286465167999268,-3.701997756958008,1051.4732360839844,701.2431025505066,1202.0334243774414,689.2751455307007,62.5,24.0,1,1,0,0
1783874004297194900,2026-07-13 00:33:24.297195,1.8247575759887695,-3.203242540359497,1179.345703125,623.0264902114868,1202.0334243774414,681.3094615936279,56.5,42.0,1,1,0,0
1783874004332559600,2026-07-13 00:33:24.332560,1.7073277235031128,-4.592138767242432,1129.2879104614258,711.5929126739502,1179.345703125,681.3094615936279,62.0,40.0,1,1,0,0
1783874004359872100,2026-07-13 00:33:24.359872,1.8465919494628906,-4.024064064025879,1180.1844596862793,676.9705414772034,1180.1844596862793,681.3094615936279,56.0,42.5,1,1,0,0
1783874004387737300,2026-07-13 00:33:24.387737,2.1952505111694336,-5.297430515289307,1183.9685440063477,745.5167770385742,1183.9685440063477,681.3094615936279,60.5,31.0,1,1,0,0
1783874004417850400,2026-07-13 00:33:24.417850,2.027971029281616,-5.465072154998779,1157.4164390563965,790.8020615577698,1179.345703125,681.3094615936279,62.0,32.0,1,1,0,0
1783874004444196900,2026-07-13 00:33:24.444197,1.8556634187698364,-5.429362773895264,1128.7099838256836,783.8988304138184,1180.1844596862793,681.3094615936279,60.0,34.0,1,1,0,0
1783874004472892700,2026-07-13 00:33:24.472893,1.7553294897079468,-4.556978702545166,1173.7543106079102,743.2110905647278,1179.345703125,743.2110905647278,60.0,33.0,1,1,0,0
1783874004500821900,2026-07-13 00:33:24.500822,2.259409189224243,-5.34593391418457,1224.0019798278809,748.7251162528992,1179.345703125,743.2110905647278,54.5,32.0,1,1,0,0
1783874004537260000,2026-07-13 00:33:24.537260,1.8175508975982666,-5.134552478790283,1161.427402496338,808.6968660354614,1179.345703125,743.2110905647278,61.0,31.5,1,1,0,0
1783874004575516900,2026-07-13 00:33:24.575517,1.4845136404037476,-4.233155727386475,1114.6721839904785,717.4372673034668,1179.345703125,743.2110905647278,62.5,28.0,1,1,0,0
1783874004606761800,2026-07-13 00:33:24.606762,1.4204771518707275,-4.218329429626465,1112.0084762573242,724.7503399848938,1179.345703125,743.2110905647278,54.5,39.0,1,1,0,0
1783874004638451000,2026-07-13 00:33:24.638451,1.3478940725326538,-3.6075501441955566,1080.542278289795,672.3712682723999,1161.427402496338,743.2110905647278,59.5,27.5,1,1,0,0
1783874004677629500,2026-07-13 00:33:24.677629,1.886560320854187,-4.798278331756592,1156.689167022705,664.280891418457,1156.689167022705,724.7503399848938,59.5,26.0,1,1,0,0
1783874004707117900,2026-07-13 00:33:24.707118,1.4511475563049316,-3.998718738555908,1107.4118614196777,653.4899473190308,1156.689167022705,724.7503399848938,59.5,31.0,1,1,0,0
1783874004741168800,2026-07-13 00:33:24.741169,1.647282361984253,-4.147679328918457,1162.7041816711426,660.8114242553711,1161.427402496338,672.3712682723999,58.5,37.0,1,1,0,0
1783874004778851900,2026-07-13 00:33:24.778852,1.9846936464309692,-4.613584995269775,1193.8931465148926,670.4410314559937,1156.689167022705,670.4410314559937,59.5,37.0,1,1,0,0
1783874004807421800,2026-07-13 00:33:24.807422,2.069720506668091,-4.56115198135376,1210.6483459472656,679.2160272598267,1161.427402496338,679.2160272598267,59.5,32.5,1,1,0,0
1783874004842711600,2026-07-13 00:33:24.842711,1.6466425657272339,-3.9812674522399902,1162.45698928833,699.039101600647,1162.45698928833,672.3712682723999,62.5,18.5,1,1,0,0
1783874004882545400,2026-07-13 00:33:24.882545,1.6317552328109741,-4.550173282623291,1127.207088470459,684.3552589416504,1156.689167022705,679.2160272598267,62.5,34.0,1,1,0,0
1783874004914025900,2026-07-13 00:33:24.914026,1.3302849531173706,-3.524080991744995,1075.709629058838,626.2819170951843,1161.427402496338,679.2160272598267,62.0,32.0,1,1,0,0
1783874004942903200,2026-07-13 00:33:24.942903,1.7456235885620117,-4.7522501945495605,1151.5666007995605,728.0486822128296,1156.689167022705,679.2160272598267,62.5,38.5,1,1,0,0
1783874004977965500,2026-07-13 00:33:24.977966,1.4961326122283936,-3.5483152866363525,1141.995906829834,647.813081741333,1151.5666007995605,679.2160272598267,62.0,32.5,1,1,0,0
1783874005014754500,2026-07-13 00:33:25.014755,1.385367512702942,-3.588249444961548,1120.4154014587402,642.4307227134705,1151.5666007995605,679.2160272598267,61.0,33.0,1,1,0,0
1783874005043910600,2026-07-13 00:33:25.043911,1.4576995372772217,-3.8009324073791504,1106.540584564209,595.0080752372742,1151.5666007995605,679.2160272598267,59.0,38.0,1,1,0,0
1783874005077680300,2026-07-13 00:33:25.077680,1.316809892654419,-3.2271995544433594,1068.2685852050781,544.1709756851196,1141.995906829834,647.813081741333,58.0,38.5,1,1,0,0
1783874005115209400,2026-07-13 00:33:25.115210,1.4581139087677002,-3.403761386871338,1094.169521331787,641.4058804512024,1120.4154014587402,642.4307227134705,60.0,28.0,1,1,0,0
1783874005144676500,2026-07-13 00:33:25.144677,0.61806321144104,-3.3751282691955566,926.5030860900879,678.1042814254761,1106.540584564209,678.1042814254761,59.0,27.0,1,1,0,0
1783874005180046700,2026-07-13 00:33:25.180047,1.4097622632980347,-3.889542579650879,1099.3231773376465,646.7908024787903,1099.3231773376465,646.7908024787903,54.0,35.5,1,1,0,0
1783874005216659700,2026-07-13 00:33:25.216660,1.2562228441238403,-3.51381254196167,1032.0123672485352,549.6289730072021,1099.3231773376465,642.4307227134705,54.5,35.5,1,1,0,0
1783874005246862500,2026-07-13 00:33:25.246863,0.8010721206665039,-3.3685076236724854,894.542121887207,554.5339584350586,1099.3231773376465,646.7908024787903,59.0,19.5,1,1,0,0
1783874005291267400,2026-07-13 00:33:25.291267,1.0992830991744995,-3.8923020362854004,934.5965385437012,510.0242495536804,1099.3231773376465,642.4307227134705,52.0,13.5,1,1,0,0
1783874005318795800,2026-07-13 00:33:25.318796,0.7418501973152161,-3.3060245513916016,843.9085006713867,495.0271248817444,1032.0123672485352,554.5339584350586,54.5,17.5,1,1,0,0
1783874005349944200,2026-07-13 00:33:25.349944,0.06163555756211281,-3.914353370666504,735.9271049499512,682.7817559242249,934.5965385437012,646.7908024787903,62.5,28.5,1,1,0,0
1783874005389931300,2026-07-13 00:33:25.389931,0.35856807231903076,-3.3073794841766357,806.9236755371094,587.5056982040405,934.5965385437012,587.5056982040405,60.0,34.5,1,1,0,0
1783874005426955400,2026-07-13 00:33:25.426955,0.1643238067626953,-3.32541823387146,709.2420101165771,572.330117225647,843.9085006713867,572.330117225647,63.0,25.5,1,1,0,0
1783874005458523700,2026-07-13 00:33:25.458524,0.47689008712768555,-3.3756706714630127,822.4301338195801,555.4795861244202,822.4301338195801,587.5056982040405,60.0,27.0,1,1,0,0
1783874005485688800,2026-07-13 00:33:25.485689,0.16667190194129944,-3.279496192932129,698.0026721954346,508.16643238067627,822.4301338195801,572.330117225647,56.0,24.5,1,1,0,0
1783874005520063700,2026-07-13 00:33:25.520064,0.9123515486717224,-3.4177627563476562,941.093921661377,557.0710897445679,843.9085006713867,572.330117225647,64.0,23.5,1,1,0,0
1783874005558471400,2026-07-13 00:33:25.558471,0.809031069278717,-3.5804738998413086,880.7762145996094,506.09534978866577,822.4301338195801,557.0710897445679,53.0,24.0,1,1,0,0
1783874005588437400,2026-07-13 00:33:25.588438,0.6154899597167969,-3.68790340423584,821.8109130859375,579.3573260307312,822.4301338195801,572.330117225647,54.0,13.5,1,1,0,0
1783874005620027000,2026-07-13 00:33:25.620027,0.9044496417045593,-3.897024154663086,870.014476776123,646.7980146408081,843.9085006713867,572.330117225647,45.0,17.5,1,1,0,0
1783874005659969700,2026-07-13 00:33:25.659970,0.06397438049316406,-4.23032283782959,654.4367790222168,648.2594609260559,822.4301338195801,572.330117225647,52.0,19.5,1,1,0,0
1783874005689072100,2026-07-13 00:33:25.689072,0.6384578943252563,-5.547135829925537,792.9149150848389,814.4725561141968,822.4301338195801,579.3573260307312,52.5,14.5,1,1,0,0
1783874005728814500,2026-07-13 00:33:25.728815,0.7330651879310608,-5.919253349304199,797.4187850952148,945.110023021698,822.4301338195801,646.7980146408081,42.0,8.0,1,1,0,0
1783874005762821500,2026-07-13 00:33:25.762821,0.6209345459938049,-6.092128276824951,758.1203460693359,996.2178468704224,797.4187850952148,648.2594609260559,39.5,8.0,1,1,0,0
1783874005795011500,2026-07-13 00:33:25.795012,0.3533220887184143,-6.214234828948975,681.8978309631348,1017.6205635070801,797.4187850952148,814.4725561141968,41.5,8.5,1,1,0,0
1783874005830330600,2026-07-13 00:33:25.830331,0.6125783920288086,-6.7185564041137695,724.6050834655762,1108.459711074829,797.4187850952148,945.110023021698,40.0,0.0,1,1,0,0
1783874005859995000,2026-07-13 00:33:25.859995,1.0352712869644165,-6.467941761016846,879.8182487487793,1070.928692817688,797.4187850952148,996.2178468704224,38.0,9.5,1,1,0,0
1783874005890040400,2026-07-13 00:33:25.890040,0.9553414583206177,-7.137235164642334,755.2118301391602,1168.0641174316406,797.4187850952148,1017.6205635070801,40.5,3.0,1,1,0,0
1783874005933954100,2026-07-13 00:33:25.933954,1.1611710786819458,-6.867341041564941,820.5386161804199,1050.2959489822388,797.4187850952148,1050.2959489822388,36.5,6.5,1,1,0,0
1783874005963578700,2026-07-13 00:33:25.963579,1.1103185415267944,-6.9790425300598145,796.8360900878906,1064.0699863433838,797.4187850952148,1050.2959489822388,41.5,11.0,1,1,0,0
1783874005991902800,2026-07-13 00:33:25.991903,0.8138216137886047,-6.694625377655029,765.5770301818848,1044.197916984558,797.4187850952148,1044.197916984558,43.5,8.5,1,1,0,0
1783874006032795800,2026-07-13 00:33:26.032796,0.875493586063385,-6.640901565551758,830.4789543151855,1070.0922012329102,797.4187850952148,1050.2959489822388,39.5,11.0,1,1,0,0
1783874006061184100,2026-07-13 00:33:26.061184,1.057387113571167,-6.628582954406738,844.9878692626953,1059.1961145401,797.4187850952148,1050.2959489822388,33.0,11.0,1,1,0,0
1783874006092600000,2026-07-13 00:33:26.092600,1.1012892723083496,-5.945745468139648,934.3067169189453,1065.3332471847534,797.4187850952148,1050.2959489822388,34.5,17.0,1,1,0,0
1783874006133796900,2026-07-13 00:33:26.133797,1.6311460733413696,-7.2478108406066895,999.5505332946777,1163.9124155044556,830.4789543151855,1059.1961145401,40.5,4.5,1,1,0,0
1783874006162695400,2026-07-13 00:33:26.162695,1.1609991788864136,-7.120471954345703,826.8777847290039,1144.448161125183,826.8777847290039,1059.1961145401,39.5,8.5,1,1,0,0
1783874006193777100,2026-07-13 00:33:26.193777,1.082116961479187,-6.9884114265441895,914.1861915588379,1273.2208967208862,830.4789543151855,1065.3332471847534,44.0,11.5,1,1,0,0
1783874006234928400,2026-07-13 00:33:26.234928,1.525061845779419,-6.0690598487854,1143.3691024780273,1085.3570699691772,830.4789543151855,1085.3570699691772,44.5,18.5,1,1,0,0
1783874006263896900,2026-07-13 00:33:26.263897,1.909277319908142,-7.322325229644775,1166.7396545410156,1219.9232578277588,830.4789543151855,1085.3570699691772,37.0,13.5,1,1,0,0
1783874006298164400,2026-07-13 00:33:26.298164,1.6645443439483643,-6.3156585693359375,1136.1995697021484,1114.9365901947021,914.1861915588379,1085.3570699691772,36.0,12.5,1,1,0,0
1783874006332710600,2026-07-13 00:33:26.332711,1.8303194046020508,-6.758647441864014,1141.7911529541016,1138.903260231018,1136.1995697021484,1085.3570699691772,37.0,15.5,1,1,0,0
1783874006361699700,2026-07-13 00:33:26.361700,1.8303194046020508,-6.758647441864014,1141.7911529541016,1138.903260231018,1136.1995697021484,1114.9365901947021,41.0,9.0,1,1,0,0
1783874006390814600,2026-07-13 00:33:26.390815,1.553195595741272,-7.00009298324585,956.804084777832,1118.3072328567505,956.804084777832,1114.9365901947021,42.5,9.5,1,1,0,0
1783874006419641700,2026-07-13 00:33:26.419641,1.753129243850708,-7.536456108093262,982.9483985900879,1153.7352800369263,1136.1995697021484,1118.3072328567505,46.0,14.0,1,1,0,0
1783874006448614400,2026-07-13 00:33:26.448614,1.882271647453308,-7.685401439666748,977.3685455322266,1156.1803817749023,982.9483985900879,1118.3072328567505,42.5,8.5,1,1,0,0
1783874006488614600,2026-07-13 00:33:26.488615,1.8719035387039185,-7.761229991912842,942.4552917480469,1152.9860496520996,956.804084777832,1118.3072328567505,54.0,15.0,1,1,0,0
1783874006514510300,2026-07-13 00:33:26.514510,1.9004877805709839,-7.364175319671631,1057.3740005493164,1141.304850578308,1057.3740005493164,1141.304850578308,42.5,8.5,1,1,0,0
1783874006546985900,2026-07-13 00:33:26.546986,1.9206838607788086,-7.6714253425598145,998.0873107910156,1146.9991207122803,982.9483985900879,1141.304850578308,51.0,10.0,1,1,0,0
1783874006576942900,2026-07-13 00:33:26.576943,1.4894732236862183,-7.929171562194824,896.0564613342285,1277.8410911560059,956.804084777832,1141.304850578308,50.5,7.5,1,1,0,0
1783874006603759600,2026-07-13 00:33:26.603760,1.4384169578552246,-8.489418029785156,789.2714023590088,1334.8729610443115,982.9483985900879,1141.304850578308,51.0,7.5,1,1,0,0
1783874006641216600,2026-07-13 00:33:26.641217,1.8237707614898682,-7.3044867515563965,1089.8972511291504,1214.449167251587,982.9483985900879,1146.9991207122803,47.5,22.0,1,1,0,0
1783874006671026500,2026-07-13 00:33:26.671026,1.800150752067566,-6.9982523918151855,1008.5036277770996,1073.5125541687012,982.9483985900879,1141.304850578308,45.5,13.5,1,1,0,0
1783874006704947000,2026-07-13 00:33:26.704947,1.8291501998901367,-7.228403091430664,992.3632621765137,1098.620891571045,982.9483985900879,1141.304850578308,51.5,10.0,1,1,0,0
1783874006740143200,2026-07-13 00:33:26.740143,1.853476643562317,-7.610510349273682,986.5564346313477,1153.4309387207031,986.5564346313477,1146.9991207122803,51.0,12.5,1,1,0,0
1783874006781992200,2026-07-13 00:33:26.781992,1.9790297746658325,-8.167168617248535,945.2829360961914,1191.5876865386963,982.9483985900879,1141.304850578308,53.5,22.5,1,1,0,0
1783874006814273000,2026-07-13 00:33:26.814273,1.947226881980896,-7.694037914276123,939.0856742858887,1121.019959449768,982.9483985900879,1141.304850578308,49.5,14.0,1,1,0,0
1783874006846425100,2026-07-13 00:33:26.846425,1.6510292291641235,-7.225560665130615,948.7436294555664,1118.7537908554077,982.9483985900879,1141.304850578308,49.5,10.0,1,1,0,0
1783874006874011800,2026-07-13 00:33:26.874012,1.9706511497497559,-7.577600955963135,1036.413288116455,1153.751254081726,982.9483985900879,1141.304850578308,52.5,11.5,1,1,0,0
1783874006916846000,2026-07-13 00:33:26.916846,2.0576331615448,-7.710581302642822,1062.1094703674316,1185.1481199264526,982.9483985900879,1141.304850578308,47.5,25.0,1,1,0,0
1783874006947598100,2026-07-13 00:33:26.947598,2.0236399173736572,-5.596495151519775,1126.3154029846191,783.2209467887878,982.9483985900879,1141.304850578308,41.5,19.0,1,1,0,0
1783874006976272500,2026-07-13 00:33:26.976272,2.0133368968963623,-6.469306468963623,1131.68306350708,940.3983354568481,1036.413288116455,1141.304850578308,45.0,20.5,1,1,0,0
1783874007011478900,2026-07-13 00:33:27.011479,1.9498080015182495,-6.4928460121154785,1096.8402862548828,962.5336527824402,1062.1094703674316,1141.304850578308,48.0,24.0,1,1,0,0
1783874007043892600,2026-07-13 00:33:27.043892,2.033047914505005,-5.806158542633057,1140.5930519104004,825.8870840072632,1096.8402862548828,962.5336527824402,50.5,19.5,1,1,0,0
1783874007083583400,2026-07-13 00:33:27.083584,2.026728630065918,-5.173159599304199,1199.9584197998047,804.806113243103,1096.8402862548828,962.5336527824402,49.5,29.5,1,1,0,0
1783874007112791800,2026-07-13 00:33:27.112792,1.8493162393569946,-5.814027309417725,1078.229808807373,851.5547513961792,1078.229808807373,962.5336527824402,54.5,29.0,1,1,0,0
1783874007144363200,2026-07-13 00:33:27.144363,1.2979092597961426,-5.496792316436768,1012.7415657043457,868.5187101364136,1096.8402862548828,868.5187101364136,52.5,29.0,1,1,0,0
1783874007182274800,2026-07-13 00:33:27.182275,1.5054603815078735,-4.756236553192139,1154.9142837524414,798.1641888618469,1096.8402862548828,868.5187101364136,57.5,29.0,1,1,0,0
1783874007220759800,2026-07-13 00:33:27.220760,0.908028244972229,-5.828091621398926,920.8601951599121,881.2316656112671,1078.229808807373,881.2316656112671,56.0,30.5,1,1,0,0
1783874007249846500,2026-07-13 00:33:27.249846,1.457995891571045,-6.1341938972473145,931.573486328125,832.5746059417725,1078.229808807373,868.5187101364136,52.0,23.5,1,1,0,0
1783874007280146900,2026-07-13 00:33:27.280147,1.1833101511001587,-4.456094264984131,1034.2546463012695,723.10870885849,1078.229808807373,868.5187101364136,59.5,26.0,1,1,0,0
1783874007320054200,2026-07-13 00:33:27.320054,1.59937584400177,-5.691686153411865,1011.9939804077148,779.2134881019592,1034.2546463012695,868.5187101364136,57.0,33.0,1,1,0,0
1783874007352970800,2026-07-13 00:33:27.352971,1.7273147106170654,-5.407878875732422,1056.568717956543,787.3021364212036,1056.568717956543,832.5746059417725,55.5,29.5,1,1,0,0
1783874007390421600,2026-07-13 00:33:27.390421,0.8460870385169983,-3.4713456630706787,966.9151306152344,692.064642906189,1034.2546463012695,787.3021364212036,62.5,28.0,1,1,0,0
1783874007419946400,2026-07-13 00:33:27.419946,0.9805089831352234,-3.9377224445343018,959.8902702331543,698.2840299606323,1034.2546463012695,787.3021364212036,58.5,27.5,1,1,0,0
1783874007451061600,2026-07-13 00:33:27.451061,1.4256370067596436,-3.6258037090301514,1065.5961990356445,619.0738081932068,1056.568717956543,787.3021364212036,61.0,28.0,1,1,0,0
1783874007491597000,2026-07-13 00:33:27.491597,1.204936146736145,-3.960888624191284,1022.6465225219727,692.4753189086914,1034.2546463012695,698.2840299606323,57.5,28.5,1,1,0,0
1783874007526433100,2026-07-13 00:33:27.526433,1.8250908851623535,-4.603007793426514,1147.8882789611816,667.0634150505066,1034.2546463012695,698.2840299606323,64.0,19.0,1,1,0,0
1783874007558221600,2026-07-13 00:33:27.558222,1.6336480379104614,-4.3183417320251465,1096.2247848510742,588.8832211494446,1056.568717956543,692.4753189086914,55.0,27.5,1,1,0,0
1783874007586731000,2026-07-13 00:33:27.586731,0.6626299023628235,-3.166647434234619,907.2102546691895,579.2302489280701,1034.2546463012695,692.4753189086914,59.5,27.0,1,1,0,0
1783874007628830600,2026-07-13 00:33:27.628831,1.4983726739883423,-4.477432727813721,1069.6784019470215,619.2051768302917,1056.568717956543,667.0634150505066,59.0,23.0,1,1,0,0
1783874007662735900,2026-07-13 00:33:27.662736,1.6003023386001587,-3.611302614212036,1094.1303253173828,500.06967782974243,1056.568717956543,619.2051768302917,62.0,23.0,1,1,0,0
1783874007690842500,2026-07-13 00:33:27.690843,1.2136547565460205,-3.950155258178711,1000.9620666503906,540.3425693511963,1034.2546463012695,619.2051768302917,61.0,17.5,1,1,0,0
1783874007724907900,2026-07-13 00:33:27.724908,1.173527479171753,-3.848543405532837,954.6536445617676,518.4010863304138,1056.568717956543,619.2051768302917,53.5,29.5,1,1,0,0
1783874007757023800,2026-07-13 00:33:27.757024,1.014634370803833,-4.149629592895508,965.947437286377,605.4425239562988,1034.2546463012695,605.4425239562988,60.5,23.0,1,1,0,0
1783874007798188700,2026-07-13 00:33:27.798189,0.792820930480957,-4.019853591918945,946.98486328125,668.5580611228943,1000.9620666503906,619.2051768302917,68.0,27.0,1,1,0,0
1783874007828532100,2026-07-13 00:33:27.828532,0.4913942217826843,-2.765446901321411,808.3322525024414,527.1831154823303,965.947437286377,605.4425239562988,60.5,22.5,1,1,0,0
1783874007857875700,2026-07-13 00:33:27.857876,1.0937327146530151,-2.147554874420166,943.1859016418457,427.4466931819916,965.947437286377,605.4425239562988,60.5,36.5,1,1,0,0
1783874007893813600,2026-07-13 00:33:27.893814,0.8776149153709412,-3.126009941101074,943.5541152954102,504.92197275161743,946.98486328125,605.4425239562988,63.5,33.5,1,1,0,0
1783874007929824800,2026-07-13 00:33:27.929825,0.6398751139640808,-2.7295236587524414,844.4760322570801,485.50933599472046,943.5541152954102,527.1831154823303,61.5,28.0,1,1,0,0
1783874007960109300,2026-07-13 00:33:27.960109,0.5862032771110535,-2.9352381229400635,843.7840461730957,488.27752470970154,943.5541152954102,504.92197275161743,67.0,27.0,1,1,0,0
1783874007995009700,2026-07-13 00:33:27.995010,0.1335495561361313,-2.9073400497436523,702.7763366699219,482.5346767902374,943.5541152954102,504.92197275161743,60.0,26.5,1,1,0,0
1783874008031192100,2026-07-13 00:33:28.031192,0.43775591254234314,-3.7909510135650635,812.7789497375488,572.3668932914734,844.4760322570801,527.1831154823303,58.0,22.0,1,1,0,0
1783874008065526200,2026-07-13 00:33:28.065526,0.1948721557855606,-3.2994048595428467,724.4853019714355,603.9659976959229,843.7840461730957,504.92197275161743,63.0,22.0,1,1,0,0
1783874008098781900,2026-07-13 00:33:28.098782,0.4910660982131958,-2.631655216217041,811.1780166625977,461.06335520744324,812.7789497375488,504.92197275161743,67.0,29.5,1,1,0,0
1783874008130698900,2026-07-13 00:33:28.130699,0.0788741409778595,-2.7431411743164062,685.6562614440918,532.732903957367,812.7789497375488,527.1831154823303,64.5,22.5,1,1,0,0
1783874008168709300,2026-07-13 00:33:28.168709,0.6007289290428162,-2.7810401916503906,812.8944396972656,541.9794321060181,812.8944396972656,527.1831154823303,61.5,32.0,1,1,0,0
1783874008197375300,2026-07-13 00:33:28.197375,0.9175307154655457,-2.68646502494812,898.9895820617676,529.4166207313538,812.7789497375488,527.1831154823303,60.0,30.0,1,1,0,0
1783874008228900600,2026-07-13 00:33:28.228901,0.6794964671134949,-3.6103434562683105,881.0381889343262,584.6540927886963,812.8944396972656,529.4166207313538,61.5,40.5,1,1,0,0
1783874008271973500,2026-07-13 00:33:28.271973,-0.14986653625965118,-3.1711480617523193,676.8741607666016,586.6835117340088,812.8944396972656,529.4166207313538,63.0,33.5,1,1,0,0
1783874008301636600,2026-07-13 00:33:28.301637,-0.33894044160842896,-2.8932597637176514,628.0319213867188,604.689359664917,812.7789497375488,529.4166207313538,68.0,41.5,1,1,0,0
1783874008333645200,2026-07-13 00:33:28.333645,0.47674381732940674,-2.635192394256592,765.2340888977051,498.3215928077698,812.7789497375488,529.4166207313538,69.0,31.5,1,1,0,0
1783874008363832900,2026-07-13 00:33:28.363833,0.2272091954946518,-4.067233085632324,747.412633895874,657.584011554718,765.2340888977051,529.4166207313538,59.0,18.5,1,1,0,0
1783874008403074800,2026-07-13 00:33:28.403075,0.34096354246139526,-5.216746807098389,759.0259075164795,818.7200427055359,765.2340888977051,529.4166207313538,61.5,14.0,1,1,0,0
1783874008435583200,2026-07-13 00:33:28.435583,0.2912529706954956,-5.534562110900879,726.5635967254639,877.1058917045593,765.2340888977051,529.4166207313538,53.5,13.0,1,1,0,0
1783874008466805100,2026-07-13 00:33:28.466805,1.0249419212341309,-5.749159336090088,892.0370101928711,880.6957602500916,765.2340888977051,657.584011554718,53.5,21.0,1,1,0,0
1783874008497540200,2026-07-13 00:33:28.497540,0.6045137643814087,-5.1592912673950195,848.1367111206055,865.7730221748352,765.2340888977051,818.7200427055359,48.0,17.0,1,1,0,0
1783874008526630200,2026-07-13 00:33:28.526630,0.11201746761798859,-5.251483917236328,742.037296295166,936.4729523658752,765.2340888977051,865.7730221748352,53.5,12.5,1,1,0,0
1783874008556482600,2026-07-13 00:33:28.556483,0.09233693778514862,-5.704314231872559,741.5622711181641,972.6580381393433,765.2340888977051,865.7730221748352,49.5,24.5,1,1,0,0
1783874008592784400,2026-07-13 00:33:28.592784,0.49325624108314514,-5.768344402313232,823.4753608703613,960.8123302459717,765.2340888977051,865.7730221748352,54.5,23.0,1,1,0,0
1783874008622656300,2026-07-13 00:33:28.622656,0.3032083213329315,-5.605814456939697,761.9145393371582,980.4748892784119,765.2340888977051,936.4729523658752,49.5,20.5,1,1,0,0
1783874008649906900,2026-07-13 00:33:28.649907,0.36816689372062683,-5.382437705993652,814.7304534912109,914.8105382919312,765.2340888977051,914.8105382919312,51.0,24.5,1,1,0,0
1783874008681306700,2026-07-13 00:33:28.681307,0.1593756228685379,-5.7960004806518555,792.7448749542236,1022.2616195678711,765.2340888977051,936.4729523658752,51.5,18.0,1,1,0,0
1783874008711012900,2026-07-13 00:33:28.711013,0.13056834042072296,-5.6404314041137695,826.0890007019043,1017.643928527832,765.2340888977051,936.4729523658752,50.5,6.5,1,1,0,0
1783874008742367200,2026-07-13 00:33:28.742367,-0.00878823921084404,-6.111903190612793,757.0821762084961,1072.434902191162,765.2340888977051,936.4729523658752,49.5,9.0,1,1,0,0
1783874008771055700,2026-07-13 00:33:28.771056,0.580233097076416,-6.147029399871826,881.7191123962402,1066.1201477050781,765.2340888977051,1017.643928527832,41.5,21.0,1,1,0,0
1783874008806351900,2026-07-13 00:33:28.806352,0.5455859303474426,-5.845775127410889,873.1985092163086,1001.6963481903076,765.2340888977051,1001.6963481903076,47.5,21.0,1,1,0,0
1783874008845869100,2026-07-13 00:33:28.845869,0.37301552295684814,-7.146193504333496,746.6203689575195,1174.7257709503174,765.2340888977051,1017.643928527832,45.5,26.0,1,1,0,0
1783874008874847200,2026-07-13 00:33:28.874847,0.515534520149231,-6.466525077819824,846.8120574951172,1108.5867881774902,765.2340888977051,1017.643928527832,46.5,29.0,1,1,0,0
1783874008905239200,2026-07-13 00:33:28.905239,0.17551572620868683,-5.670748233795166,802.4409294128418,1019.9073553085327,765.2340888977051,1017.643928527832,47.5,30.5,1,1,0,0
1783874008939376700,2026-07-13 00:33:28.939377,0.09083281457424164,-6.114871978759766,770.9958076477051,1062.0040893554688,765.2340888977051,1019.9073553085327,52.5,11.5,1,1,0,0
1783874008979984000,2026-07-13 00:33:28.979984,-0.038911204785108566,-6.517267227172852,678.223180770874,1076.6589641571045,765.2340888977051,1019.9073553085327,38.0,17.5,1,1,0,0
1783874009007457200,2026-07-13 00:33:29.007457,-0.10723842680454254,-6.710848331451416,635.3136539459229,1139.533281326294,765.2340888977051,1019.9073553085327,30.5,7.0,1,1,0,0
1783874009041032500,2026-07-13 00:33:29.041033,-0.10146467387676239,-6.482773303985596,636.8008613586426,1119.112253189087,765.2340888977051,1062.0040893554688,32.5,7.0,1,1,0,0
1783874009077112100,2026-07-13 00:33:29.077112,0.11288057267665863,-6.429868221282959,576.741886138916,1108.3924770355225,678.223180770874,1076.6589641571045,38.5,6.0,1,1,0,0
1783874009118677800,2026-07-13 00:33:29.118678,0.022595275193452835,-6.4278435707092285,636.0239028930664,1110.4265451431274,636.8008613586426,1108.3924770355225,35.0,17.0,1,1,0,0
1783874009153934100,2026-07-13 00:33:29.153934,0.4977787137031555,-6.104365348815918,753.1260967254639,1025.7118940353394,753.1260967254639,1062.0040893554688,37.0,9.5,1,1,0,0
1783874009184852500,2026-07-13 00:33:29.184852,1.3188283443450928,-6.146279335021973,987.5824928283691,964.0904068946838,678.223180770874,1076.6589641571045,42.0,17.0,1,1,0,0
1783874009218340400,2026-07-13 00:33:29.218340,1.4981802701950073,-6.14363431930542,1038.2421493530273,876.4914274215698,753.1260967254639,1062.0040893554688,47.5,17.0,1,1,0,0
1783874009247706200,2026-07-13 00:33:29.247706,1.7281564474105835,-6.437226295471191,1052.7583122253418,875.3265738487244,753.1260967254639,1025.7118940353394,50.5,20.0,1,1,0,0
1783874009279638800,2026-07-13 00:33:29.279639,1.7281564474105835,-6.437226295471191,1052.7583122253418,875.3265738487244,987.5824928283691,964.0904068946838,51.0,24.5,1,1,0,0
1783874009321348900,2026-07-13 00:33:29.321349,1.3627163171768188,-5.526151180267334,1026.4532089233398,766.1504149436951,1026.4532089233398,876.4914274215698,49.0,32.5,1,1,0,0
1783874009349660300,2026-07-13 00:33:29.349660,1.880601167678833,-5.0752997398376465,1157.2345733642578,751.564085483551,1026.4532089233398,875.3265738487244,51.5,15.5,1,1,0,0
1783874009379789400,2026-07-13 00:33:29.379789,2.009432077407837,-4.684396266937256,1244.1652297973633,707.7113389968872,1026.4532089233398,875.3265738487244,56.5,25.0,1,1,0,0
1783874009414818100,2026-07-13 00:33:29.414818,1.3992750644683838,-4.81527042388916,1084.5101356506348,782.1373343467712,1026.4532089233398,782.1373343467712,55.5,25.5,1,1,0,0
1783874009456744000,2026-07-13 00:33:29.456744,1.460920810699463,-5.0976972579956055,1090.5881881713867,838.5080695152283,1084.5101356506348,838.5080695152283,54.5,12.0,1,1,0,0
1783874009488572500,2026-07-13 00:33:29.488572,1.6425421237945557,-5.747123718261719,1123.5614776611328,896.477460861206,1084.5101356506348,875.3265738487244,53.0,11.0,1,1,0,0
1783874009524424500,2026-07-13 00:33:29.524425,2.2088167667388916,-6.0800347328186035,1282.8130722045898,922.9558706283569,1084.5101356506348,838.5080695152283,63.5,12.0,1,1,0,0
1783874009551468200,2026-07-13 00:33:29.551468,2.08249568939209,-5.588915824890137,1240.0056838989258,845.0525999069214,1090.5881881713867,845.0525999069214,60.0,12.0,1,1,0,0
1783874009591719300,2026-07-13 00:33:29.591719,2.5054333209991455,-6.364380359649658,1431.6259384155273,1027.1681547164917,1123.5614776611328,875.3265738487244,64.5,13.5,1,1,0,0
1783874009621147400,2026-07-13 00:33:29.621147,2.361541986465454,-5.493552207946777,1340.2179718017578,861.7430925369263,1240.0056838989258,861.7430925369263,53.0,14.0,1,1,0,0
1783874009653419500,2026-07-13 00:33:29.653419,2.2469398975372314,-6.255049228668213,1259.9601745605469,951.440155506134,1240.0056838989258,861.7430925369263,49.0,12.0,1,1,0,0
1783874009683491500,2026-07-13 00:33:29.683491,1.5521559715270996,-6.580569744110107,1078.011417388916,1036.8001461029053,1123.5614776611328,875.3265738487244,49.5,7.5,1,1,0,0
1783874009717223400,2026-07-13 00:33:29.717223,1.8708754777908325,-6.753913402557373,1131.5935134887695,972.6476669311523,1240.0056838989258,875.3265738487244,49.5,13.0,1,1,0,0
1783874009749985900,2026-07-13 00:33:29.749986,2.0222628116607666,-6.634663105010986,1175.3557205200195,978.1501889228821,1175.3557205200195,951.440155506134,48.5,12.5,1,1,0,0
1783874009790011700,2026-07-13 00:33:29.790012,1.6758872270584106,-6.261364936828613,1153.2273292541504,966.4039611816406,1153.2273292541504,966.4039611816406,49.5,18.0,1,1,0,0
1783874009820803000,2026-07-13 00:33:29.820803,1.8517545461654663,-6.459235668182373,1052.8762817382812,898.287832736969,1153.2273292541504,898.287832736969,42.5,13.0,1,1,0,0
1783874009853268700,2026-07-13 00:33:29.853269,2.0511972904205322,-4.788843154907227,1230.0134658813477,740.3573393821716,1175.3557205200195,951.440155506134,48.0,20.0,1,1,0,0
1783874009895554400,2026-07-13 00:33:29.895554,2.205465078353882,-4.9807562828063965,1247.3884582519531,739.8587465286255,1153.2273292541504,898.287832736969,48.0,27.5,1,1,0,0
1783874009925181600,2026-07-13 00:33:29.925182,1.9106286764144897,-5.156332492828369,1230.4010391235352,759.4046592712402,1175.3557205200195,898.287832736969,58.0,26.0,1,1,0,0
1783874009955917900,2026-07-13 00:33:29.955918,1.7452683448791504,-5.334980487823486,1168.9531326293945,794.6456670761108,1175.3557205200195,794.6456670761108,62.0,28.5,1,1,0,0
1783874009989870900,2026-07-13 00:33:29.989871,1.5132712125778198,-4.642554759979248,1086.471939086914,674.1228699684143,1153.2273292541504,794.6456670761108,64.5,31.5,1,1,0,0
1783874010028379500,2026-07-13 00:33:30.028379,1.4469736814498901,-3.9397809505462646,1102.4934768676758,614.6066784858704,1168.9531326293945,794.6456670761108,62.0,32.0,1,1,0,0
1783874010060936000,2026-07-13 00:33:30.060936,0.9368925094604492,-4.192088603973389,967.6313400268555,617.3418760299683,1153.2273292541504,794.6456670761108,61.5,28.5,1,1,0,0
1783874010094866300,2026-07-13 00:33:30.094866,0.8095943331718445,-3.501919746398926,961.5715026855469,602.9457449913025,1102.4934768676758,674.1228699684143,62.5,27.5,1,1,0,0
1783874010124149100,2026-07-13 00:33:30.124149,0.6659775972366333,-3.4880287647247314,881.1030387878418,584.3194723129272,1102.4934768676758,617.3418760299683,61.0,28.5,1,1,0,0
1783874010163828900,2026-07-13 00:33:30.163829,0.4481794238090515,-3.4783074855804443,823.3837127685547,614.2784357070923,967.6313400268555,617.3418760299683,61.5,24.5,1,1,0,0
1783874010202765800,2026-07-13 00:33:30.202766,0.7001478672027588,-3.1227526664733887,858.0659866333008,464.9708569049835,961.5715026855469,614.2784357070923,61.5,28.0,1,1,0,0
1783874010234721300,2026-07-13 00:33:30.234721,0.7575664520263672,-3.156581401824951,870.5071449279785,538.2630228996277,881.1030387878418,614.2784357070923,56.5,28.0,1,1,0,0
1783874010266102100,2026-07-13 00:33:30.266102,0.8593924045562744,-3.3460588455200195,900.2335548400879,525.5187749862671,900.2335548400879,614.2784357070923,57.0,35.0,1,1,0,0
1783874010301758400,2026-07-13 00:33:30.301759,0.8942393660545349,-3.188723087310791,955.372428894043,553.9218783378601,955.372428894043,553.9218783378601,59.5,28.0,1,1,0,0
1783874010332803600,2026-07-13 00:33:30.332803,0.46895459294319153,-3.6855618953704834,812.376880645752,550.2625107765198,881.1030387878418,553.9218783378601,51.5,31.0,1,1,0,0
1783874010371866900,2026-07-13 00:33:30.371867,0.7343018651008606,-3.7502174377441406,887.5924110412598,564.2420649528503,900.2335548400879,564.2420649528503,59.5,28.0,1,1,0,0
1783874010403856300,2026-07-13 00:33:30.403856,0.9206296801567078,-3.147742986679077,911.5489959716797,456.7561745643616,911.5489959716797,553.9218783378601,52.5,27.5,1,1,0,0
1783874010437060000,2026-07-13 00:33:30.437060,0.3016327917575836,-3.0540497303009033,759.0516090393066,515.9071087837219,881.1030387878418,553.9218783378601,63.0,30.0,1,1,0,0
1783874010465976300,2026-07-13 00:33:30.465976,0.23560771346092224,-3.1187996864318848,728.03635597229,509.4929337501526,887.5924110412598,553.9218783378601,57.0,32.0,1,1,0,0
1783874010492723100,2026-07-13 00:33:30.492723,0.9070782661437988,-4.7223687171936035,952.4682998657227,714.3439650535583,911.5489959716797,553.9218783378601,57.5,27.0,1,1,0,0
1783874010525693100,2026-07-13 00:33:30.525693,1.0658069849014282,-4.608609676361084,976.5793800354004,731.6082715988159,887.5924110412598,553.9218783378601,53.0,23.5,1,1,0,0
1783874010555080600,2026-07-13 00:33:30.555081,1.0715242624282837,-5.099383354187012,1048.8513946533203,789.1274094581604,911.5489959716797,553.9218783378601,44.5,23.5,1,1,0,0
1783874010594435300,2026-07-13 00:33:30.594435,1.0440925359725952,-4.936811923980713,1058.16011428833,834.1529369354248,952.4682998657227,714.3439650535583,47.5,23.5,1,1,0,0
1783874010623614200,2026-07-13 00:33:30.623614,1.4780561923980713,-5.685083866119385,1081.9422721862793,886.1566781997681,976.5793800354004,731.6082715988159,53.0,20.0,1,1,0,0
1783874010650769400,2026-07-13 00:33:30.650769,1.029251217842102,-5.273016452789307,1047.9001998901367,868.1257367134094,1047.9001998901367,789.1274094581604,48.0,19.0,1,1,0,0
1783874010678524100,2026-07-13 00:33:30.678524,0.9091121554374695,-5.39238977432251,977.1266937255859,876.4036893844604,977.1266937255859,834.1529369354248,43.5,27.5,1,1,0,0
1783874010710089900,2026-07-13 00:33:30.710090,1.1624507904052734,-5.2500691413879395,986.7873191833496,871.8222379684448,986.7873191833496,868.1257367134094,52.0,22.5,1,1,0,0
1783874010739077000,2026-07-13 00:33:30.739077,1.1720322370529175,-4.4673967361450195,1024.965000152588,802.2670745849609,1024.965000152588,802.2670745849609,57.0,13.5,1,1,0,0
1783874010776498000,2026-07-13 00:33:30.776498,0.6363734602928162,-5.062221050262451,860.9763145446777,891.3396000862122,977.1266937255859,868.1257367134094,54.5,19.0,1,1,0,0
1783874010807919400,2026-07-13 00:33:30.807919,0.671346127986908,-4.797685146331787,858.5623741149902,795.8718538284302,986.7873191833496,868.1257367134094,46.5,18.5,1,1,0,0
1783874010847249100,2026-07-13 00:33:30.847249,0.8446276783943176,-4.73623514175415,913.1797790527344,791.3450002670288,977.1266937255859,802.2670745849609,50.5,22.0,1,1,0,0
1783874010878701100,2026-07-13 00:33:30.878701,0.7360866665840149,-4.157749176025391,891.0927772521973,690.6331181526184,913.1797790527344,802.2670745849609,58.0,21.5,1,1,0,0
1783874010910369000,2026-07-13 00:33:30.910369,0.9411694407463074,-4.495311260223389,956.9323539733887,757.7590942382812,956.9323539733887,795.8718538284302,64.0,20.5,1,1,0,0
1783874010947327900,2026-07-13 00:33:30.947328,1.0073797702789307,-7.040271282196045,783.9939117431641,1210.9827995300293,913.1797790527344,802.2670745849609,27.0,4.5,1,1,0,0
1783874010979827400,2026-07-13 00:33:30.979827,0.2435256689786911,-8.265780448913574,338.62297534942627,1423.9203929901123,913.1797790527344,802.2670745849609,15.0,3.0,1,1,0,0
1783874011018696100,2026-07-13 00:33:31.018696,-0.1063893586397171,-9.038541793823242,132.44613409042358,1478.6733388900757,913.1797790527344,802.2670745849609,15.0,2.0,1,1,0,0
1783874011048255100,2026-07-13 00:33:31.048255,0.05463295057415962,-9.76897144317627,2.884638123214245,1606.1758995056152,783.9939117431641,1210.9827995300293,0.0,1.5,1,1,0,0
1783874011079871300,2026-07-13 00:33:31.079871,0.033291447907686234,-8.849748611450195,164.30528163909912,1419.511318206787,338.62297534942627,1419.511318206787,1.0,3.5,1,1,0,0
1783874011113673800,2026-07-13 00:33:31.113674,0.5093027949333191,-7.743393898010254,469.42734718322754,1381.0187578201294,469.42734718322754,1381.0187578201294,17.5,2.5,1,1,0,0
1783874011150888900,2026-07-13 00:33:31.150889,0.737927258014679,-7.196272373199463,594.6525573730469,1317.1828985214233,594.6525573730469,1317.1828985214233,31.0,2.5,1,1,0,0
1783874011181077200,2026-07-13 00:33:31.181077,1.0204709768295288,-6.228800296783447,792.4942016601562,1122.7138042449951,469.42734718322754,1381.0187578201294,38.0,11.0,1,1,0,0
1783874011219794300,2026-07-13 00:33:31.219794,0.9937639236450195,-4.780979633331299,868.1567192077637,826.5774846076965,594.6525573730469,1317.1828985214233,28.0,18.0,1,1,0,0
1783874011249878300,2026-07-13 00:33:31.249878,1.1838349103927612,-4.531431674957275,1054.8965454101562,780.2121043205261,594.6525573730469,1317.1828985214233,53.5,21.0,1,1,0,0
1783874011283801300,2026-07-13 00:33:31.283801,0.9137816429138184,-3.873290538787842,957.0176124572754,726.5450358390808,792.4942016601562,1122.7138042449951,57.0,26.0,1,1,0,0
1783874011319738100,2026-07-13 00:33:31.319738,1.3147438764572144,-3.813819408416748,1076.8950462341309,685.8517527580261,868.1567192077637,826.5774846076965,58.0,21.0,1,1,0,0
1783874011350277800,2026-07-13 00:33:31.350278,1.4921458959579468,-4.952512264251709,1059.2631340026855,643.9964771270752,957.0176124572754,780.2121043205261,59.0,33.0,1,1,0,0
1783874011389006600,2026-07-13 00:33:31.389007,1.5302717685699463,-4.709439754486084,1106.3833236694336,633.4310173988342,957.0176124572754,726.5450358390808,59.0,28.0,1,1,0,0
1783874011418114300,2026-07-13 00:33:31.418114,0.5951448082923889,-3.810142993927002,856.8302154541016,546.8147993087769,868.1567192077637,685.8517527580261,58.5,34.5,1,1,0,0
1783874011458276300,2026-07-13 00:33:31.458276,0.9104706645011902,-4.296974182128906,905.5285453796387,601.667582988739,957.0176124572754,643.9964771270752,57.0,40.5,1,1,0,0
1783874011487979500,2026-07-13 00:33:31.487979,0.8986242413520813,-4.539322376251221,904.0950775146484,613.5457158088684,905.5285453796387,633.4310173988342,53.5,27.5,1,1,0,0
1783874011526882200,2026-07-13 00:33:31.526882,0.7998387217521667,-4.049170017242432,898.5682487487793,609.6243858337402,898.5682487487793,613.5457158088684,59.5,27.5,1,1,0,0
1783874011555100100,2026-07-13 00:33:31.555100,0.6915322542190552,-3.9018020629882812,887.5947952270508,639.1223669052124,904.0950775146484,639.1223669052124,59.5,28.0,1,1,0,0
1783874011587611200,2026-07-13 00:33:31.587611,1.507060170173645,-4.396665573120117,1069.4342613220215,588.7356400489807,905.5285453796387,613.5457158088684,52.5,28.0,1,1,0,0
1783874011628567700,2026-07-13 00:33:31.628568,1.1142953634262085,-3.7622148990631104,958.9401245117188,576.957106590271,904.0950775146484,613.5457158088684,53.5,33.0,1,1,0,0
1783874011657456200,2026-07-13 00:33:31.657456,1.2904108762741089,-3.6524782180786133,1011.4721298217773,560.1963996887207,905.5285453796387,613.5457158088684,54.0,39.5,1,1,0,0
1783874011696472300,2026-07-13 00:33:31.696472,1.5690561532974243,-3.562675952911377,1078.369140625,538.8603806495667,958.9401245117188,588.7356400489807,59.5,31.5,1,1,0,0
1783874011727757000,2026-07-13 00:33:31.727757,1.8244565725326538,-3.337015151977539,1128.0522346496582,477.9793918132782,958.9401245117188,576.957106590271,58.0,43.5,1,1,0,0
1783874011757339400,2026-07-13 00:33:31.757339,0.9355103969573975,-2.7993030548095703,976.1936187744141,467.34005212783813,976.1936187744141,560.1963996887207,61.5,33.0,1,1,0,0
1783874011797485500,2026-07-13 00:33:31.797486,0.4501119554042816,-2.2735579013824463,759.6328735351562,458.2277536392212,958.9401245117188,538.8603806495667,58.5,37.0,1,1,0,0
1783874011827727600,2026-07-13 00:33:31.827728,1.09645414352417,-1.9178709983825684,887.6738548278809,393.6017155647278,958.9401245117188,477.9793918132782,59.0,32.0,1,1,0,0
1783874011858206100,2026-07-13 00:33:31.858206,0.9071207642555237,-2.036745548248291,876.6390800476074,379.50220704078674,958.9401245117188,467.34005212783813,64.5,35.5,1,1,0,0
1783874011891974400,2026-07-13 00:33:31.891974,0.5954487919807434,-1.455704927444458,751.7148494720459,323.02147150039673,887.6738548278809,458.2277536392212,67.0,29.5,1,1,0,0
1783874011928612900,2026-07-13 00:33:31.928613,0.2912794053554535,-1.73406982421875,692.0525074005127,348.3324646949768,887.6738548278809,393.6017155647278,66.0,28.5,1,1,0,0
1783874011959948900,2026-07-13 00:33:31.959949,1.2593598365783691,-2.1037583351135254,985.85205078125,358.7110638618469,958.9401245117188,379.50220704078674,64.5,28.0,1,1,0,0
1783874011991428000,2026-07-13 00:33:31.991428,0.7089159488677979,-1.9639830589294434,876.0518074035645,404.7966003417969,887.6738548278809,404.7966003417969,67.5,31.0,1,1,0,0
1783874012030130600,2026-07-13 00:33:32.030131,0.7443922162055969,-2.825441837310791,900.0946998596191,454.0323317050934,887.6738548278809,393.6017155647278,61.5,35.0,1,1,0,0
1783874012063640900,2026-07-13 00:33:32.063641,0.6304170489311218,-5.827959060668945,841.1822319030762,919.2571640014648,887.6738548278809,404.7966003417969,46.5,26.5,1,1,0,0
1783874012097389700,2026-07-13 00:33:32.097390,0.15888731181621552,-4.948915004730225,600.6255149841309,951.6474008560181,887.6738548278809,404.7966003417969,43.5,10.0,1,1,0,0
1783874012132932800,2026-07-13 00:33:32.132933,0.14337007701396942,-5.646595478057861,617.4112319946289,1046.445608139038,887.6738548278809,454.0323317050934,30.5,16.5,1,1,0,0
1783874012162634400,2026-07-13 00:33:32.162635,0.03820459917187691,-5.887659549713135,695.5658912658691,1068.6246156692505,841.1822319030762,919.2571640014648,37.0,13.5,1,1,0,0
1783874012191408700,2026-07-13 00:33:32.191409,0.13147760927677155,-6.101783275604248,710.4449272155762,1095.8610773086548,710.4449272155762,951.6474008560181,40.0,9.0,1,1,0,0
1783874012237041100,2026-07-13 00:33:32.237041,-0.040690016001462936,-5.9290995597839355,534.3649387359619,1037.1999740600586,710.4449272155762,1037.1999740600586,42.0,5.0,1,1,0,0
1783874012266471900,2026-07-13 00:33:32.266472,0.03350745514035225,-6.361537456512451,577.0535945892334,1078.2767534255981,710.4449272155762,1037.1999740600586,30.5,9.0,1,1,0,0
1783874012296067600,2026-07-13 00:33:32.296067,0.03670750930905342,-6.758269786834717,566.2024974822998,1161.559820175171,710.4449272155762,1037.1999740600586,31.5,6.5,1,1,0,0
1783874012324722100,2026-07-13 00:33:32.324722,0.3802335560321808,-7.073423385620117,577.7886867523193,1171.8469858169556,577.7886867523193,1037.1999740600586,31.0,12.0,1,1,0,0
1783874012354559200,2026-07-13 00:33:32.354559,0.2743259370326996,-6.411645889282227,567.5331592559814,1119.6033954620361,577.7886867523193,1078.2767534255981,28.0,8.5,1,1,0,0
1783874012389708500,2026-07-13 00:33:32.389709,0.3540710210800171,-6.789297103881836,586.4296436309814,1182.3056936264038,586.4296436309814,1119.6033954620361,38.0,5.0,1,1,0,0
1783874012417343300,2026-07-13 00:33:32.417343,0.17186973989009857,-7.369839191436768,529.99587059021,1258.664846420288,577.7886867523193,1119.6033954620361,26.5,18.0,1,1,0,0
1783874012446374200,2026-07-13 00:33:32.446374,0.11471913754940033,-6.490503787994385,460.53051948547363,1188.9623403549194,577.7886867523193,1119.6033954620361,30.5,12.5,1,1,0,0
1783874012474216300,2026-07-13 00:33:32.474216,0.11729629337787628,-5.772381782531738,513.3107662200928,1068.8905715942383,577.7886867523193,1119.6033954620361,31.0,15.5,1,1,0,0
1783874012503123400,2026-07-13 00:33:32.503124,0.11469541490077972,-5.999878406524658,533.3503723144531,1094.5972204208374,533.3503723144531,1119.6033954620361,30.0,6.5,1,1,0,0
1783874012538494500,2026-07-13 00:33:32.538494,0.1494646519422531,-5.9504714012146,617.7943706512451,1089.517593383789,577.7886867523193,1119.6033954620361,32.5,9.0,1,1,0,0
1783874012569005400,2026-07-13 00:33:32.569005,0.23979757726192474,-6.267577648162842,625.0001430511475,1126.4077425003052,577.7886867523193,1119.6033954620361,35.5,17.5,1,1,0,0
1783874012608250400,2026-07-13 00:33:32.608250,0.4725489616394043,-6.044356822967529,672.7517604827881,1103.9667129516602,577.7886867523193,1119.6033954620361,29.5,10.0,1,1,0,0
1783874012637082400,2026-07-13 00:33:32.637082,0.21903936564922333,-5.363630294799805,613.6054515838623,1062.0895624160767,613.6054515838623,1119.6033954620361,38.5,8.5,1,1,0,0
1783874012677585600,2026-07-13 00:33:32.677586,0.49346497654914856,-5.92904806137085,635.8206748962402,1088.958978652954,613.6054515838623,1119.6033954620361,38.5,3.0,1,1,0,0
1783874012708613900,2026-07-13 00:33:32.708614,0.40401965379714966,-5.741705417633057,638.807487487793,1095.4724550247192,613.6054515838623,1103.9667129516602,39.0,3.5,1,1,0,0
1783874012739976100,2026-07-13 00:33:32.739976,0.5250204801559448,-5.63099479675293,787.4274730682373,1060.7306957244873,613.6054515838623,1095.4724550247192,37.0,13.0,1,1,0,0
1783874012787044600,2026-07-13 00:33:32.787045,1.5277159214019775,-5.675713062286377,1059.9141120910645,959.2154622077942,635.8206748962402,1095.4724550247192,30.5,9.0,1,1,0,0
1783874012828433200,2026-07-13 00:33:32.828433,1.5652827024459839,-6.050591945648193,1092.473316192627,1004.7540664672852,638.807487487793,1095.4724550247192,39.5,11.5,1,1,0,0
1783874012858676100,2026-07-13 00:33:32.858676,1.6884948015213013,-6.313286781311035,1067.888355255127,1014.8546695709229,787.4274730682373,1060.7306957244873,39.5,23.0,1,1,0,0
1783874012888014200,2026-07-13 00:33:32.888014,1.4739502668380737,-6.700106143951416,969.0385818481445,1051.5635013580322,969.0385818481445,1051.5635013580322,48.0,18.0,1,1,0,0
1783874012923887300,2026-07-13 00:33:32.923887,1.2944602966308594,-5.7121968269348145,1018.7827110290527,978.401780128479,969.0385818481445,1051.5635013580322,50.0,20.0,1,1,0,0
1783874012951939900,2026-07-13 00:33:32.951940,1.7187813520431519,-6.803233623504639,969.6823120117188,1026.4707803726196,969.0385818481445,1051.5635013580322,49.0,13.0,1,1,0,0
1783874012983018900,2026-07-13 00:33:32.983019,1.5357234477996826,-6.3857316970825195,1018.5235977172852,1036.7275476455688,969.0385818481445,1051.5635013580322,53.0,13.5,1,1,0,0
1783874013021270200,2026-07-13 00:33:33.021270,1.7182191610336304,-6.874865531921387,1051.0369300842285,1094.4085121154785,969.6823120117188,1051.5635013580322,52.5,16.0,1,1,0,0
1783874013051814300,2026-07-13 00:33:33.051814,2.1404731273651123,-6.441572666168213,1260.5961799621582,1055.407166481018,969.6823120117188,1051.5635013580322,48.5,18.0,1,1,0,0
1783874013089795600,2026-07-13 00:33:33.089796,1.4722568988800049,-6.209201335906982,1092.32177734375,1074.3411779403687,1018.5235977172852,1051.5635013580322,51.0,13.0,1,1,0,0
1783874013118170600,2026-07-13 00:33:33.118171,2.058227300643921,-6.560282230377197,1217.0516967773438,1062.536358833313,1051.0369300842285,1055.407166481018,44.5,6.0,1,1,0,0
1783874013152987600,2026-07-13 00:33:33.152988,2.1328341960906982,-6.645564556121826,1244.8596954345703,1074.0556716918945,1092.32177734375,1055.407166481018,49.5,8.0,1,1,0,0
1783874013189985700,2026-07-13 00:33:33.189986,2.0567574501037598,-7.308387279510498,1156.9604873657227,1138.1795406341553,1092.32177734375,1062.536358833313,40.5,18.5,1,1,0,0
1783874013220209200,2026-07-13 00:33:33.220209,2.5050718784332275,-6.7955780029296875,1435.7611656188965,1142.960548400879,1156.9604873657227,1062.536358833313,45.5,30.5,1,1,0,0
1783874013259135300,2026-07-13 00:33:33.259135,1.9767661094665527,-7.331783294677734,1135.4604721069336,1121.6720342636108,1135.4604721069336,1074.0556716918945,45.0,29.0,1,1,0,0
1783874013288772000,2026-07-13 00:33:33.288772,2.4397854804992676,-6.817433834075928,1447.3796844482422,1124.0403652191162,1156.9604873657227,1121.6720342636108,47.5,18.0,1,1,0,0
1783874013330687500,2026-07-13 00:33:33.330688,2.4518840312957764,-7.672450542449951,1640.4733657836914,1236.0706329345703,1156.9604873657227,1121.6720342636108,53.0,27.0,1,1,0,0
1783874013360046000,2026-07-13 00:33:33.360046,2.4768946170806885,-7.184791088104248,1608.1110000610352,1179.937481880188,1156.9604873657227,1121.6720342636108,56.0,27.0,1,1,0,0
1783874013393672000,2026-07-13 00:33:33.393672,2.3592231273651123,-7.764821529388428,1373.253059387207,1270.3285217285156,1373.253059387207,1124.0403652191162,52.0,31.0,1,1,0,0
1783874013429404700,2026-07-13 00:33:33.429405,2.2114059925079346,-8.045022010803223,1751.2191772460938,1362.8216981887817,1373.253059387207,1179.937481880188,56.0,30.0,1,1,0,0
1783874013460473700,2026-07-13 00:33:33.460474,2.1841447353363037,-7.9850544929504395,1699.3154525756836,1357.0715188980103,1373.253059387207,1179.937481880188,55.0,30.0,1,1,0,0
1783874013498310400,2026-07-13 00:33:33.498310,2.366727590560913,-7.757829189300537,1565.321922302246,1285.4323387145996,1373.253059387207,1270.3285217285156,54.5,30.0,1,1,0,0
1783874013527509500,2026-07-13 00:33:33.527509,2.499493360519409,-7.4658942222595215,1493.1894302368164,1180.9800863265991,1493.1894302368164,1180.9800863265991,56.0,29.5,1,1,0,0
1783874013561581400,2026-07-13 00:33:33.561581,2.310216188430786,-7.991568565368652,1568.2826042175293,1333.8199853897095,1493.1894302368164,1270.3285217285156,54.5,19.0,1,1,0,0
1783874013600118600,2026-07-13 00:33:33.600119,2.0046703815460205,-8.450876235961914,1304.6072959899902,1397.870659828186,1373.253059387207,1270.3285217285156,55.0,22.0,1,1,0,0
1783874013629940200,2026-07-13 00:33:33.629940,1.9850573539733887,-8.528059959411621,1789.1288757324219,1385.8991861343384,1493.1894302368164,1270.3285217285156,51.5,30.0,1,1,0,0
1783874013670880300,2026-07-13 00:33:33.670880,2.2417047023773193,-7.892503261566162,1667.9885864257812,1256.9078207015991,1493.1894302368164,1270.3285217285156,54.5,30.0,1,1,0,0
1783874013699867800,2026-07-13 00:33:33.699868,2.1862165927886963,-8.691755294799805,1758.9282989501953,1345.5703258514404,1493.1894302368164,1270.3285217285156,63.5,35.5,1,1,0,0
1783874013729713500,2026-07-13 00:33:33.729713,2.1366539001464844,-8.588269233703613,1590.1579856872559,1372.838854789734,1590.1579856872559,1270.3285217285156,63.0,26.0,1,1,0,0
1783874013764787200,2026-07-13 00:33:33.764787,2.233754873275757,-9.1771879196167,1645.4544067382812,1458.840012550354,1590.1579856872559,1270.3285217285156,58.0,18.0,1,1,0,0
1783874013792702400,2026-07-13 00:33:33.792702,2.035602569580078,-10.125308990478516,1773.22998046875,1467.9104089736938,1590.1579856872559,1345.5703258514404,55.0,28.5,1,1,0,0
1783874013820791100,2026-07-13 00:33:33.820791,2.1179516315460205,-9.519277572631836,1821.8198776245117,1440.9981966018677,1590.1579856872559,1372.838854789734,48.5,28.0,1,1,0,0
1783874013858172700,2026-07-13 00:33:33.858173,2.1867668628692627,-9.271377563476562,1735.146141052246,1420.3861951828003,1645.4544067382812,1420.3861951828003,52.5,33.0,1,1,0,0
1783874013888952900,2026-07-13 00:33:33.888953,2.178990125656128,-9.628477096557617,1743.2353973388672,1440.301537513733,1735.146141052246,1420.3861951828003,55.0,24.5,1,1,0,0
1783874013917028000,2026-07-13 00:33:33.917028,2.178990125656128,-9.628477096557617,1743.2353973388672,1440.301537513733,1735.146141052246,1420.3861951828003,53.5,33.0,1,1,0,0
1783874013944796900,2026-07-13 00:33:33.944797,2.041496753692627,-9.255406379699707,1970.2411651611328,1510.2518796920776,1735.146141052246,1420.3861951828003,60.5,33.0,1,1,0,0
1783874013973289000,2026-07-13 00:33:33.973289,2.1194136142730713,-8.069181442260742,1780.6663513183594,1233.9776754379272,1743.2353973388672,1420.3861951828003,58.5,28.0,1,1,0,0
1783874013999881000,2026-07-13 00:33:33.999881,2.1194136142730713,-8.069181442260742,1780.6663513183594,1233.9776754379272,1743.2353973388672,1420.3861951828003,58.5,23.0,1,1,0,0
1783874014034543200,2026-07-13 00:33:34.034543,2.023618221282959,-8.494505882263184,1103.3836364746094,1397.0621824264526,1735.146141052246,1420.3861951828003,54.5,5.0,1,1,0,0
1783874014068585500,2026-07-13 00:33:34.068585,1.9765372276306152,-8.69779109954834,961.5280151367188,1387.9104852676392,1743.2353973388672,1397.0621824264526,51.5,17.0,1,1,0,0
1783874014104445800,2026-07-13 00:33:34.104446,1.8207813501358032,-7.86604642868042,999.0377426147461,1292.8563356399536,1735.146141052246,1397.0621824264526,49.0,8.0,1,1,0,0
1783874014150309800,2026-07-13 00:33:34.150310,1.2335578203201294,-8.111329078674316,790.265941619873,1362.853765487671,1103.3836364746094,1397.0621824264526,45.0,11.0,1,1,0,0
1783874014178898800,2026-07-13 00:33:34.178899,1.804532527923584,-7.677732467651367,984.5235824584961,1233.4797382354736,999.0377426147461,1387.9104852676392,48.5,21.0,1,1,0,0
1783874014205823900,2026-07-13 00:33:34.205824,1.2048124074935913,-7.79356575012207,793.1872367858887,1309.0494871139526,999.0377426147461,1362.853765487671,52.5,9.5,1,1,0,0
1783874014241786600,2026-07-13 00:33:34.241787,2.0295279026031494,-8.785555839538574,902.0980834960938,1322.4211931228638,984.5235824584961,1362.853765487671,52.0,13.5,1,1,0,0
1783874014274565000,2026-07-13 00:33:34.274565,1.4103024005889893,-8.320097923278809,675.7684707641602,1309.7950220108032,984.5235824584961,1322.4211931228638,44.0,5.5,1,1,0,0
1783874014305657100,2026-07-13 00:33:34.305657,1.63718843460083,-8.665213584899902,723.125696182251,1317.5945281982422,902.0980834960938,1322.4211931228638,34.5,12.5,1,1,0,0
1783874014338858600,2026-07-13 00:33:34.338859,1.172684907913208,-8.565781593322754,508.64572525024414,1282.5255393981934,902.0980834960938,1322.4211931228638,40.5,14.0,1,1,0,0
1783874014374489500,2026-07-13 00:33:34.374490,0.8645010590553284,-6.908388614654541,736.8157863616943,1157.4069261550903,736.8157863616943,1317.5945281982422,33.5,8.5,1,1,0,0
1783874014407039800,2026-07-13 00:33:34.407040,1.0764858722686768,-5.9026780128479,916.609001159668,1002.2040605545044,902.0980834960938,1317.5945281982422,31.5,11.0,1,1,0,0
1783874014445963100,2026-07-13 00:33:34.445963,0.5006554126739502,-6.104222774505615,761.5711212158203,1157.0011377334595,761.5711212158203,1282.5255393981934,35.5,1.0,1,1,0,0
1783874014487648700,2026-07-13 00:33:34.487649,1.0987547636032104,-6.396900653839111,911.8769645690918,1132.0650577545166,761.5711212158203,1157.4069261550903,43.5,10.0,1,1,0,0
1783874014517004500,2026-07-13 00:33:34.517004,1.9168179035186768,-6.140751361846924,1253.825283050537,1072.5754499435425,902.0980834960938,1157.0011377334595,46.5,26.5,1,1,0,0
1783874014549790200,2026-07-13 00:33:34.549790,1.918880581855774,-5.30764627456665,1227.8050422668457,893.9068913459778,902.0980834960938,1157.0011377334595,47.5,22.5,1,1,0,0
1783874014583852600,2026-07-13 00:33:34.583853,1.9602702856063843,-5.152069568634033,1190.6919479370117,815.0087594985962,911.8769645690918,1132.0650577545166,51.0,22.0,1,1,0,0
1783874014613073800,2026-07-13 00:33:34.613074,2.0434865951538086,-4.679442882537842,1257.2966575622559,774.5108604431152,1190.6919479370117,1072.5754499435425,54.5,21.5,1,1,0,0
1783874014642977200,2026-07-13 00:33:34.642977,1.990169644355774,-5.333021640777588,1211.5102767944336,816.4324164390564,1190.6919479370117,893.9068913459778,54.5,23.0,1,1,0,0
1783874014684412100,2026-07-13 00:33:34.684412,2.0620391368865967,-5.1902899742126465,1212.9474639892578,761.8067860603333,1190.6919479370117,816.4324164390564,51.5,22.0,1,1,0,0
1783874014724637900,2026-07-13 00:33:34.724638,1.9390183687210083,-5.264328479766846,1254.0788650512695,861.295223236084,1211.5102767944336,861.295223236084,50.0,24.0,1,1,0,0
1783874014755052400,2026-07-13 00:33:34.755052,1.2693895101547241,-3.9403743743896484,1110.015869140625,794.0210700035095,1190.6919479370117,816.4324164390564,51.5,23.5,1,1,0,0
1783874014781887700,2026-07-13 00:33:34.781888,2.01133131980896,-5.376194953918457,1176.3714790344238,780.7749509811401,1190.6919479370117,816.4324164390564,53.5,27.5,1,1,0,0
1783874014812806800,2026-07-13 00:33:34.812807,1.8187328577041626,-4.502617359161377,1153.9379119873047,742.5838708877563,1190.6919479370117,816.4324164390564,51.5,18.5,1,1,0,0
1783874014852621200,2026-07-13 00:33:34.852621,1.72145414352417,-4.568183898925781,1138.8731956481934,764.9204730987549,1176.3714790344238,794.0210700035095,54.0,18.5,1,1,0,0
1783874014880588500,2026-07-13 00:33:34.880589,1.4482734203338623,-4.220506191253662,1106.1911582946777,782.0855975151062,1176.3714790344238,782.0855975151062,56.5,30.0,1,1,0,0
1783874014915314400,2026-07-13 00:33:34.915314,1.3130297660827637,-4.239111423492432,1088.609790802002,776.9641876220703,1153.9379119873047,782.0855975151062,54.0,30.0,1,1,0,0
1783874014953844400,2026-07-13 00:33:34.953845,1.74944269657135,-5.112955093383789,1093.9143180847168,756.4389109611511,1138.8731956481934,782.0855975151062,57.0,33.5,1,1,0,0
1783874014990049900,2026-07-13 00:33:34.990050,1.073448896408081,-4.397010803222656,1005.7962417602539,745.3564405441284,1106.1911582946777,782.0855975151062,53.0,25.5,1,1,0,0
1783874015019917600,2026-07-13 00:33:35.019917,2.0623912811279297,-4.9954657554626465,1140.901756286621,670.3980565071106,1140.901756286621,776.9641876220703,53.5,29.0,1,1,0,0
1783874015051866400,2026-07-13 00:33:35.051866,1.9649808406829834,-5.790262699127197,1056.6343307495117,785.1572036743164,1106.1911582946777,782.0855975151062,52.0,28.5,1,1,0,0
1783874015088190400,2026-07-13 00:33:35.088191,0.8983437418937683,-4.2815117835998535,941.7712211608887,714.475154876709,1106.1911582946777,776.9641876220703,51.0,29.5,1,1,0,0
1783874015121020800,2026-07-13 00:33:35.121021,1.2340878248214722,-4.482292175292969,1054.2475700378418,770.707368850708,1106.1911582946777,776.9641876220703,51.0,23.5,1,1,0,0
1783874015156530400,2026-07-13 00:33:35.156530,0.8248736262321472,-4.404114246368408,949.5532035827637,754.1460394859314,1056.6343307495117,776.9641876220703,54.0,31.0,1,1,0,0
1783874015187073400,2026-07-13 00:33:35.187073,0.7166276574134827,-3.8622958660125732,892.0488357543945,690.0553703308105,1054.2475700378418,770.707368850708,57.5,24.5,1,1,0,0
1783874015223324800,2026-07-13 00:33:35.223325,1.4544492959976196,-4.427933692932129,1060.4846000671387,698.9147663116455,1060.4846000671387,770.707368850708,51.0,33.0,1,1,0,0
1783874015255749100,2026-07-13 00:33:35.255749,1.018890380859375,-4.198307991027832,949.824333190918,682.7883720397949,1054.2475700378418,754.1460394859314,54.0,31.0,1,1,0,0
1783874015291887900,2026-07-13 00:33:35.291888,1.5296531915664673,-4.173759460449219,1088.674259185791,685.5214834213257,1054.2475700378418,698.9147663116455,56.0,26.0,1,1,0,0
1783874015326008400,2026-07-13 00:33:35.326008,1.2356315851211548,-3.4707584381103516,1060.4216575622559,682.5909614562988,1060.4216575622559,698.9147663116455,53.5,30.5,1,1,0,0
1783874015364012800,2026-07-13 00:33:35.364013,1.0808340311050415,-3.500028133392334,1046.040153503418,705.1563858985901,1054.2475700378418,705.1563858985901,62.5,33.5,1,1,0,0
1783874015391953600,2026-07-13 00:33:35.391954,1.2843393087387085,-3.2264509201049805,1059.9411964416504,582.1658968925476,1059.9411964416504,698.9147663116455,56.0,31.0,1,1,0,0
1783874015425391700,2026-07-13 00:33:35.425392,0.6297615766525269,-3.307711362838745,898.5316276550293,645.453691482544,1059.9411964416504,698.9147663116455,62.0,34.0,1,1,0,0
1783874015464716200,2026-07-13 00:33:35.464716,1.4610016345977783,-2.8294975757598877,1117.197036743164,598.4724760055542,1059.9411964416504,698.9147663116455,62.5,33.0,1,1,0,0
1783874015492882100,2026-07-13 00:33:35.492882,1.3241233825683594,-3.798987865447998,1078.571891784668,668.5683131217957,1059.9411964416504,668.5683131217957,64.0,41.0,1,1,0,0
1783874015535727500,2026-07-13 00:33:35.535728,1.5659998655319214,-2.9564218521118164,1131.2244415283203,595.9753394126892,1059.9411964416504,668.5683131217957,60.0,33.0,1,1,0,0
1783874015562798100,2026-07-13 00:33:35.562798,1.3069323301315308,-2.7859785556793213,1079.807472229004,586.0589742660522,1078.571891784668,668.5683131217957,62.5,32.0,1,1,0,0
1783874015594708000,2026-07-13 00:33:35.594708,1.688437581062317,-3.310425281524658,1141.7101860046387,612.9375100135803,1078.571891784668,668.5683131217957,60.0,37.0,1,1,0,0
1783874015628368700,2026-07-13 00:33:35.628369,1.4240041971206665,-2.8499813079833984,1100.44527053833,558.0276846885681,1079.807472229004,612.9375100135803,56.0,33.0,1,1,0,0
1783874015665342500,2026-07-13 00:33:35.665343,1.3522911071777344,-3.1882033348083496,1099.8462677001953,627.50244140625,1079.807472229004,627.50244140625,60.5,31.5,1,1,0,0
1783874015694565500,2026-07-13 00:33:35.694565,1.4803720712661743,-2.587517738342285,1108.8205337524414,573.210597038269,1099.8462677001953,612.9375100135803,62.5,32.0,1,1,0,0
1783874015733489800,2026-07-13 00:33:35.733490,1.5244736671447754,-3.575221061706543,1122.6174354553223,627.8787851333618,1099.8462677001953,612.9375100135803,57.5,33.5,1,1,0,0
1783874015763556200,2026-07-13 00:33:35.763556,1.5201259851455688,-3.599395751953125,1117.973804473877,632.2149038314819,1099.8462677001953,627.50244140625,57.0,41.5,1,1,0,0
1783874015795676300,2026-07-13 00:33:35.795676,1.2548524141311646,-3.5013175010681152,1059.756088256836,631.4036846160889,1099.8462677001953,627.50244140625,61.0,38.0,1,1,0,0
1783874015831082200,2026-07-13 00:33:35.831082,1.0552345514297485,-3.2957675457000732,983.6854934692383,595.6742167472839,1099.8462677001953,612.9375100135803,56.0,41.5,1,1,0,0
1783874015864843900,2026-07-13 00:33:35.864844,1.6200751066207886,-3.4789576530456543,1128.0214309692383,619.2305088043213,1099.8462677001953,627.50244140625,57.0,43.5,1,1,0,0
1783874015900837500,2026-07-13 00:33:35.900837,1.3218449354171753,-3.170929431915283,1077.508544921875,614.0729784965515,1099.8462677001953,619.2305088043213,59.5,41.0,1,1,0,0
1783874015932607900,2026-07-13 00:33:35.932608,2.129218101501465,-3.330742835998535,1200.6644248962402,541.4453744888306,1099.8462677001953,612.9375100135803,54.0,34.0,1,1,0,0
1783874015959832200,2026-07-13 00:33:35.959832,1.6221493482589722,-3.0246169567108154,1120.959758758545,540.069043636322,1099.8462677001953,614.0729784965515,56.5,42.5,1,1,0,0
1783874015988830300,2026-07-13 00:33:35.988830,1.895090937614441,-3.495683193206787,1165.2393341064453,568.1267380714417,1099.8462677001953,612.9375100135803,56.5,39.5,1,1,0,0
1783874016016139500,2026-07-13 00:33:36.016140,1.7391166687011719,-3.1389997005462646,1143.6556816101074,536.8249416351318,1120.959758758545,568.1267380714417,54.0,42.5,1,1,0,0
1783874016043637900,2026-07-13 00:33:36.043638,2.2811577320098877,-2.4060139656066895,1204.443359375,461.3274037837982,1120.959758758545,568.1267380714417,58.5,46.0,1,1,0,0
1783874016070803000,2026-07-13 00:33:36.070803,2.4521188735961914,-2.9274039268493652,1281.0105323791504,560.312032699585,1143.6556816101074,568.1267380714417,64.0,30.0,1,1,0,0
1783874016107714700,2026-07-13 00:33:36.107715,1.1440519094467163,-3.0422911643981934,1033.9776992797852,591.0239219665527,1120.959758758545,568.1267380714417,66.5,23.0,1,1,0,0
1783874016136796100,2026-07-13 00:33:36.136796,2.104379653930664,-2.885883331298828,1205.7263374328613,519.4627642631531,1143.6556816101074,568.1267380714417,56.0,34.0,1,1,0,0
1783874016169442400,2026-07-13 00:33:36.169442,2.078392267227173,-3.7512047290802,1203.535556793213,599.1829633712769,1143.6556816101074,568.1267380714417,60.0,37.5,1,1,0,0
1783874016202881800,2026-07-13 00:33:36.202882,2.0818231105804443,-3.319669723510742,1186.5797996520996,566.1458373069763,1143.6556816101074,568.1267380714417,57.0,38.0,1,1,0,0
1783874016240197700,2026-07-13 00:33:36.240198,1.3917239904403687,-2.15038800239563,1056.2725067138672,532.5503945350647,1143.6556816101074,568.1267380714417,56.0,35.0,1,1,0,0
1783874016270734700,2026-07-13 00:33:36.270735,1.086565375328064,-3.0411956310272217,1032.1332931518555,633.4731578826904,1143.6556816101074,568.1267380714417,63.5,39.5,1,1,0,0
1783874016310924900,2026-07-13 00:33:36.310925,1.9665381908416748,-3.008270263671875,1179.432201385498,544.1793203353882,1143.6556816101074,568.1267380714417,57.0,33.5,1,1,0,0
1783874016341169700,2026-07-13 00:33:36.341170,1.5076295137405396,-2.5063836574554443,1096.4425086975098,561.6567134857178,1143.6556816101074,568.1267380714417,61.5,33.0,1,1,0,0
1783874016375197700,2026-07-13 00:33:36.375198,2.320403814315796,-3.082911968231201,1252.003002166748,615.49973487854,1143.6556816101074,568.1267380714417,60.0,35.0,1,1,0,0
1783874016410886800,2026-07-13 00:33:36.410887,1.564186453819275,-3.4036834239959717,1121.4191436767578,622.2240924835205,1143.6556816101074,568.1267380714417,55.5,41.5,1,1,0,0
1783874016440986200,2026-07-13 00:33:36.440986,2.216705083847046,-3.4611411094665527,1243.049144744873,598.701536655426,1143.6556816101074,568.1267380714417,53.5,33.0,1,1,0,0
1783874016480781300,2026-07-13 00:33:36.480781,1.7118923664093018,-3.2507410049438477,1142.624282836914,612.9024624824524,1143.6556816101074,598.701536655426,58.0,41.5,1,1,0,0
1783874016510881700,2026-07-13 00:33:36.510882,1.3550251722335815,-3.7621912956237793,1083.2488059997559,676.5955090522766,1143.6556816101074,598.701536655426,56.0,33.0,1,1,0,0
1783874016541129000,2026-07-13 00:33:36.541129,2.5232114791870117,-3.1556789875030518,1294.4129943847656,625.0895857810974,1143.6556816101074,598.701536655426,57.0,30.0,1,1,0,0
1783874016581483300,2026-07-13 00:33:36.581483,2.081223249435425,-3.7000234127044678,1218.470287322998,598.0785489082336,1143.6556816101074,598.701536655426,57.0,37.0,1,1,0,0
1783874016611033400,2026-07-13 00:33:36.611033,2.0878193378448486,-5.869934558868408,1132.0982933044434,799.892008304596,1143.6556816101074,598.701536655426,58.5,29.5,1,1,0,0
1783874016650734900,2026-07-13 00:33:36.650735,1.770677089691162,-6.503856182098389,1155.1520347595215,1105.2262783050537,1143.6556816101074,598.701536655426,56.5,20.5,1,1,0,0
1783874016678320400,2026-07-13 00:33:36.678320,1.8482751846313477,-7.566512584686279,1108.2880020141602,1284.2830419540405,1143.6556816101074,598.701536655426,60.0,8.5,1,1,0,0
1783874016713633200,2026-07-13 00:33:36.713633,2.0735623836517334,-7.616940498352051,1234.3481063842773,1264.3613815307617,1143.6556816101074,799.892008304596,53.0,14.0,1,1,0,0
1783874016749749500,2026-07-13 00:33:36.749749,1.7153236865997314,-6.431097507476807,1106.6548347473145,1070.993423461914,1143.6556816101074,1070.993423461914,53.0,14.0,1,1,0,0
1783874016779619700,2026-07-13 00:33:36.779620,1.9405332803726196,-7.3181257247924805,1097.1335411071777,1180.1761388778687,1143.6556816101074,1070.993423461914,40.0,24.5,1,1,0,0
1783874016820945400,2026-07-13 00:33:36.820946,1.9643666744232178,-6.842588901519775,1119.4321632385254,1152.2364616394043,1143.6556816101074,1070.993423461914,40.0,21.0,1,1,0,0
1783874016849654500,2026-07-13 00:33:36.849654,1.2810837030410767,-6.822589874267578,881.7638397216797,1158.7408781051636,1119.4321632385254,1070.993423461914,40.5,14.5,1,1,0,0
1783874016881855900,2026-07-13 00:33:36.881856,2.2791216373443604,-7.023138523101807,1296.1508750915527,1169.9572801589966,1143.6556816101074,1152.2364616394043,47.5,13.5,1,1,0,0
1783874016919857000,2026-07-13 00:33:36.919857,1.9437229633331299,-7.435996055603027,1072.3135948181152,1208.795189857483,1119.4321632385254,1152.2364616394043,41.5,15.5,1,1,0,0
1783874016950526700,2026-07-13 00:33:36.950527,1.3732842206954956,-7.0823163986206055,940.4945373535156,1233.544111251831,1119.4321632385254,1158.7408781051636,40.5,12.5,1,1,0,0
1783874016989906400,2026-07-13 00:33:36.989907,1.2755833864212036,-7.020980358123779,889.2765045166016,1215.6493663787842,1119.4321632385254,1169.9572801589966,43.5,11.5,1,1,0,0
1783874017020894500,2026-07-13 00:33:37.020895,1.269364356994629,-6.795962333679199,894.7409629821777,1105.1443815231323,1072.3135948181152,1152.2364616394043,43.0,20.0,1,1,0,0
1783874017053991600,2026-07-13 00:33:37.053992,1.3578566312789917,-6.974666118621826,878.8041114807129,1104.9939393997192,940.4945373535156,1158.7408781051636,41.0,13.0,1,1,0,0
1783874017095606300,2026-07-13 00:33:37.095606,0.9443780183792114,-7.663583278656006,723.2793807983398,1296.960949897766,894.7409629821777,1169.9572801589966,40.5,7.0,1,1,0,0
1783874017123891300,2026-07-13 00:33:37.123891,1.2203724384307861,-6.876976013183594,920.9179878234863,1167.353868484497,920.9179878234863,1158.7408781051636,40.5,19.5,1,1,0,0
1783874017156337000,2026-07-13 00:33:37.156337,1.2386692762374878,-7.341449737548828,768.281888961792,1160.8842611312866,894.7409629821777,1160.8842611312866,37.5,16.0,1,1,0,0
1783874017193054900,2026-07-13 00:33:37.193055,0.6084561944007874,-7.137189865112305,638.0492210388184,1305.855631828308,894.7409629821777,1169.9572801589966,35.5,7.0,1,1,0,0
1783874017228592800,2026-07-13 00:33:37.228593,0.7853412628173828,-7.1684136390686035,744.7784900665283,1341.4514064788818,894.7409629821777,1167.353868484497,36.0,8.5,1,1,0,0
1783874017259869600,2026-07-13 00:33:37.259870,0.2946312129497528,-7.290643692016602,629.4846057891846,1357.4323654174805,768.281888961792,1169.9572801589966,37.5,8.5,1,1,0,0
1783874017298083300,2026-07-13 00:33:37.298083,0.417012482881546,-7.947090148925781,486.56415939331055,1367.5097227096558,744.7784900665283,1305.855631828308,30.5,8.5,1,1,0,0
1783874017327022400,2026-07-13 00:33:37.327022,0.6796977519989014,-7.455244064331055,651.0313034057617,1326.250672340393,744.7784900665283,1326.250672340393,27.5,14.5,1,1,0,0
1783874017367850400,2026-07-13 00:33:37.367851,0.2564491629600525,-7.320164680480957,443.04518699645996,1312.237024307251,651.0313034057617,1312.237024307251,36.5,7.0,1,1,0,0
1783874017396743600,2026-07-13 00:33:37.396744,0.24493257701396942,-7.2156548500061035,516.2950038909912,1291.401743888855,651.0313034057617,1305.855631828308,36.5,8.0,1,1,0,0
1783874017436925900,2026-07-13 00:33:37.436926,1.0164856910705566,-7.1671648025512695,730.9369564056396,1218.550443649292,730.9369564056396,1312.237024307251,29.0,6.5,1,1,0,0
1783874017465373800,2026-07-13 00:33:37.465374,0.9646618962287903,-7.147481441497803,708.7990283966064,1212.004542350769,651.0313034057617,1305.855631828308,29.0,8.0,1,1,0,0
1783874017494322700,2026-07-13 00:33:37.494323,1.214543342590332,-7.226995944976807,812.0235443115234,1215.3348922729492,708.7990283966064,1291.401743888855,35.5,7.0,1,1,0,0
1783874017522849700,2026-07-13 00:33:37.522850,1.2932020425796509,-6.816372394561768,956.2948226928711,1223.15514087677,730.9369564056396,1223.15514087677,36.0,7.5,1,1,0,0
1783874017550019300,2026-07-13 00:33:37.550019,0.9424676299095154,-7.579659461975098,704.8013210296631,1308.2412481307983,704.8013210296631,1305.855631828308,40.5,9.5,1,1,0,0
1783874017585333400,2026-07-13 00:33:37.585334,1.1362332105636597,-7.608872890472412,783.1597805023193,1291.9158935546875,730.9369564056396,1291.401743888855,43.0,14.5,1,1,0,0
1783874017612885400,2026-07-13 00:33:37.612885,1.057681679725647,-7.066096305847168,791.1102294921875,1222.6181030273438,730.9369564056396,1223.15514087677,48.0,15.5,1,1,0,0
1783874017648357900,2026-07-13 00:33:37.648358,1.7111819982528687,-7.292564868927002,1089.3442153930664,1247.791051864624,730.9369564056396,1291.401743888855,50.0,19.5,1,1,0,0
1783874017678536200,2026-07-13 00:33:37.678536,1.2916291952133179,-7.189646244049072,951.099967956543,1303.9239645004272,783.1597805023193,1291.401743888855,47.0,7.0,1,1,0,0
1783874017707150400,2026-07-13 00:33:37.707150,2.0169692039489746,-7.067039489746094,1264.249324798584,1254.111647605896,791.1102294921875,1254.111647605896,46.0,25.0,1,1,0,0
1783874017735638400,2026-07-13 00:33:37.735639,1.752389907836914,-7.230399131774902,1088.950538635254,1242.5605058670044,951.099967956543,1254.111647605896,47.0,14.5,1,1,0,0
1783874017771175000,2026-07-13 00:33:37.771175,1.7657041549682617,-7.501785755157471,1020.9677696228027,1198.2290744781494,951.099967956543,1254.111647605896,44.0,17.5,1,1,0,0
1783874017812425100,2026-07-13 00:33:37.812425,1.2783405780792236,-6.967549800872803,938.4894371032715,1222.601294517517,938.4894371032715,1254.111647605896,44.0,9.5,1,1,0,0
1783874017841825200,2026-07-13 00:33:37.841825,1.9465481042861938,-8.641668319702148,1153.8166046142578,1411.6504192352295,951.099967956543,1254.111647605896,47.0,27.0,1,1,0,0
1783874017871716200,2026-07-13 00:33:37.871716,2.0430963039398193,-8.058370590209961,1270.1659202575684,1417.362093925476,951.099967956543,1254.111647605896,39.0,32.0,1,1,0,0
1783874017902644900,2026-07-13 00:33:37.902645,2.1279118061065674,-7.909921646118164,1173.8496780395508,1321.3673830032349,951.099967956543,1254.111647605896,46.0,23.5,1,1,0,0
1783874017941102900,2026-07-13 00:33:37.941103,2.147261142730713,-7.699548244476318,1292.5929069519043,1267.1340703964233,1153.8166046142578,1267.1340703964233,54.5,18.5,1,1,0,0
1783874017969728900,2026-07-13 00:33:37.969729,2.1290953159332275,-8.053202629089355,1357.0866584777832,1367.6800727844238,1173.8496780395508,1267.1340703964233,51.0,11.5,1,1,0,0
1783874018005859500,2026-07-13 00:33:38.005860,2.107394218444824,-8.028951644897461,1671.5421676635742,1447.0363855361938,1173.8496780395508,1267.1340703964233,47.5,29.5,1,1,0,0
1783874018041777300,2026-07-13 00:33:38.041777,2.342487096786499,-7.518535614013672,1471.2074279785156,1243.21711063385,1292.5929069519043,1267.1340703964233,51.0,17.0,1,1,0,0
1783874018071006000,2026-07-13 00:33:38.071006,2.2716333866119385,-7.579240798950195,1514.3732070922852,1272.52197265625,1357.0866584777832,1267.1340703964233,54.5,23.0,1,1,0,0
1783874018111063000,2026-07-13 00:33:38.111063,2.3037993907928467,-7.868173122406006,1528.3543586730957,1312.4456405639648,1471.2074279785156,1267.1340703964233,60.0,21.0,1,1,0,0
1783874018141855400,2026-07-13 00:33:38.141855,2.059382438659668,-8.596074104309082,1202.2489547729492,1414.5938158035278,1292.5929069519043,1267.1340703964233,54.5,19.5,1,1,0,0
1783874018172968200,2026-07-13 00:33:38.172968,1.9906491041183472,-8.172689437866211,1238.5336875915527,1383.1846714019775,1357.0866584777832,1272.52197265625,59.0,19.5,1,1,0,0
1783874018206910500,2026-07-13 00:33:38.206910,2.0315260887145996,-8.285561561584473,1153.321361541748,1369.9986934661865,1292.5929069519043,1312.4456405639648,56.0,18.0,1,1,0,0
1783874018244748100,2026-07-13 00:33:38.244748,2.3902225494384766,-7.6339216232299805,1215.536117553711,1102.3907661437988,1238.5336875915527,1267.1340703964233,51.5,24.0,1,1,0,0
1783874018275509100,2026-07-13 00:33:38.275509,2.335791826248169,-7.59469747543335,1251.2174606323242,1135.024905204773,1251.2174606323242,1272.52197265625,55.0,25.0,1,1,0,0
1783874018313921500,2026-07-13 00:33:38.313921,2.2468807697296143,-6.772359371185303,1215.8242225646973,1010.3123188018799,1238.5336875915527,1267.1340703964233,57.0,35.0,1,1,0,0
1783874018343621200,2026-07-13 00:33:38.343621,2.0571892261505127,-4.888377666473389,1192.5179481506348,795.127272605896,1238.5336875915527,1135.024905204773,60.0,32.0,1,1,0,0
1783874018375287800,2026-07-13 00:33:38.375288,1.5164445638656616,-4.764379978179932,1031.3806533813477,792.8540110588074,1238.5336875915527,1135.024905204773,60.0,27.0,1,1,0,0
1783874018414808500,2026-07-13 00:33:38.414809,1.6438837051391602,-4.11501407623291,1070.3927040100098,674.9445796012878,1215.8242225646973,1010.3123188018799,66.0,31.0,1,1,0,0
1783874018443954900,2026-07-13 00:33:38.443955,1.773810863494873,-3.3747591972351074,1115.7164573669434,535.8303189277649,1192.5179481506348,795.127272605896,59.5,32.0,1,1,0,0
1783874018479680500,2026-07-13 00:33:38.479681,1.7396129369735718,-3.7779650688171387,1125.3100395202637,635.3812217712402,1125.3100395202637,792.8540110588074,58.5,33.0,1,1,0,0
1783874018513898800,2026-07-13 00:33:38.513899,1.7773739099502563,-4.827962875366211,1075.8147239685059,708.9352011680603,1125.3100395202637,708.9352011680603,59.5,39.5,1,1,0,0
1783874018544707400,2026-07-13 00:33:38.544707,1.4648977518081665,-3.5811944007873535,1064.175796508789,621.8915581703186,1125.3100395202637,708.9352011680603,57.5,33.5,1,1,0,0
1783874018582624800,2026-07-13 00:33:38.582625,1.798506498336792,-4.565826416015625,1137.9758834838867,697.9230642318726,1125.3100395202637,708.9352011680603,60.5,31.0,1,1,0,0
1783874018613023700,2026-07-13 00:33:38.613024,1.2784496545791626,-3.870215892791748,1043.0755615234375,688.5124444961548,1125.3100395202637,708.9352011680603,59.5,32.0,1,1,0,0
1783874018647005900,2026-07-13 00:33:38.647006,1.5000863075256348,-4.079047679901123,1089.2437934875488,632.384181022644,1125.3100395202637,697.9230642318726,61.5,32.5,1,1,0,0
1783874018684326000,2026-07-13 00:33:38.684326,1.4003185033798218,-3.6449549198150635,1080.2102088928223,665.9738421440125,1125.3100395202637,697.9230642318726,60.0,31.5,1,1,0,0
1783874018715262000,2026-07-13 00:33:38.715262,1.4994655847549438,-2.563422679901123,1078.6687850952148,566.3821697235107,1089.2437934875488,688.5124444961548,60.5,30.5,1,1,0,0
1783874018748431600,2026-07-13 00:33:38.748432,1.8543577194213867,-3.052031993865967,1159.669303894043,437.70575523376465,1125.3100395202637,665.9738421440125,55.0,32.0,1,1,0,0
1783874018785758000,2026-07-13 00:33:38.785758,1.1494699716567993,-3.299609661102295,999.3979454040527,547.3390817642212,1089.2437934875488,665.9738421440125,59.0,22.5,1,1,0,0
1783874018816731600,2026-07-13 00:33:38.816732,1.8331735134124756,-3.2687599658966064,1169.2672729492188,596.6312885284424,1089.2437934875488,596.6312885284424,61.5,31.5,1,1,0,0
1783874018850907900,2026-07-13 00:33:38.850908,1.8092198371887207,-3.017224073410034,1150.6731986999512,616.9360876083374,1125.3100395202637,616.9360876083374,63.5,28.5,1,1,0,0
1783874018887612900,2026-07-13 00:33:38.887613,1.766679286956787,-3.197920799255371,1180.3095817565918,636.8816494941711,1125.3100395202637,636.8816494941711,61.5,40.5,1,1,0,0
1783874018918607000,2026-07-13 00:33:38.918607,1.7394804954528809,-3.26920747756958,1195.7094192504883,630.0216317176819,1150.6731986999512,616.9360876083374,62.5,32.0,1,1,0,0
1783874018953884700,2026-07-13 00:33:38.953885,1.97870934009552,-4.333397388458252,1208.9763641357422,677.0368218421936,1150.6731986999512,630.0216317176819,62.5,32.0,1,1,0,0
1783874018990720200,2026-07-13 00:33:38.990720,1.645013451576233,-3.50492000579834,1163.694190979004,672.8516221046448,1163.694190979004,636.8816494941711,63.0,29.0,1,1,0,0
1783874019021178900,2026-07-13 00:33:39.021179,1.1046651601791382,-4.444494724273682,1033.5735321044922,726.6405820846558,1150.6731986999512,636.8816494941711,61.5,36.0,1,1,0,0
1783874019059859200,2026-07-13 00:33:39.059859,1.372723937034607,-4.699733257293701,1061.4027976989746,729.1014790534973,1150.6731986999512,672.8516221046448,59.0,33.5,1,1,0,0
1783874019088666000,2026-07-13 00:33:39.088666,1.5732324123382568,-3.9856181144714355,1113.3919715881348,674.4324564933777,1150.6731986999512,672.8516221046448,57.5,30.0,1,1,0,0
1783874019121120600,2026-07-13 00:33:39.121120,1.6534478664398193,-3.7075605392456055,1140.3926849365234,655.2261114120483,1140.3926849365234,655.2261114120483,62.5,29.0,1,1,0,0
1783874019155264200,2026-07-13 00:33:39.155264,1.6924556493759155,-3.5933008193969727,1125.629997253418,647.7802395820618,1140.3926849365234,672.8516221046448,65.0,32.5,1,1,0,0
1783874019191059200,2026-07-13 00:33:39.191059,1.3405535221099854,-4.714276313781738,1066.9569969177246,744.8110580444336,1140.3926849365234,672.8516221046448,56.5,37.5,1,1,0,0
1783874019220916600,2026-07-13 00:33:39.220917,1.6931778192520142,-5.363043308258057,1113.6874198913574,810.8895421028137,1140.3926849365234,672.8516221046448,62.0,39.5,1,1,0,0
1783874019260853200,2026-07-13 00:33:39.260853,0.9381232857704163,-9.005950927734375,609.9027633666992,1597.7847576141357,1125.629997253418,672.8516221046448,14.0,11.0,1,1,0,0
1783874019290950600,2026-07-13 00:33:39.290951,1.0919145345687866,-8.305108070373535,630.7493686676025,1378.8564205169678,1113.6874198913574,744.8110580444336,7.5,6.5,1,1,0,0
1783874019322738300,2026-07-13 00:33:39.322738,1.1851071119308472,-10.166608810424805,236.04772090911865,1578.1030654907227,1113.6874198913574,810.8895421028137,13.5,3.5,1,1,0,0
1783874019361440700,2026-07-13 00:33:39.361441,1.2757511138916016,-9.815553665161133,234.460186958313,1492.2139644622803,630.7493686676025,1378.8564205169678,4.5,4.0,1,1,0,0
1783874019391879900,2026-07-13 00:33:39.391880,1.324520230293274,-10.32373046875,152.8619408607483,1484.4716787338257,630.7493686676025,1378.8564205169678,13.0,0.0,1,1,0,0
1783874019423179700,2026-07-13 00:33:39.423180,1.2941349744796753,-8.918911933898926,426.46989822387695,1465.0180339813232,426.46989822387695,1465.0180339813232,16.5,1.0,1,1,0,0
1783874019461759700,2026-07-13 00:33:39.461760,1.3030002117156982,-7.9115891456604,654.8804759979248,1355.1340103149414,630.7493686676025,1378.8564205169678,13.5,4.0,1,1,0,0
1783874019492769500,2026-07-13 00:33:39.492769,1.1529713869094849,-7.65358829498291,597.3293304443359,1297.0592975616455,597.3293304443359,1378.8564205169678,19.0,8.5,1,1,0,0
1783874019533365000,2026-07-13 00:33:39.533365,1.3271280527114868,-8.4999361038208,491.6831970214844,1363.5154962539673,491.6831970214844,1378.8564205169678,27.5,5.0,1,1,0,0
1783874019563488600,2026-07-13 00:33:39.563488,1.4057080745697021,-8.847853660583496,486.28854751586914,1413.5210514068604,597.3293304443359,1378.8564205169678,21.5,2.0,1,1,0,0
1783874019601125800,2026-07-13 00:33:39.601126,0.9034540057182312,-6.6447834968566895,659.1754913330078,1208.030343055725,597.3293304443359,1378.8564205169678,27.0,5.0,1,1,0,0
1783874019638245200,2026-07-13 00:33:39.638245,0.7363651394844055,-6.83806848526001,646.9033241271973,1278.4630060195923,597.3293304443359,1378.8564205169678,31.5,5.0,1,1,0,0
1783874019666552600,2026-07-13 00:33:39.666553,0.22661934792995453,-6.047739028930664,569.237232208252,1173.4490394592285,597.3293304443359,1378.8564205169678,34.0,13.5,1,1,0,0
1783874019697754700,2026-07-13 00:33:39.697755,0.24155519902706146,-5.835909366607666,528.4873962402344,1121.580958366394,597.3293304443359,1278.4630060195923,46.5,10.0,1,1,0,0
1783874019734779300,2026-07-13 00:33:39.734779,0.16717545688152313,-5.570873737335205,527.5637626647949,1108.4403991699219,597.3293304443359,1278.4630060195923,46.5,15.0,1,1,0,0
1783874019765762800,2026-07-13 00:33:39.765763,-0.08894284069538116,-4.9883036613464355,378.2740116119385,958.8903784751892,569.237232208252,1173.4490394592285,52.0,27.5,1,1,0,0
1783874019795382700,2026-07-13 00:33:39.795383,-0.042593758553266525,-4.3187360763549805,355.09891510009766,890.671968460083,528.4873962402344,1121.580958366394,54.0,30.5,1,1,0,0
1783874019837590700,2026-07-13 00:33:39.837591,-0.20853619277477264,-3.705899238586426,421.830415725708,743.114173412323,527.5637626647949,1108.4403991699219,52.5,28.5,1,1,0,0
1783874019869038000,2026-07-13 00:33:39.869038,-0.06226281449198723,-4.215352535247803,510.4599952697754,839.4221663475037,510.4599952697754,958.8903784751892,53.5,26.0,1,1,0,0
1783874019895891700,2026-07-13 00:33:39.895892,-0.06226281449198723,-4.215352535247803,510.4599952697754,839.4221663475037,510.4599952697754,890.671968460083,52.0,25.5,1,1,0,0
1783874019940970200,2026-07-13 00:33:39.940970,-0.1862153857946396,-3.4475631713867188,462.4936580657959,662.1782183647156,510.4599952697754,839.4221663475037,50.5,35.0,1,1,0,0
1783874019969724500,2026-07-13 00:33:39.969724,-0.12194213271141052,-3.4050614833831787,544.6866989135742,684.3992471694946,510.4599952697754,839.4221663475037,50.0,28.5,1,1,0,0
1783874019998591500,2026-07-13 00:33:39.998591,-0.401763379573822,-3.321322441101074,458.2906723022461,604.3601632118225,510.4599952697754,839.4221663475037,51.5,38.0,1,1,0,0
1783874020029689000,2026-07-13 00:33:40.029689,-0.31776320934295654,-2.7938880920410156,456.35833740234375,505.2905082702637,510.4599952697754,684.3992471694946,50.5,35.0,1,1,0,0
1783874020058507500,2026-07-13 00:33:40.058507,-0.3669394850730896,-3.288623094558716,437.41602897644043,600.5066633224487,510.4599952697754,684.3992471694946,54.5,40.0,1,1,0,0
1783874020088418400,2026-07-13 00:33:40.088418,-0.355512410402298,-3.151817798614502,407.7272415161133,594.1615700721741,458.2906723022461,604.3601632118225,54.0,32.0,1,1,0,0
1783874020115830000,2026-07-13 00:33:40.115830,-0.21487046778202057,-2.6209075450897217,405.03296852111816,464.35657143592834,456.35833740234375,600.5066633224487,50.5,38.5,1,1,0,0
1783874020144813500,2026-07-13 00:33:40.144814,-0.1557498425245285,-3.1628623008728027,418.7958240509033,469.5717394351959,437.41602897644043,600.5066633224487,64.5,25.5,1,1,0,0
1783874020176916300,2026-07-13 00:33:40.176916,-0.39285317063331604,-3.313476085662842,372.65071868896484,539.7807359695435,418.7958240509033,594.1615700721741,62.0,20.5,1,1,0,0
1783874020213803900,2026-07-13 00:33:40.213804,-0.45269346237182617,-3.3024098873138428,282.7156066894531,559.70299243927,418.7958240509033,559.70299243927,67.0,24.0,1,1,0,0
1783874020245101800,2026-07-13 00:33:40.245102,-0.5388961434364319,-3.1882688999176025,291.9879674911499,563.890278339386,418.7958240509033,563.890278339386,67.5,36.5,1,1,0,0
1783874020274648700,2026-07-13 00:33:40.274649,-0.09921973943710327,-3.122736692428589,421.9996929168701,426.2319803237915,418.7958240509033,559.70299243927,62.5,32.0,1,1,0,0
1783874020307048100,2026-07-13 00:33:40.307048,-0.24927397072315216,-3.1757519245147705,503.6705017089844,519.5975303649902,418.7958240509033,559.70299243927,64.5,26.0,1,1,0,0
1783874020341916400,2026-07-13 00:33:40.341916,-0.41065341234207153,-3.4245777130126953,358.78543853759766,494.718462228775,418.7958240509033,559.70299243927,61.5,24.5,1,1,0,0
1783874020381646300,2026-07-13 00:33:40.381646,-0.4876595735549927,-2.8812007904052734,358.7019205093384,441.6143298149109,418.7958240509033,519.5975303649902,61.5,23.0,1,1,0,0
1783874020410931800,2026-07-13 00:33:40.410932,-0.5284872651100159,-3.053591251373291,249.43182468414307,483.3154082298279,418.7958240509033,519.5975303649902,66.0,20.0,1,1,0,0
1783874020442663800,2026-07-13 00:33:40.442664,-0.5222668051719666,-2.7755651473999023,328.9269208908081,475.03575682640076,358.78543853759766,494.718462228775,63.0,23.0,1,1,0,0
1783874020482916900,2026-07-13 00:33:40.482917,-0.5015690326690674,-2.942718029022217,303.9215564727783,554.7358989715576,358.7019205093384,519.5975303649902,72.5,34.0,1,1,0,0
1783874020511966700,2026-07-13 00:33:40.511967,-0.5191420316696167,-2.2831811904907227,384.2265844345093,518.5344815254211,384.2265844345093,518.5344815254211,73.0,47.0,1,1,0,0
1783874020544034600,2026-07-13 00:33:40.544034,-0.6224461197853088,-2.3251352310180664,390.4195308685303,521.7087268829346,358.78543853759766,518.5344815254211,62.0,51.5,1,1,0,0
1783874020584711900,2026-07-13 00:33:40.584712,-0.5269606709480286,-2.652287006378174,394.77224349975586,516.8997645378113,384.2265844345093,518.5344815254211,69.5,41.5,1,1,0,0
1783874020615014800,2026-07-13 00:33:40.615015,-0.5707406997680664,-3.3091959953308105,355.07750511169434,645.0387239456177,384.2265844345093,518.5344815254211,64.0,38.0,1,1,0,0
1783874020644815700,2026-07-13 00:33:40.644816,-0.6404146552085876,-3.226712226867676,393.91283988952637,569.9228048324585,384.2265844345093,518.5344815254211,61.5,30.0,1,1,0,0
1783874020681293800,2026-07-13 00:33:40.681294,-0.6563595533370972,-3.052429676055908,435.8983039855957,580.8314085006714,384.2265844345093,518.5344815254211,60.0,26.5,1,1,0,0
1783874020712744800,2026-07-13 00:33:40.712745,-0.5296606421470642,-3.552536964416504,469.8814868927002,610.170841217041,384.2265844345093,569.9228048324585,64.5,33.5,1,1,0,0
1783874020743978400,2026-07-13 00:33:40.743979,-0.3684424161911011,-2.6839003562927246,437.1764659881592,521.4676260948181,393.91283988952637,521.4676260948181,63.0,27.0,1,1,0,0
1783874020781491700,2026-07-13 00:33:40.781492,-0.4176967144012451,-2.9338529109954834,392.538857460022,491.0013675689697,392.538857460022,518.5344815254211,55.5,38.5,1,1,0,0
1783874020813560900,2026-07-13 00:33:40.813561,-0.5105007290840149,-2.9165093898773193,423.92306327819824,469.7575867176056,393.91283988952637,521.4676260948181,64.0,45.0,1,1,0,0
1783874020845651200,2026-07-13 00:33:40.845651,-0.3255809545516968,-3.602247953414917,422.8084087371826,517.5120830535889,393.91283988952637,518.5344815254211,67.0,30.5,1,1,0,0
1783874020886804000,2026-07-13 00:33:40.886804,-0.17271555960178375,-3.8647661209106445,319.8373556137085,505.78975677490234,392.538857460022,517.5120830535889,56.0,36.5,1,1,0,0
1783874020915077100,2026-07-13 00:33:40.915077,-0.3588933050632477,-3.7775344848632812,369.8613166809082,546.69588804245,393.91283988952637,521.4676260948181,65.5,26.5,1,1,0,0
1783874020948337400,2026-07-13 00:33:40.948337,-0.4533776640892029,-3.6974165439605713,353.39341163635254,546.8975901603699,392.538857460022,518.5344815254211,66.5,33.5,1,1,0,0
1783874020985868200,2026-07-13 00:33:40.985868,-0.2701599895954132,-4.095953464508057,450.2649784088135,630.8510899543762,392.538857460022,521.4676260948181,65.0,28.0,1,1,0,0
1783874021017393400,2026-07-13 00:33:41.017393,2.1588497161865234,-4.679077625274658,1335.2873802185059,737.8242015838623,393.91283988952637,546.69588804245,59.5,21.5,1,1,0,0
1783874021048826900,2026-07-13 00:33:41.048827,1.9790633916854858,-4.913493633270264,1257.2956085205078,707.3122262954712,393.91283988952637,546.8975901603699,66.5,23.5,1,1,0,0
1783874021086505800,2026-07-13 00:33:41.086506,2.1733930110931396,-5.145017147064209,1321.860694885254,739.0744686126709,450.2649784088135,630.8510899543762,69.0,27.0,1,1,0,0
1783874021118631600,2026-07-13 00:33:41.118632,2.6336777210235596,-5.036283493041992,1456.4075469970703,797.6009845733643,1257.2956085205078,707.3122262954712,70.0,27.5,1,1,0,0
1783874021150013500,2026-07-13 00:33:41.150013,2.257734537124634,-5.943085193634033,1289.5331382751465,812.9478693008423,1257.2956085205078,707.3122262954712,71.0,28.0,1,1,0,0
1783874021191143200,2026-07-13 00:33:41.191143,2.6842198371887207,-5.415609836578369,1414.4826889038086,804.7029972076416,1289.5331382751465,739.0744686126709,54.5,22.0,1,1,0,0
1783874021220992200,2026-07-13 00:33:41.220992,2.5758283138275146,-5.359652042388916,1372.7222442626953,750.3423094749451,1289.5331382751465,750.3423094749451,71.5,39.5,1,1,0,0
1783874021254094900,2026-07-13 00:33:41.254095,2.5522191524505615,-5.101475715637207,1369.1375732421875,685.1977109909058,1289.5331382751465,707.3122262954712,65.5,27.5,1,1,0,0
1783874021291221900,2026-07-13 00:33:41.291222,2.5491201877593994,-4.580106735229492,1350.4944801330566,653.9332866668701,1350.4944801330566,739.0744686126709,67.0,28.5,1,1,0,0
1783874021321937000,2026-07-13 00:33:41.321937,2.646134614944458,-4.480205059051514,1359.7827911376953,630.0216913223267,1350.4944801330566,707.3122262954712,72.0,37.0,1,1,0,0
1783874021353966900,2026-07-13 00:33:41.353967,2.7407233715057373,-5.277309894561768,1471.950912475586,736.5539073944092,1350.4944801330566,707.3122262954712,69.5,28.5,1,1,0,0
1783874021394101800,2026-07-13 00:33:41.394102,2.5161585807800293,-5.875950336456299,1376.5202522277832,854.3263077735901,1350.4944801330566,739.0744686126709,65.5,32.5,1,1,0,0
1783874021422672100,2026-07-13 00:33:41.422672,2.4963362216949463,-5.567176342010498,1386.231517791748,824.8754143714905,1359.7827911376953,736.5539073944092,62.5,26.5,1,1,0,0
1783874021462525700,2026-07-13 00:33:41.462526,2.6527023315429688,-6.1237006187438965,1583.7960243225098,990.6805157661438,1376.5202522277832,739.0744686126709,62.0,23.0,1,1,0,0
1783874021492594500,2026-07-13 00:33:41.492594,2.516516923904419,-6.393215179443359,1523.6998558044434,1053.6367893218994,1376.5202522277832,824.8754143714905,63.0,22.0,1,1,0,0
1783874021522780200,2026-07-13 00:33:41.522780,2.670173406600952,-6.709187030792236,1539.4100189208984,1077.3589611053467,1386.231517791748,824.8754143714905,62.0,21.5,1,1,0,0
1783874021556780800,2026-07-13 00:33:41.556781,2.6786699295043945,-7.47789192199707,1509.5318794250488,1157.2617292404175,1509.5318794250488,990.6805157661438,62.0,19.5,1,1,0,0
1783874021591159300,2026-07-13 00:33:41.591159,2.467885732650757,-6.647819995880127,1421.3824272155762,1044.4828271865845,1421.3824272155762,1044.4828271865845,64.5,35.0,1,1,0,0
1783874021623763400,2026-07-13 00:33:41.623764,2.570781946182251,-7.25550651550293,1456.3566207885742,1165.8507585525513,1456.3566207885742,1044.4828271865845,59.5,27.5,1,1,0,0
1783874021665053200,2026-07-13 00:33:41.665053,2.324716091156006,-6.54514741897583,1288.6578559875488,989.388108253479,1456.3566207885742,990.6805157661438,57.5,17.0,1,1,0,0
1783874021693833600,2026-07-13 00:33:41.693834,1.2652722597122192,-6.378458499908447,962.6752853393555,1044.4023609161377,1421.3824272155762,1044.4828271865845,54.5,9.5,1,1,0,0
1783874021725498700,2026-07-13 00:33:41.725499,1.6344927549362183,-6.707681655883789,995.8793640136719,1038.4914875030518,1421.3824272155762,1044.4023609161377,54.0,7.0,1,1,0,0
1783874021768269400,2026-07-13 00:33:41.768269,1.3190582990646362,-6.684581279754639,947.1524238586426,1039.359211921692,1288.6578559875488,1039.359211921692,55.5,8.5,1,1,0,0
1783874021798815500,2026-07-13 00:33:41.798815,1.1963430643081665,-6.785165309906006,831.0306549072266,1059.8427057266235,995.8793640136719,1044.4828271865845,50.0,9.5,1,1,0,0
1783874021833802800,2026-07-13 00:33:41.833803,1.285723090171814,-5.876835346221924,970.4647064208984,926.7471432685852,995.8793640136719,1039.359211921692,48.0,13.0,1,1,0,0
1783874021861172300,2026-07-13 00:33:41.861172,1.8378937244415283,-5.731644153594971,1027.5955200195312,827.7040123939514,1027.5955200195312,1039.359211921692,43.0,15.5,1,1,0,0
1783874021898578400,2026-07-13 00:33:41.898578,1.3540724515914917,-4.782613277435303,1036.8518829345703,766.4315700531006,995.8793640136719,1039.359211921692,50.5,23.0,1,1,0,0
1783874021927886600,2026-07-13 00:33:41.927886,1.7153493165969849,-5.401047229766846,1126.1098861694336,810.5797171592712,1027.5955200195312,926.7471432685852,55.5,33.5,1,1,0,0
1783874021968294300,2026-07-13 00:33:41.968294,2.301806926727295,-4.4357123374938965,1261.039161682129,696.7623233795166,1027.5955200195312,827.7040123939514,57.0,30.5,1,1,0,0
1783874021999069100,2026-07-13 00:33:41.999069,1.8375376462936401,-4.20966100692749,1156.6269874572754,690.5609965324402,1036.8518829345703,810.5797171592712,59.0,22.0,1,1,0,0
1783874022029921500,2026-07-13 00:33:42.029922,1.6536381244659424,-4.090269088745117,1084.546947479248,618.6254024505615,1084.546947479248,810.5797171592712,59.5,18.0,1,1,0,0
1783874022062750000,2026-07-13 00:33:42.062750,1.752131462097168,-3.4634950160980225,1157.281494140625,576.904833316803,1084.546947479248,696.7623233795166,55.5,17.5,1,1,0,0
1783874022089135900,2026-07-13 00:33:42.089136,1.3823317289352417,-4.025069236755371,1037.5720024108887,636.1842155456543,1037.5720024108887,690.5609965324402,59.5,30.0,1,1,0,0
1783874022122497200,2026-07-13 00:33:42.122497,1.5337046384811401,-3.669691562652588,1087.8207206726074,623.5948204994202,1084.546947479248,636.1842155456543,59.0,30.0,1,1,0,0
1783874022159994900,2026-07-13 00:33:42.159995,1.5868375301361084,-3.803194761276245,1116.1018371582031,680.2736520767212,1084.546947479248,680.2736520767212,61.5,32.0,1,1,0,0
1783874022188354400,2026-07-13 00:33:42.188354,1.617857813835144,-4.059974670410156,1143.7252044677734,677.4420738220215,1084.546947479248,677.4420738220215,61.5,28.0,1,1,0,0
1783874022215663700,2026-07-13 00:33:42.215664,1.5818073749542236,-3.686110496520996,1154.1656494140625,694.3761706352234,1087.8207206726074,677.4420738220215,62.0,33.0,1,1,0,0
1783874022246646600,2026-07-13 00:33:42.246647,1.3327414989471436,-3.5091326236724854,1092.4247741699219,668.5774326324463,1092.4247741699219,677.4420738220215,62.0,39.0,1,1,0,0
1783874022274874100,2026-07-13 00:33:42.274874,2.0484211444854736,-3.840348243713379,1199.5314598083496,533.9316725730896,1092.4247741699219,677.4420738220215,58.5,29.5,1,1,0,0
1783874022304120700,2026-07-13 00:33:42.304121,1.7574955224990845,-4.213949203491211,1125.694751739502,614.0371561050415,1092.4247741699219,677.4420738220215,60.0,39.0,1,1,0,0
1783874022340869100,2026-07-13 00:33:42.340869,1.6897176504135132,-3.310370922088623,1150.2285957336426,615.5851483345032,1092.4247741699219,668.5774326324463,61.0,31.5,1,1,0,0
1783874022369711400,2026-07-13 00:33:42.369711,1.7319979667663574,-5.274804592132568,1024.5387077331543,690.1029944419861,1092.4247741699219,677.4420738220215,51.5,24.0,1,1,0,0
1783874022402974500,2026-07-13 00:33:42.402974,0.96336430311203,-5.897265911102295,801.7601013183594,846.1042642593384,1092.4247741699219,677.4420738220215,42.0,18.0,1,1,0,0
1783874022442666800,2026-07-13 00:33:42.442667,0.274823933839798,-6.043166637420654,613.3550643920898,981.5161228179932,1092.4247741699219,677.4420738220215,38.5,11.5,1,1,0,0
1783874022477778000,2026-07-13 00:33:42.477778,0.14455915987491608,-5.351710319519043,535.4134559631348,914.1066670417786,1024.5387077331543,690.1029944419861,34.0,20.5,1,1,0,0
1783874022507227800,2026-07-13 00:33:42.507228,0.13023440539836884,-6.254863262176514,456.121301651001,1029.8538208007812,801.7601013183594,846.1042642593384,33.0,19.0,1,1,0,0
1783874022537581400,2026-07-13 00:33:42.537581,0.04746072366833687,-5.698671340942383,473.7636089324951,960.1312875747681,613.3550643920898,914.1066670417786,29.0,8.0,1,1,0,0
1783874022575089100,2026-07-13 00:33:42.575089,0.1835903376340866,-6.286060810089111,379.8191785812378,1093.064308166504,535.4134559631348,914.1066670417786,28.0,17.0,1,1,0,0
1783874022609783500,2026-07-13 00:33:42.609784,0.22643660008907318,-6.707047939300537,366.00584983825684,1123.4322786331177,473.7636089324951,960.1312875747681,40.5,14.5,1,1,0,0
1783874022645770100,2026-07-13 00:33:42.645770,0.12765173614025116,-6.431274890899658,500.8938789367676,1152.7690887451172,500.8938789367676,960.1312875747681,28.5,18.0,1,1,0,0
1783874022673283400,2026-07-13 00:33:42.673283,0.18495045602321625,-6.0852370262146,368.9692735671997,1123.3032941818237,473.7636089324951,1093.064308166504,37.5,5.5,1,1,0,0
1783874022708230500,2026-07-13 00:33:42.708230,0.10511474311351776,-6.803701877593994,419.7704792022705,1168.0829524993896,473.7636089324951,1123.3032941818237,36.0,7.0,1,1,0,0
1783874022746376200,2026-07-13 00:33:42.746376,0.038140762597322464,-6.2749457359313965,384.1909170150757,1130.284070968628,473.7636089324951,1123.3032941818237,36.0,6.0,1,1,0,0
1783874022778404300,2026-07-13 00:33:42.778404,0.07946668565273285,-6.299795150756836,407.1314334869385,1144.2620754241943,419.7704792022705,1123.3032941818237,40.0,7.5,1,1,0,0
1783874022810933700,2026-07-13 00:33:42.810934,-0.14069686830043793,-6.453768253326416,451.5851020812988,1087.8406763076782,451.5851020812988,1123.3032941818237,31.5,20.0,1,1,0,0
1783874022849642200,2026-07-13 00:33:42.849642,0.16249985992908478,-6.712009906768799,531.9441795349121,1115.7788038253784,473.7636089324951,1123.3032941818237,36.0,27.0,1,1,0,0
1783874022877328500,2026-07-13 00:33:42.877328,-0.03294886276125908,-5.729740619659424,630.0613880157471,1044.320821762085,451.5851020812988,1123.3032941818237,39.0,21.5,1,1,0,0
1783874022917169100,2026-07-13 00:33:42.917169,0.3851538300514221,-5.781297206878662,712.1392726898193,1018.3945894241333,473.7636089324951,1115.7788038253784,41.0,22.5,1,1,0,0
1783874022945796300,2026-07-13 00:33:42.945796,-0.09947608411312103,-4.951907157897949,651.9577026367188,952.1841406822205,531.9441795349121,1115.7788038253784,39.0,12.5,1,1,0,0
1783874022978046200,2026-07-13 00:33:42.978046,0.140413299202919,-5.548976898193359,679.8499584197998,988.1715774536133,630.0613880157471,1044.320821762085,36.5,14.5,1,1,0,0
1783874023015213500,2026-07-13 00:33:43.015213,0.09805379807949066,-5.478394985198975,720.7087516784668,1007.6391696929932,651.9577026367188,1018.3945894241333,43.0,12.5,1,1,0,0
1783874023046461800,2026-07-13 00:33:43.046462,1.0094280242919922,-5.570032596588135,939.1887664794922,993.108868598938,651.9577026367188,1007.6391696929932,42.5,21.5,1,1,0,0
1783874023085435100,2026-07-13 00:33:43.085435,0.5860354900360107,-6.0265278816223145,787.675142288208,1078.2872438430786,679.8499584197998,1044.320821762085,42.5,14.0,1,1,0,0
1783874023113241000,2026-07-13 00:33:43.113241,1.002935528755188,-6.3555498123168945,905.5569648742676,1080.3934335708618,720.7087516784668,1018.3945894241333,45.5,13.0,1,1,0,0
1783874023155332600,2026-07-13 00:33:43.155333,1.4355939626693726,-5.723464012145996,1048.908519744873,950.7815837860107,787.675142288208,1007.6391696929932,42.0,7.5,1,1,0,0
1783874023182660500,2026-07-13 00:33:43.182661,0.5969019532203674,-6.37416410446167,776.3227939605713,1147.703766822815,776.3227939605713,1044.320821762085,44.0,5.0,1,1,0,0
1783874023214707100,2026-07-13 00:33:43.214707,1.3804925680160522,-6.25943660736084,1042.6971435546875,1027.7631282806396,787.675142288208,1027.7631282806396,52.0,16.0,1,1,0,0
1783874023254620400,2026-07-13 00:33:43.254620,1.51043701171875,-6.336455345153809,1091.4726257324219,1036.0134840011597,787.675142288208,1027.7631282806396,54.5,16.0,1,1,0,0
1783874023286895900,2026-07-13 00:33:43.286896,1.3691062927246094,-6.258171558380127,1096.6243743896484,1066.1906003952026,787.675142288208,1044.320821762085,53.5,10.5,1,1,0,0
1783874023318184100,2026-07-13 00:33:43.318184,1.2925903797149658,-6.647195339202881,1017.4684524536133,1089.6755456924438,1017.4684524536133,1036.0134840011597,56.5,12.0,1,1,0,0
1783874023356566800,2026-07-13 00:33:43.356567,1.2472012042999268,-6.529181957244873,1068.5812950134277,1149.0398645401,1017.4684524536133,1044.320821762085,60.0,12.5,1,1,0,0
1783874023384053900,2026-07-13 00:33:43.384054,1.165605902671814,-6.925477981567383,1012.5293731689453,1167.218565940857,1012.5293731689453,1066.1906003952026,57.0,17.5,1,1,0,0
1783874023418466200,2026-07-13 00:33:43.418466,1.0944843292236328,-6.648183345794678,1028.8274765014648,1121.572732925415,1017.4684524536133,1089.6755456924438,58.0,17.0,1,1,0,0
1783874023459829500,2026-07-13 00:33:43.459830,1.0930159091949463,-6.496528148651123,1014.4984245300293,1101.8565893173218,1017.4684524536133,1101.8565893173218,66.5,22.5,1,1,0,0
1783874023488228000,2026-07-13 00:33:43.488228,1.0318268537521362,-6.8071112632751465,949.7832298278809,1113.2985353469849,1012.5293731689453,1101.8565893173218,57.0,18.5,1,1,0,0
1783874023523484500,2026-07-13 00:33:43.523484,2.140960931777954,-5.911520481109619,1277.0134925842285,874.8317360877991,1017.4684524536133,1089.6755456924438,54.5,24.0,1,1,0,0
1783874023554487200,2026-07-13 00:33:43.554487,1.5629980564117432,-5.214029788970947,1076.0187149047852,744.4589734077454,1017.4684524536133,1101.8565893173218,56.0,34.5,1,1,0,0
1783874023589971700,2026-07-13 00:33:43.589972,1.7516313791275024,-4.854409694671631,1100.1708984375,722.3449349403381,1017.4684524536133,1089.6755456924438,56.5,32.5,1,1,0,0
1783874023618977600,2026-07-13 00:33:43.618978,1.4222557544708252,-4.882753849029541,1075.4609107971191,748.7037777900696,1075.4609107971191,874.8317360877991,49.5,39.0,1,1,0,0
1783874023661332200,2026-07-13 00:33:43.661332,1.091042399406433,-5.3837080001831055,1006.1553001403809,824.8511552810669,1017.4684524536133,824.8511552810669,54.0,28.5,1,1,0,0
1783874023688324500,2026-07-13 00:33:43.688325,1.5339072942733765,-5.001898765563965,1064.9227142333984,688.2486939430237,1064.9227142333984,824.8511552810669,55.5,28.5,1,1,0,0
1783874023721106600,2026-07-13 00:33:43.721107,1.150534987449646,-4.605812072753906,966.1577224731445,699.5241045951843,1064.9227142333984,824.8511552810669,59.0,33.5,1,1,0,0
1783874023759830200,2026-07-13 00:33:43.759830,1.4235912561416626,-4.080549716949463,1046.2918281555176,634.698748588562,1046.2918281555176,824.8511552810669,53.5,33.5,1,1,0,0
1783874023789636000,2026-07-13 00:33:43.789636,1.6133902072906494,-4.504257678985596,1106.2055587768555,619.7890043258667,1064.9227142333984,699.5241045951843,62.5,33.5,1,1,0,0
1783874023823021200,2026-07-13 00:33:43.823021,1.5053921937942505,-3.6759800910949707,1068.703556060791,479.3388843536377,1064.9227142333984,699.5241045951843,53.0,33.0,1,1,0,0
1783874023862987300,2026-07-13 00:33:43.862987,0.6687972545623779,-3.39119553565979,920.5905914306641,552.5565147399902,1046.2918281555176,634.698748588562,71.5,35.0,1,1,0,0
1783874023896804300,2026-07-13 00:33:43.896804,0.6669967770576477,-3.024470329284668,877.6741981506348,498.72663617134094,1064.9227142333984,619.7890043258667,53.0,37.0,1,1,0,0
1783874023927726300,2026-07-13 00:33:43.927726,0.32042035460472107,-2.973588705062866,794.1132068634033,503.87465953826904,1046.2918281555176,552.5565147399902,64.5,34.5,1,1,0,0
1783874023965700400,2026-07-13 00:33:43.965700,0.2837370038032532,-2.979609966278076,778.8945198059082,436.9146227836609,920.5905914306641,552.5565147399902,60.0,39.5,1,1,0,0
1783874023994492500,2026-07-13 00:33:43.994493,0.49430814385414124,-2.9151930809020996,854.9367904663086,474.15459156036377,877.6741981506348,503.87465953826904,66.5,41.0,1,1,0,0
1783874024023305600,2026-07-13 00:33:44.023306,1.1397340297698975,-3.014408588409424,1019.8137283325195,429.2735159397125,1019.8137283325195,503.87465953826904,60.0,31.0,1,1,0,0
1783874024064187900,2026-07-13 00:33:44.064188,0.5278642177581787,-3.210933208465576,870.2333450317383,529.8320651054382,877.6741981506348,529.8320651054382,63.5,27.5,1,1,0,0
1783874024091924500,2026-07-13 00:33:44.091924,0.9691343903541565,-3.2792282104492188,959.6757888793945,460.48682928085327,877.6741981506348,503.87465953826904,62.5,38.5,1,1,0,0
1783874024129713100,2026-07-13 00:33:44.129713,0.37035614252090454,-2.7747039794921875,818.1801795959473,462.65432238578796,877.6741981506348,503.87465953826904,71.5,33.5,1,1,0,0
1783874024166301500,2026-07-13 00:33:44.166301,0.5631725192070007,-2.6988210678100586,875.6499290466309,441.5682554244995,877.6741981506348,503.87465953826904,66.5,38.5,1,1,0,0
1783874024195798800,2026-07-13 00:33:44.195799,0.8534123301506042,-3.096707344055176,985.1275444030762,514.3793821334839,877.6741981506348,503.87465953826904,63.5,38.0,1,1,0,0
1783874024232203200,2026-07-13 00:33:44.232203,1.0062363147735596,-3.2428998947143555,1025.1893997192383,530.4694771766663,877.6741981506348,503.87465953826904,62.0,38.0,1,1,0,0
1783874024265934500,2026-07-13 00:33:44.265935,0.9143180251121521,-3.4375343322753906,1013.7699127197266,572.0238089561462,877.6741981506348,503.87465953826904,71.5,27.5,1,1,0,0
1783874024297601300,2026-07-13 00:33:44.297601,0.9233617186546326,-3.014683723449707,1005.3468704223633,523.7399339675903,985.1275444030762,514.3793821334839,69.5,28.5,1,1,0,0
1783874024336646700,2026-07-13 00:33:44.336647,0.6982927918434143,-2.5386881828308105,929.6352386474609,463.6947810649872,929.6352386474609,503.87465953826904,70.0,27.5,1,1,0,0
1783874024365261400,2026-07-13 00:33:44.365261,0.6748996376991272,-2.8714449405670166,935.1419448852539,452.4851441383362,935.1419448852539,503.87465953826904,59.5,32.0,1,1,0,0
1783874024401923400,2026-07-13 00:33:44.401923,0.413917601108551,-2.903810977935791,877.2533416748047,519.5034742355347,935.1419448852539,514.3793821334839,66.5,30.5,1,1,0,0
1783874024438700900,2026-07-13 00:33:44.438701,0.20113308727741241,-2.5896289348602295,817.622184753418,498.27367067337036,929.6352386474609,503.87465953826904,61.5,31.0,1,1,0,0
1783874024472004400,2026-07-13 00:33:44.472004,0.41875696182250977,-2.879206657409668,849.4792938232422,543.9448356628418,929.6352386474609,503.87465953826904,69.5,32.0,1,1,0,0
1783874024500613400,2026-07-13 00:33:44.500613,0.39699786901474,-2.993544578552246,846.7369079589844,541.1131381988525,877.2533416748047,514.3793821334839,71.5,27.5,1,1,0,0
1783874024530076600,2026-07-13 00:33:44.530077,0.8316503167152405,-3.004210948944092,965.4683113098145,529.3864011764526,929.6352386474609,514.3793821334839,67.5,27.5,1,1,0,0
1783874024558467500,2026-07-13 00:33:44.558468,1.242397427558899,-2.9332714080810547,1063.728904724121,502.3331642150879,929.6352386474609,503.87465953826904,66.0,27.0,1,1,0,0
1783874024584549000,2026-07-13 00:33:44.584549,0.6824433207511902,-2.8603172302246094,944.2872047424316,500.4216432571411,929.6352386474609,514.3793821334839,63.5,24.5,1,1,0,0
1783874024613974200,2026-07-13 00:33:44.613974,0.7627310156822205,-3.3137850761413574,942.5946235656738,509.07284021377563,942.5946235656738,509.07284021377563,59.5,27.5,1,1,0,0
1783874024648130000,2026-07-13 00:33:44.648130,0.7183331847190857,-3.1920816898345947,937.3056411743164,566.2376880645752,937.3056411743164,509.07284021377563,61.0,27.5,1,1,0,0
1783874024676909400,2026-07-13 00:33:44.676909,0.32878246903419495,-3.2557711601257324,793.834400177002,527.2239446640015,929.6352386474609,514.3793821334839,55.5,26.5,1,1,0,0
1783874024706814000,2026-07-13 00:33:44.706814,0.7467713952064514,-3.5618128776550293,929.6755790710449,610.3913187980652,937.3056411743164,514.3793821334839,65.0,27.5,1,1,0,0
1783874024737899400,2026-07-13 00:33:44.737900,0.45192742347717285,-3.8232545852661133,815.8437728881836,581.9342732429504,929.6755790710449,527.2239446640015,55.5,27.5,1,1,0,0
1783874024778729300,2026-07-13 00:33:44.778729,0.4680774509906769,-3.7845516204833984,832.6686859130859,566.6550993919373,929.6352386474609,527.2239446640015,60.0,24.0,1,1,0,0
1783874024806628000,2026-07-13 00:33:44.806628,0.5859396457672119,-3.4661741256713867,835.137939453125,518.9924240112305,929.6352386474609,518.9924240112305,51.0,27.5,1,1,0,0
1783874024840185500,2026-07-13 00:33:44.840186,0.17052757740020752,-3.606269359588623,760.4783058166504,614.0713691711426,835.137939453125,527.2239446640015,71.5,23.0,1,1,0,0
1783874024879299800,2026-07-13 00:33:44.879300,0.21058399975299835,-3.6337454319000244,782.81569480896,629.5026540756226,835.137939453125,527.2239446640015,59.0,29.0,1,1,0,0
1783874024909984100,2026-07-13 00:33:44.909984,0.15154168009757996,-3.3623945713043213,744.9844837188721,585.2478742599487,835.137939453125,527.2239446640015,66.0,23.0,1,1,0,0
1783874024950910500,2026-07-13 00:33:44.950911,1.119500756263733,-3.1391406059265137,1001.4519691467285,533.4926247596741,835.137939453125,533.4926247596741,58.0,32.0,1,1,0,0
1783874024981016700,2026-07-13 00:33:44.981017,0.7116666436195374,-3.2860937118530273,929.826831817627,559.5356822013855,835.137939453125,533.4926247596741,67.0,28.5,1,1,0,0
1783874025009776300,2026-07-13 00:33:45.009776,1.0408408641815186,-2.8222293853759766,990.8039093017578,482.09813237190247,835.137939453125,527.2239446640015,54.5,32.5,1,1,0,0
1783874025045375700,2026-07-13 00:33:45.045376,0.2801690995693207,-3.2366366386413574,809.6224784851074,581.6192030906677,835.137939453125,533.4926247596741,65.5,33.5,1,1,0,0
1783874025083064900,2026-07-13 00:33:45.083065,0.6556606292724609,-3.809683084487915,883.6643218994141,585.8165621757507,835.137939453125,533.4926247596741,58.0,39.0,1,1,0,0
1783874025113237800,2026-07-13 00:33:45.113238,0.49521636962890625,-3.300128221511841,904.0575981140137,617.1596646308899,835.137939453125,533.4926247596741,63.5,33.5,1,1,0,0
1783874025152892100,2026-07-13 00:33:45.152892,0.42057809233665466,-2.4897642135620117,808.7394714355469,518.4065103530884,835.137939453125,533.4926247596741,60.5,35.5,1,1,0,0
1783874025181779000,2026-07-13 00:33:45.181779,0.9008496403694153,-2.3000922203063965,887.8936767578125,489.38509821891785,835.137939453125,533.4926247596741,60.0,29.5,1,1,0,0
1783874025213581300,2026-07-13 00:33:45.213581,1.383771300315857,-2.368875503540039,1009.6559524536133,454.97268438339233,835.137939453125,533.4926247596741,61.5,31.5,1,1,0,0
1783874025249105800,2026-07-13 00:33:45.249106,1.2519474029541016,-2.4714465141296387,993.5382843017578,454.71277832984924,835.137939453125,518.4065103530884,60.0,35.0,1,1,0,0
1783874025278410300,2026-07-13 00:33:45.278410,1.2242437601089478,-2.4698469638824463,988.6495590209961,475.5456745624542,887.8936767578125,489.38509821891785,60.0,35.0,1,1,0,0
1783874025318138300,2026-07-13 00:33:45.318138,1.3140960931777954,-3.2481849193573,1028.36275100708,509.5593333244324,988.6495590209961,509.5593333244324,59.0,36.5,1,1,0,0
1783874025347137400,2026-07-13 00:33:45.347137,1.0423357486724854,-3.1010165214538574,1001.9819259643555,549.6237277984619,988.6495590209961,518.4065103530884,56.0,35.0,1,1,0,0
1783874025378913500,2026-07-13 00:33:45.378914,1.11054527759552,-3.704078197479248,1036.9627952575684,566.9695734977722,988.6495590209961,509.5593333244324,63.5,26.5,1,1,0,0
1783874025417442900,2026-07-13 00:33:45.417443,1.8115506172180176,-2.604172468185425,1139.7366523742676,463.9981985092163,1001.9819259643555,509.5593333244324,54.0,27.5,1,1,0,0
1783874025447007700,2026-07-13 00:33:45.447008,2.243725061416626,-3.088867664337158,1258.9611053466797,421.85601592063904,1001.9819259643555,509.5593333244324,59.0,26.0,1,1,0,0
1783874025486608100,2026-07-13 00:33:45.486608,1.8660224676132202,-2.857185125350952,1147.406005859375,478.47920656204224,1036.9627952575684,509.5593333244324,52.0,20.0,1,1,0,0
1783874025518402900,2026-07-13 00:33:45.518403,1.7452892065048218,-2.4913406372070312,1124.2988586425781,479.6547591686249,1124.2988586425781,479.6547591686249,58.5,19.0,1,1,0,0
1783874025549803200,2026-07-13 00:33:45.549803,1.3900744915008545,-3.352573871612549,1041.378116607666,514.2843723297119,1041.378116607666,509.5593333244324,59.0,25.5,1,1,0,0
1783874025591224400,2026-07-13 00:33:45.591224,1.2173422574996948,-3.765103340148926,1046.4054107666016,620.0644373893738,1046.4054107666016,509.5593333244324,59.0,19.5,1,1,0,0
1783874025618359000,2026-07-13 00:33:45.618359,1.9618862867355347,-3.248821258544922,1221.449089050293,554.1319847106934,1124.2988586425781,509.5593333244324,59.0,21.0,1,1,0,0
1783874025651120700,2026-07-13 00:33:45.651121,1.5975821018218994,-2.303077220916748,1082.5011253356934,527.296781539917,1046.4054107666016,514.2843723297119,59.5,27.0,1,1,0,0
1783874025688091800,2026-07-13 00:33:45.688092,0.926685631275177,-3.2699310779571533,973.4588623046875,583.1776857376099,1046.4054107666016,527.296781539917,60.5,10.0,1,1,0,0
1783874025718132700,2026-07-13 00:33:45.718133,1.4695645570755005,-2.517995834350586,1075.6022453308105,569.6347951889038,1075.6022453308105,527.296781539917,67.0,36.5,1,1,0,0
1783874025758181500,2026-07-13 00:33:45.758181,1.7744678258895874,-2.6225061416625977,1129.7673225402832,511.9021534919739,1075.6022453308105,514.2843723297119,58.5,35.5,1,1,0,0
1783874025785552100,2026-07-13 00:33:45.785552,1.674946904182434,-2.195383071899414,1100.1011848449707,490.9138083457947,1075.6022453308105,527.296781539917,65.5,25.5,1,1,0,0
1783874025827874300,2026-07-13 00:33:45.827874,1.3361845016479492,-2.2314891815185547,1040.1494026184082,505.73182106018066,1075.6022453308105,514.2843723297119,59.0,25.5,1,1,0,0
1783874025859038200,2026-07-13 00:33:45.859038,1.7329245805740356,-3.158862590789795,1179.0271759033203,523.4795212745667,1075.6022453308105,514.2843723297119,61.0,27.0,1,1,0,0
1783874025886931600,2026-07-13 00:33:45.886932,1.1278749704360962,-2.5562491416931152,993.0251121520996,487.8842234611511,1075.6022453308105,514.2843723297119,61.0,28.5,1,1,0,0
1783874025928191200,2026-07-13 00:33:45.928191,1.67974054813385,-3.1401748657226562,1149.509620666504,514.1641497612,1075.6022453308105,514.2843723297119,59.5,34.0,1,1,0,0
1783874025958160000,2026-07-13 00:33:45.958160,1.444480061531067,-2.200573205947876,1056.8771362304688,471.96701169013977,1075.6022453308105,514.2843723297119,61.0,27.0,1,1,0,0
1783874025988448400,2026-07-13 00:33:45.988449,1.644206166267395,-2.049980878829956,1106.032657623291,450.21143555641174,1075.6022453308105,514.1641497612,66.0,22.5,1,1,0,0
1783874026028060400,2026-07-13 00:33:46.028060,1.2473390102386475,-2.547330141067505,1049.6508598327637,531.4342975616455,1075.6022453308105,514.2843723297119,68.5,39.0,1,1,0,0
1783874026057197600,2026-07-13 00:33:46.057198,1.3005297183990479,-2.3501806259155273,1043.867015838623,509.8351836204529,1075.6022453308105,514.1641497612,60.0,17.0,1,1,0,0
1783874026089798000,2026-07-13 00:33:46.089798,1.7092009782791138,-2.7969608306884766,1151.0332107543945,541.6935086250305,1075.6022453308105,514.1641497612,61.0,36.5,1,1,0,0
1783874026127305700,2026-07-13 00:33:46.127306,1.599608302116394,-3.3420262336730957,1107.854175567627,576.1476159095764,1075.6022453308105,514.2843723297119,66.0,38.0,1,1,0,0
1783874026156571700,2026-07-13 00:33:46.156572,1.3483762741088867,-3.0067853927612305,1083.070182800293,612.6302480697632,1075.6022453308105,514.2843723297119,64.0,29.0,1,1,0,0
1783874026195754400,2026-07-13 00:33:46.195755,1.5731359720230103,-3.8695826530456543,1141.4284706115723,670.0753569602966,1083.070182800293,541.6935086250305,61.5,33.0,1,1,0,0
1783874026224474900,2026-07-13 00:33:46.224475,1.5051523447036743,-3.418670177459717,1126.310920715332,709.393560886383,1083.070182800293,576.1476159095764,65.0,29.5,1,1,0,0
1783874026265608400,2026-07-13 00:33:46.265609,1.4066493511199951,-2.9071362018585205,1085.105323791504,631.2646269798279,1083.070182800293,612.6302480697632,67.0,34.5,1,1,0,0
1783874026292973000,2026-07-13 00:33:46.292973,1.2280821800231934,-2.9611988067626953,1064.2497062683105,599.8966693878174,1083.070182800293,599.8966693878174,67.0,24.0,1,1,0,0
1783874026327245400,2026-07-13 00:33:46.327245,1.2173517942428589,-2.938894271850586,1045.1298713684082,558.324933052063,1083.070182800293,576.1476159095764,63.5,27.5,1,1,0,0
1783874026363829000,2026-07-13 00:33:46.363829,1.4452892541885376,-2.0270867347717285,1033.4861755371094,491.75921082496643,1083.070182800293,599.8966693878174,63.5,32.0,1,1,0,0
1783874026394645000,2026-07-13 00:33:46.394645,1.2633793354034424,-2.594545602798462,1044.22025680542,488.61825466156006,1064.2497062683105,576.1476159095764,62.5,40.0,1,1,0,0
1783874026435449300,2026-07-13 00:33:46.435449,1.136283278465271,-2.9150311946868896,1026.1462211608887,547.8968620300293,1045.1298713684082,558.324933052063,64.5,30.5,1,1,0,0
1783874026464614200,2026-07-13 00:33:46.464614,1.6092698574066162,-3.028514862060547,1074.5014190673828,479.10046577453613,1074.5014190673828,547.8968620300293,55.0,26.5,1,1,0,0
1783874026498884300,2026-07-13 00:33:46.498884,1.4755959510803223,-2.5111536979675293,1083.329200744629,472.68110513687134,1064.2497062683105,547.8968620300293,59.0,23.0,1,1,0,0
1783874026529933000,2026-07-13 00:33:46.529933,1.219638466835022,-2.46207857131958,1046.9643592834473,531.6359400749207,1046.9643592834473,547.8968620300293,62.5,31.0,1,1,0,0
1783874026567487800,2026-07-13 00:33:46.567488,1.1765128374099731,-2.5754354000091553,1011.8025779724121,516.7802572250366,1064.2497062683105,531.6359400749207,63.0,34.0,1,1,0,0
1783874026597848700,2026-07-13 00:33:46.597849,1.1765128374099731,-2.5754354000091553,1011.8025779724121,516.7802572250366,1046.9643592834473,531.6359400749207,66.0,31.0,1,1,0,0
1783874026632117800,2026-07-13 00:33:46.632118,1.6130036115646362,-2.836775064468384,1138.523006439209,545.0695753097534,1046.9643592834473,545.0695753097534,61.5,26.0,1,1,0,0
1783874026661000100,2026-07-13 00:33:46.661000,1.5187619924545288,-2.9973912239074707,1135.8871459960938,569.6831941604614,1064.2497062683105,531.6359400749207,57.5,29.0,1,1,0,0
1783874026697044300,2026-07-13 00:33:46.697044,1.3505877256393433,-2.758537769317627,1100.905990600586,554.6287298202515,1064.2497062683105,545.0695753097534,70.0,28.0,1,1,0,0
