timestamp,datetime,raw_gaze_position_x,raw_gaze_position_y,calibrated_gaze_position_x,calibrated_gaze_position_y,filtered_gaze_position_x,filtered_gaze_position_y,left_eye_openness,right_eye_openness,tracking_status,status,event,trigger
1783874423276135000,2026-07-13 00:40:23.276135,NA,NA,NA,NA,NA,NA,0.0,0.0,0,0,0,1
1783874423317629400,2026-07-13 00:40:23.317629,NA,NA,NA,NA,NA,NA,0.0,0.0,0,0,0,0
1783874423342487800,2026-07-13 00:40:23.342488,NA,NA,NA,NA,NA,NA,0.0,0.0,0,0,0,0
1783874423375924800,2026-07-13 00:40:23.375925,NA,NA,NA,NA,NA,NA,0.0,0.0,0,0,0,0
1783874423418478900,2026-07-13 00:40:23.418479,NA,NA,NA,NA,NA,NA,0.0,0.0,0,0,0,0
1783874423443761600,2026-07-13 00:40:23.443762,NA,NA,NA,NA,NA,NA,0.0,0.0,0,0,0,0
1783874423482250400,2026-07-13 00:40:23.482250,NA,NA,NA,NA,NA,NA,0.0,0.0,0,0,0,0
1783874423510863800,2026-07-13 00:40:23.510864,NA,NA,NA,NA,NA,NA,0.0,0.0,0,0,0,0
1783874423550156500,2026-07-13 00:40:23.550157,NA,NA,NA,NA,NA,NA,0.0,0.0,0,0,0,0
1783874423576865600,2026-07-13 00:40:23.576865,NA,NA,NA,NA,NA,NA,0.0,0.0,0,0,0,0
1783874423615628700,2026-07-13 00:40:23.615629,NA,NA,NA,NA,NA,NA,0.0,0.0,0,0,0,0
1783874423644561800,2026-07-13 00:40:23.644562,NA,NA,NA,NA,NA,NA,0.0,0.0,0,0,0,0
1783874423681616300,2026-07-13 00:40:23.681616,NA,NA,NA,NA,NA,NA,0.0,0.0,0,0,0,0
1783874423724807000,2026-07-13 00:40:23.724807,NA,NA,NA,NA,NA,NA,0.0,0.0,0,0,0,0
1783874423745955400,2026-07-13 00:40:23.745955,NA,NA,NA,NA,NA,NA,0.0,0.0,0,0,0,0
1783874423785761300,2026-07-13 00:40:23.785761,NA,NA,NA,NA,NA,NA,0.0,0.0,0,0,0,0
1783874423814333100,2026-07-13 00:40:23.814333,NA,NA,NA,NA,NA,NA,0.0,0.0,0,0,0,0
1783874423852369000,2026-07-13 00:40:23.852369,NA,NA,NA,NA,NA,NA,0.0,0.0,0,0,0,0
1783874423883991900,2026-07-13 00:40:23.883992,NA,NA,NA,NA,NA,NA,0.0,0.0,0,0,0,0
1783874423915413400,2026-07-13 00:40:23.915414,NA,NA,NA,NA,NA,NA,0.0,0.0,0,0,0,0
1783874423955526200,2026-07-13 00:40:23.955526,NA,NA,NA,NA,NA,NA,0.0,0.0,0,0,0,0
1783874423985835000,2026-07-13 00:40:23.985835,NA,NA,NA,NA,NA,NA,0.0,0.0,0,0,0,0
1783874424023091800,2026-07-13 00:40:24.023092,NA,NA,NA,NA,NA,NA,0.0,0.0,0,0,0,0
1783874424051362500,2026-07-13 00:40:24.051363,NA,NA,NA,NA,NA,NA,0.0,0.0,0,0,0,0
1783874424087513500,2026-07-13 00:40:24.087514,NA,NA,NA,NA,NA,NA,0.0,0.0,0,0,0,0
1783874424119173700,2026-07-13 00:40:24.119174,NA,NA,NA,NA,NA,NA,0.0,0.0,0,0,0,0
1783874424151634300,2026-07-13 00:40:24.151634,NA,NA,NA,NA,NA,NA,0.0,0.0,0,0,0,0
1783874424191340500,2026-07-13 00:40:24.191340,NA,NA,NA,NA,NA,NA,0.0,0.0,0,0,0,0
1783874424224224900,2026-07-13 00:40:24.224225,NA,NA,NA,NA,NA,NA,0.0,0.0,0,0,0,0
1783874424259198700,2026-07-13 00:40:24.259199,NA,NA,NA,NA,NA,NA,0.0,0.0,0,0,0,0
1783874424300675900,2026-07-13 00:40:24.300676,NA,NA,NA,NA,NA,NA,0.0,0.0,0,0,0,0
1783874424322651700,2026-07-13 00:40:24.322652,2.2715086936950684,-5.255706310272217,1425.4888534545898,835.3039622306824,1425.4888534545898,835.3039622306824,46.5,25.5,1,1,0,0
1783874424358236200,2026-07-13 00:40:24.358236,1.3868411779403687,-5.999617099761963,1158.4797859191895,844.5591330528259,1158.4797859191895,844.5591330528259,47.5,20.5,1,1,0,0
1783874424392489600,2026-07-13 00:40:24.392489,1.861639142036438,-8.587370872497559,1236.7782592773438,1163.4416580200195,1236.7782592773438,1163.4416580200195,37.0,15.0,1,1,0,0
1783874424425757200,2026-07-13 00:40:24.425757,1.498637080192566,-9.811628341674805,847.3716735839844,1278.8426876068115,847.3716735839844,1278.8426876068115,32.5,1.0,1,1,0,0
1783874424460468500,2026-07-13 00:40:24.460469,2.069897174835205,-9.252884864807129,1350.5199432373047,1242.3181533813477,1350.5199432373047,1242.3181533813477,34.0,19.0,1,1,0,0
1783874424494324100,2026-07-13 00:40:24.494324,1.9349709749221802,-8.326333999633789,1438.0136489868164,1362.1418476104736,1438.0136489868164,1362.1418476104736,34.5,19.5,1,1,0,0
1783874424529373400,2026-07-13 00:40:24.529373,1.6380915641784668,-7.104135990142822,1229.9314498901367,1253.7250518798828,1236.7782592773438,1242.3181533813477,36.0,23.0,1,1,0,0
1783874424561304600,2026-07-13 00:40:24.561305,1.915207028388977,-7.909091472625732,1483.6640357971191,1527.431845664978,1236.7782592773438,1242.3181533813477,39.5,13.5,1,1,0,0
1783874424594871000,2026-07-13 00:40:24.594871,1.9115709066390991,-7.498567581176758,1391.640281677246,1399.5776176452637,1236.7782592773438,1253.7250518798828,40.0,13.5,1,1,0,0
1783874424630289400,2026-07-13 00:40:24.630289,1.7406244277954102,-7.653731822967529,1334.1094970703125,1461.9776010513306,1236.7782592773438,1253.7250518798828,39.0,23.0,1,1,0,0
1783874424660326100,2026-07-13 00:40:24.660326,1.9020661115646362,-6.641967296600342,1535.2367401123047,1339.32363986969,1334.1094970703125,1339.32363986969,42.0,20.0,1,1,0,0
1783874424692531500,2026-07-13 00:40:24.692531,2.2553045749664307,-8.045159339904785,1771.983528137207,1403.7234783172607,1334.1094970703125,1339.32363986969,35.0,21.5,1,1,0,0
1783874424727751100,2026-07-13 00:40:24.727751,2.2316431999206543,-7.516574859619141,1631.6129684448242,1294.0300703048706,1334.1094970703125,1294.0300703048706,35.5,28.0,1,1,0,0
1783874424756432400,2026-07-13 00:40:24.756432,2.3987419605255127,-6.723926544189453,1661.4980697631836,1210.639476776123,1535.2367401123047,1339.32363986969,37.5,26.5,1,1,0,0
1783874424786636400,2026-07-13 00:40:24.786636,2.012422561645508,-5.856270790100098,1324.4080543518066,1106.8741083145142,1334.1094970703125,1294.0300703048706,37.5,22.0,1,1,0,0
1783874424818481200,2026-07-13 00:40:24.818481,1.99160635471344,-5.793196201324463,1391.0696983337402,1005.4072141647339,1391.0696983337402,1294.0300703048706,39.5,25.0,1,1,0,0
1783874424849260200,2026-07-13 00:40:24.849260,1.96977961063385,-5.045357704162598,1111.647605895996,959.1337442398071,1391.0696983337402,1210.639476776123,40.5,23.5,1,1,0,0
1783874424878370300,2026-07-13 00:40:24.878370,2.190126657485962,-4.630154609680176,1167.9285049438477,719.4575667381287,1334.1094970703125,1106.8741083145142,47.5,28.5,1,1,0,0
1783874424909372400,2026-07-13 00:40:24.909372,2.1103527545928955,-4.3818159103393555,1156.071949005127,624.7209906578064,1334.1094970703125,1005.4072141647339,46.5,34.5,1,1,0,0
1783874424938174000,2026-07-13 00:40:24.938174,2.6933529376983643,-4.875185012817383,1838.4986877441406,729.3879985809326,1391.0696983337402,959.1337442398071,47.0,30.0,1,1,0,0
1783874424969448100,2026-07-13 00:40:24.969448,2.7255818843841553,-5.219307899475098,1903.3514022827148,776.8656015396118,1334.1094970703125,776.8656015396118,44.0,31.0,1,1,0,0
1783874425000982300,2026-07-13 00:40:25.000982,2.3520829677581787,-5.017550945281982,1830.2522659301758,752.6397705078125,1391.0696983337402,776.8656015396118,45.5,34.5,1,1,0,0
1783874425032335800,2026-07-13 00:40:25.032336,2.3767549991607666,-5.427969455718994,1882.7129364013672,786.0631346702576,1830.2522659301758,786.0631346702576,49.0,33.0,1,1,0,0
1783874425066173300,2026-07-13 00:40:25.066173,2.3767549991607666,-5.427969455718994,1882.7129364013672,786.0631346702576,1830.2522659301758,776.8656015396118,48.5,31.5,1,1,0,0
1783874425100427600,2026-07-13 00:40:25.100428,2.8548290729522705,-5.355923652648926,2101.3330459594727,746.6861605644226,1830.2522659301758,776.8656015396118,49.0,37.5,1,1,0,0
1783874425136771300,2026-07-13 00:40:25.136771,2.2765467166900635,-6.572873115539551,2183.753204345703,781.2405228614807,1882.7129364013672,781.2405228614807,46.0,36.0,1,1,0,0
1783874425169709600,2026-07-13 00:40:25.169710,2.471569776535034,-5.9524006843566895,2168.297004699707,780.3163528442383,1882.7129364013672,780.3163528442383,46.5,34.5,1,1,0,0
1783874425200226400,2026-07-13 00:40:25.200226,2.651588201522827,-4.68114709854126,1862.5940322875977,579.2509317398071,1862.5940322875977,776.8656015396118,47.0,27.5,1,1,0,0
1783874425233036600,2026-07-13 00:40:25.233037,2.6943399906158447,-4.590511798858643,1639.8080825805664,681.3612580299377,1882.7129364013672,780.3163528442383,46.0,30.5,1,1,0,0
1783874425270331800,2026-07-13 00:40:25.270332,2.6919760704040527,-4.935810565948486,1689.3463134765625,760.020911693573,1862.5940322875977,776.8656015396118,49.5,30.5,1,1,0,0
1783874425306685500,2026-07-13 00:40:25.306685,2.6919760704040527,-4.935810565948486,1689.3463134765625,760.020911693573,1862.5940322875977,760.020911693573,47.0,30.5,1,1,0,0
1783874425342180300,2026-07-13 00:40:25.342180,1.8617693185806274,-4.381613731384277,1137.9446983337402,671.7562079429626,1689.3463134765625,760.020911693573,48.0,21.5,1,1,0,0
1783874425372582200,2026-07-13 00:40:25.372582,2.135704755783081,-3.921438217163086,1216.9204711914062,598.000705242157,1689.3463134765625,760.020911693573,45.5,26.0,1,1,0,0
1783874425404486100,2026-07-13 00:40:25.404486,1.721718668937683,-3.634098529815674,957.0052146911621,390.5036449432373,1689.3463134765625,760.020911693573,48.5,17.5,1,1,0,0
1783874425437463300,2026-07-13 00:40:25.437463,2.004176616668701,-3.9962658882141113,1143.7566757202148,477.74654626846313,1216.9204711914062,671.7562079429626,52.5,26.0,1,1,0,0
1783874425470482700,2026-07-13 00:40:25.470483,1.3523727655410767,-4.764394760131836,733.9297294616699,538.8449430465698,1216.9204711914062,598.000705242157,54.0,29.5,1,1,0,0
1783874425505957000,2026-07-13 00:40:25.505957,1.9502719640731812,-4.012266635894775,1037.5667572021484,584.2952728271484,1143.7566757202148,584.2952728271484,43.5,29.0,1,1,0,0
1783874425541601600,2026-07-13 00:40:25.541601,0.3934735357761383,-4.386509895324707,728.4187316894531,603.5468578338623,1143.7566757202148,603.5468578338623,52.0,24.5,1,1,0,0
1783874425580698100,2026-07-13 00:40:25.580698,0.6191213726997375,-4.08931827545166,573.8293647766113,549.4688153266907,1037.5667572021484,584.2952728271484,44.5,30.5,1,1,0,0
1783874425614426000,2026-07-13 00:40:25.614426,1.8294466733932495,-4.182794094085693,936.5128517150879,606.3960194587708,1037.5667572021484,584.2952728271484,41.0,28.0,1,1,0,0
1783874425645983000,2026-07-13 00:40:25.645983,1.8053511381149292,-3.8604390621185303,1001.0395050048828,517.612874507904,1001.0395050048828,584.2952728271484,42.0,31.5,1,1,0,0
1783874425678304900,2026-07-13 00:40:25.678305,0.9884505867958069,-3.6111741065979004,542.517900466919,469.8287546634674,1001.0395050048828,584.2952728271484,51.0,23.0,1,1,0,0
1783874425709620100,2026-07-13 00:40:25.709620,1.2876949310302734,-3.8090577125549316,607.5949192047119,527.2557735443115,1001.0395050048828,584.2952728271484,46.0,23.5,1,1,0,0
1783874425742906500,2026-07-13 00:40:25.742907,1.53441321849823,-3.9612483978271484,927.4508476257324,541.0603284835815,1001.0395050048828,541.0603284835815,46.0,22.0,1,1,0,0
1783874425776799400,2026-07-13 00:40:25.776799,0.8593029379844666,-3.2918808460235596,453.3045291900635,453.54151725769043,927.4508476257324,541.0603284835815,46.0,18.5,1,1,0,0
1783874425813265600,2026-07-13 00:40:25.813266,1.168325662612915,-3.4277167320251465,635.1161479949951,416.4361357688904,927.4508476257324,541.0603284835815,45.5,22.5,1,1,0,0
1783874425845503700,2026-07-13 00:40:25.845504,1.3701305389404297,-4.280605792999268,729.6823501586914,610.959529876709,927.4508476257324,541.0603284835815,46.0,28.5,1,1,0,0
1783874425878719200,2026-07-13 00:40:25.878719,1.6269901990890503,-4.557170391082764,984.8994255065918,671.8631386756897,927.4508476257324,541.0603284835815,46.5,26.0,1,1,0,0
1783874425911836100,2026-07-13 00:40:25.911836,1.693055510520935,-5.943399429321289,1239.2181396484375,881.9777965545654,927.4508476257324,541.0603284835815,49.5,31.0,1,1,0,0
1783874425946980700,2026-07-13 00:40:25.946981,1.7422211170196533,-3.7152857780456543,984.5805168151855,489.3708527088165,927.4508476257324,541.0603284835815,48.5,29.5,1,1,0,0
1783874425978025200,2026-07-13 00:40:25.978025,2.707585096359253,-5.153116703033447,1901.380729675293,699.8180747032166,984.5805168151855,541.0603284835815,45.5,36.0,1,1,0,0
1783874426023324300,2026-07-13 00:40:26.023324,2.7402760982513428,-4.582587242126465,1786.973762512207,647.275447845459,984.5805168151855,541.0603284835815,44.5,33.0,1,1,0,0
1783874426055305300,2026-07-13 00:40:26.055305,1.826409935951233,-6.147750377655029,1649.0959167480469,1031.606912612915,984.5805168151855,541.0603284835815,47.0,30.0,1,1,0,0
1783874426088204800,2026-07-13 00:40:26.088205,1.6727105379104614,-5.264400959014893,1250.1311302185059,863.9627695083618,1250.1311302185059,647.275447845459,46.0,25.5,1,1,0,0
1783874426120802000,2026-07-13 00:40:26.120802,2.2558276653289795,-5.145658493041992,1643.0974960327148,812.488317489624,1250.1311302185059,647.275447845459,46.5,29.5,1,1,0,0
1783874426152598000,2026-07-13 00:40:26.152598,2.376195192337036,-5.606085777282715,1874.01123046875,719.1888689994812,1250.1311302185059,719.1888689994812,46.5,28.0,1,1,0,0
1783874426182928800,2026-07-13 00:40:26.182929,2.2252542972564697,-5.465158462524414,2059.1516494750977,661.3882184028625,1250.1311302185059,661.3882184028625,46.5,28.5,1,1,0,0
1783874426215159900,2026-07-13 00:40:26.215160,2.387922525405884,-5.315744876861572,1852.0296096801758,701.1423110961914,1643.0974960327148,701.1423110961914,48.0,28.0,1,1,0,0
1783874426248561000,2026-07-13 00:40:26.248561,2.387922525405884,-5.315744876861572,1852.0296096801758,701.1423110961914,1852.0296096801758,701.1423110961914,48.0,29.0,1,1,0,0
1783874426283460000,2026-07-13 00:40:26.283460,2.3822782039642334,-5.725632190704346,2027.8688430786133,734.0927720069885,1852.0296096801758,701.1423110961914,45.5,29.5,1,1,0,0
1783874426324457500,2026-07-13 00:40:26.324457,2.4488093852996826,-5.423535346984863,1868.9327239990234,775.9591937065125,1852.0296096801758,701.1423110961914,47.0,33.0,1,1,0,0
1783874426359580300,2026-07-13 00:40:26.359581,2.5645782947540283,-5.333006858825684,1926.6607284545898,783.4362983703613,1852.0296096801758,701.1423110961914,44.5,28.5,1,1,0,0
1783874426391503800,2026-07-13 00:40:26.391504,2.4932291507720947,-4.480922222137451,1882.3640823364258,765.8278346061707,1868.9327239990234,734.0927720069885,51.0,33.0,1,1,0,0
1783874426423426600,2026-07-13 00:40:26.423427,2.3445699214935303,-4.597722053527832,1806.944465637207,727.0027995109558,1852.0296096801758,727.0027995109558,50.0,33.0,1,1,0,0
1783874426455739000,2026-07-13 00:40:26.455739,2.4959373474121094,-3.9540722370147705,1466.9889450073242,693.8411593437195,1852.0296096801758,701.1423110961914,50.5,34.0,1,1,0,0
1783874426486548500,2026-07-13 00:40:26.486548,2.352975606918335,-3.859267473220825,1384.8186492919922,724.0993976593018,1852.0296096801758,727.0027995109558,49.5,36.5,1,1,0,0
1783874426518529800,2026-07-13 00:40:26.518530,2.612027168273926,-3.8746683597564697,1476.5735626220703,712.0611071586609,1806.944465637207,724.0993976593018,53.5,28.5,1,1,0,0
1783874426552050700,2026-07-13 00:40:26.552051,2.315660238265991,-5.067321300506592,1443.92671585083,931.7888617515564,1476.5735626220703,724.0993976593018,50.0,38.0,1,1,0,0
1783874426586039800,2026-07-13 00:40:26.586040,1.829656958580017,-10.402752876281738,1490.5077934265137,1619.1619634628296,1490.5077934265137,727.0027995109558,18.0,3.5,1,1,0,0
1783874426621664500,2026-07-13 00:40:26.621665,2.0549073219299316,-11.467391014099121,1397.0345497131348,1817.6852464675903,1476.5735626220703,727.0027995109558,13.5,8.0,1,1,0,0
1783874426664033000,2026-07-13 00:40:26.664033,2.28076171875,-11.744099617004395,1230.751132965088,1619.6047067642212,1476.5735626220703,931.7888617515564,10.0,7.0,1,1,0,0
1783874426695340500,2026-07-13 00:40:26.695341,1.8313568830490112,-9.754460334777832,1432.6828956604004,1553.9343357086182,1476.5735626220703,1553.9343357086182,13.5,1.0,1,1,0,0
1783874426727364300,2026-07-13 00:40:26.727364,1.7288892269134521,-9.305259704589844,1484.9970817565918,1573.848843574524,1476.5735626220703,1553.9343357086182,24.5,11.0,1,1,0,0
1783874426758571000,2026-07-13 00:40:26.758571,1.6282652616500854,-8.185275077819824,1524.7161865234375,1637.3088359832764,1476.5735626220703,1553.9343357086182,27.5,11.5,1,1,0,0
1783874426790398000,2026-07-13 00:40:26.790398,1.6838091611862183,-8.514220237731934,1657.8357696533203,1676.803708076477,1476.5735626220703,1553.9343357086182,25.5,5.5,1,1,0,0
1783874426821784500,2026-07-13 00:40:26.821784,1.7999902963638306,-7.651730537414551,1488.7738227844238,1537.0796918869019,1484.9970817565918,1553.9343357086182,32.5,14.0,1,1,0,0
1783874426854638900,2026-07-13 00:40:26.854639,2.0574820041656494,-7.08040189743042,1845.6823348999023,1375.779628753662,1488.7738227844238,1553.9343357086182,32.0,15.5,1,1,0,0
1783874426888708900,2026-07-13 00:40:26.888709,2.0513930320739746,-5.067102909088135,1264.7107124328613,1063.3022785186768,1476.5735626220703,1553.9343357086182,41.0,19.5,1,1,0,0
1783874426923650400,2026-07-13 00:40:26.923650,1.9386522769927979,-5.301910877227783,1109.6988677978516,1041.430950164795,1484.9970817565918,1537.0796918869019,35.0,11.0,1,1,0,0
1783874426965136500,2026-07-13 00:40:26.965136,1.885275959968567,-5.344455242156982,1166.0587310791016,926.0023236274719,1476.5735626220703,1375.779628753662,34.5,18.0,1,1,0,0
1783874426996091600,2026-07-13 00:40:26.996092,1.3068196773529053,-4.1268534660339355,636.1912727355957,780.0055742263794,1264.7107124328613,1063.3022785186768,38.0,21.5,1,1,0,0
1783874427027167800,2026-07-13 00:40:27.027168,1.0227923393249512,-3.856790781021118,671.47536277771,614.0068173408508,1166.0587310791016,1041.430950164795,48.0,17.5,1,1,0,0
1783874427057330300,2026-07-13 00:40:27.057330,2.065535545349121,-3.8404407501220703,1102.0055770874023,711.3516926765442,1166.0587310791016,926.0023236274719,46.0,21.5,1,1,0,0
1783874427089502900,2026-07-13 00:40:27.089503,0.17001143097877502,-3.7461938858032227,507.4259281158447,614.5790815353394,1102.0055770874023,780.0055742263794,48.5,17.5,1,1,0,0
1783874427123734700,2026-07-13 00:40:27.123735,0.8880239129066467,-3.99393892288208,648.7940311431885,592.107355594635,1102.0055770874023,711.3516926765442,45.0,20.0,1,1,0,0
1783874427159696400,2026-07-13 00:40:27.159696,1.873690128326416,-4.985409259796143,1247.2399711608887,782.4851274490356,1166.0587310791016,782.4851274490356,46.5,24.0,1,1,0,0
1783874427193714200,2026-07-13 00:40:27.193714,1.4059104919433594,-5.351945400238037,966.1357879638672,820.4302787780762,1102.0055770874023,780.0055742263794,44.5,22.0,1,1,0,0
1783874427221792200,2026-07-13 00:40:27.221792,2.3145720958709717,-5.164432048797607,1451.50146484375,749.3597269058228,1102.0055770874023,749.3597269058228,47.0,21.5,1,1,0,0
1783874427251085500,2026-07-13 00:40:27.251086,1.3119810819625854,-6.141571998596191,1109.9260330200195,1066.6604042053223,1109.9260330200195,782.4851274490356,42.5,16.0,1,1,0,0
1783874427285296600,2026-07-13 00:40:27.285297,1.337908148765564,-6.378724575042725,1124.1928100585938,1161.3024473190308,1109.9260330200195,782.4851274490356,41.0,17.5,1,1,0,0
1783874427317543000,2026-07-13 00:40:27.317543,1.1275984048843384,-6.942724704742432,1228.6447525024414,1295.6000566482544,1109.9260330200195,782.4851274490356,38.0,14.5,1,1,0,0
1783874427349656700,2026-07-13 00:40:27.349657,1.2952450513839722,-7.436496734619141,1386.6080284118652,1398.9251852035522,1109.9260330200195,1066.6604042053223,39.0,11.5,1,1,0,0
1783874427383699400,2026-07-13 00:40:27.383699,2.0936119556427,-7.914061069488525,2224.094581604004,1487.7960681915283,1124.1928100585938,1161.3024473190308,40.5,14.0,1,1,0,0
1783874427418972800,2026-07-13 00:40:27.418973,2.2143731117248535,-8.203536987304688,2134.278106689453,1357.512354850769,1228.6447525024414,1295.6000566482544,40.5,17.5,1,1,0,0
1783874427451885300,2026-07-13 00:40:27.451885,2.167982339859009,-8.443865776062012,1956.3827514648438,1364.9839162826538,1386.6080284118652,1357.512354850769,42.0,15.0,1,1,0,0
1783874427485288800,2026-07-13 00:40:27.485289,1.8099387884140015,-8.519923210144043,1626.8745422363281,1461.9271755218506,1626.8745422363281,1357.512354850769,43.5,12.5,1,1,0,0
1783874427516099200,2026-07-13 00:40:27.516099,1.1162830591201782,-6.979048252105713,1085.8906745910645,1283.2701206207275,1228.6447525024414,1295.6000566482544,38.5,8.5,1,1,0,0
1783874427545983900,2026-07-13 00:40:27.545984,0.8915161490440369,-7.239435195922852,1083.0079078674316,1411.866307258606,1386.6080284118652,1357.512354850769,45.0,8.0,1,1,0,0
1783874427576030700,2026-07-13 00:40:27.576031,0.9837399125099182,-7.018340587615967,1061.0970497131348,1389.254093170166,1228.6447525024414,1357.512354850769,38.0,8.0,1,1,0,0
1783874427605269700,2026-07-13 00:40:27.605270,1.140819787979126,-7.9084248542785645,1087.4247550964355,1501.3450384140015,1087.4247550964355,1357.512354850769,44.5,12.0,1,1,0,0
1783874427641389800,2026-07-13 00:40:27.641390,1.1231802701950073,-7.4644389152526855,1021.8475341796875,1364.6185398101807,1087.4247550964355,1364.6185398101807,38.0,15.5,1,1,0,0
1783874427671923100,2026-07-13 00:40:27.671923,0.7457985877990723,-7.142429828643799,912.9523277282715,1361.2474203109741,1087.4247550964355,1361.2474203109741,46.5,5.0,1,1,0,0
1783874427702795400,2026-07-13 00:40:27.702796,1.3230417966842651,-6.867922782897949,1107.7502250671387,1312.0498657226562,1087.4247550964355,1357.512354850769,49.0,13.5,1,1,0,0
1783874427732334000,2026-07-13 00:40:27.732334,2.0038609504699707,-6.035555839538574,1258.946704864502,1169.036626815796,1087.4247550964355,1361.2474203109741,43.0,9.5,1,1,0,0
1783874427777214300,2026-07-13 00:40:27.777214,0.9331018328666687,-5.999748229980469,815.4827117919922,1055.2657842636108,1087.4247550964355,1357.512354850769,43.0,15.5,1,1,0,0
1783874427812218700,2026-07-13 00:40:27.812219,1.109052300453186,-5.7831549644470215,911.9641304016113,931.3745498657227,1087.4247550964355,1312.0498657226562,39.0,13.0,1,1,0,0
1783874427842685500,2026-07-13 00:40:27.842685,1.8233269453048706,-6.1926751136779785,1262.2234344482422,1006.1250925064087,1087.4247550964355,1169.036626815796,40.0,15.0,1,1,0,0
1783874427872370100,2026-07-13 00:40:27.872370,0.6923399567604065,-5.97600793838501,925.5501747131348,958.3027958869934,1087.4247550964355,1055.2657842636108,51.5,21.5,1,1,0,0
1783874427908722000,2026-07-13 00:40:27.908722,1.1615616083145142,-6.060901165008545,1048.4387397766113,911.5228056907654,1087.4247550964355,1006.1250925064087,51.0,15.0,1,1,0,0
1783874427938749200,2026-07-13 00:40:27.938749,1.4142308235168457,-5.7825212478637695,1107.6484680175781,864.2040491104126,1087.4247550964355,1006.1250925064087,48.0,12.5,1,1,0,0
1783874427970710200,2026-07-13 00:40:27.970710,1.6454169750213623,-6.4010701179504395,1332.267665863037,945.148766040802,1087.4247550964355,958.3027958869934,51.0,18.0,1,1,0,0
1783874428001825100,2026-07-13 00:40:28.001825,1.6900848150253296,-5.693037509918213,1126.05619430542,850.024938583374,1087.4247550964355,945.148766040802,49.5,20.0,1,1,0,0
1783874428035719400,2026-07-13 00:40:28.035719,0.9670180678367615,-5.189907550811768,748.1648445129395,618.827760219574,1087.4247550964355,945.148766040802,43.0,14.5,1,1,0,0
1783874428071797800,2026-07-13 00:40:28.071798,1.2104692459106445,-5.288679599761963,849.7918128967285,735.801100730896,1087.4247550964355,945.148766040802,49.0,16.0,1,1,0,0
1783874428111140700,2026-07-13 00:40:28.111140,0.535941481590271,-3.962810754776001,742.7014350891113,562.1275305747986,1087.4247550964355,850.024938583374,48.0,21.5,1,1,0,0
1783874428151930700,2026-07-13 00:40:28.151931,0.5911040902137756,-4.217855930328369,677.4990558624268,552.2072911262512,849.7918128967285,735.801100730896,45.5,15.5,1,1,0,0
1783874428181428400,2026-07-13 00:40:28.181428,1.5511239767074585,-5.076362133026123,922.8498458862305,714.2475247383118,922.8498458862305,735.801100730896,51.0,17.5,1,1,0,0
1783874428212522700,2026-07-13 00:40:28.212523,0.07198773324489594,-3.8309102058410645,558.4665298461914,373.3130097389221,849.7918128967285,714.2475247383118,48.5,14.5,1,1,0,0
1783874428243617200,2026-07-13 00:40:28.243617,1.3024747371673584,-4.5195488929748535,770.5931186676025,675.3156781196594,849.7918128967285,714.2475247383118,49.5,21.0,1,1,0,0
1783874428274760300,2026-07-13 00:40:28.274760,2.220611572265625,-4.9779181480407715,1421.395206451416,763.1386518478394,922.8498458862305,735.801100730896,51.0,21.5,1,1,0,0
1783874428309268100,2026-07-13 00:40:28.309268,1.1720952987670898,-5.052090167999268,1029.7372817993164,895.8276510238647,849.7918128967285,714.2475247383118,58.5,21.0,1,1,0,0
1783874428341898500,2026-07-13 00:40:28.341898,1.6971296072006226,-4.803225040435791,1078.1025886535645,699.7967958450317,922.8498458862305,714.2475247383118,53.5,21.0,1,1,0,0
1783874428375685500,2026-07-13 00:40:28.375685,1.9990836381912231,-4.312178611755371,1259.3894958496094,640.4125094413757,1029.7372817993164,714.2475247383118,53.0,18.0,1,1,0,0
1783874428411387000,2026-07-13 00:40:28.411387,-0.11795155704021454,-4.052752494812012,633.6187362670898,625.0753402709961,849.7918128967285,714.2475247383118,51.5,19.5,1,1,0,0
1783874428445184200,2026-07-13 00:40:28.445184,1.3819209337234497,-4.325903415679932,930.4302215576172,690.6271576881409,930.4302215576172,699.7967958450317,48.0,18.0,1,1,0,0
1783874428479579700,2026-07-13 00:40:28.479580,1.5012286901474,-3.5165162086486816,913.9155387878418,531.6227674484253,930.4302215576172,690.6271576881409,50.0,23.0,1,1,0,0
1783874428509171300,2026-07-13 00:40:28.509171,1.1808902025222778,-3.610646963119507,820.5910682678223,497.7041482925415,849.7918128967285,690.6271576881409,47.0,24.0,1,1,0,0
1783874428543336900,2026-07-13 00:40:28.543337,2.0391101837158203,-2.7823164463043213,1092.8333282470703,487.26117610931396,930.4302215576172,690.6271576881409,48.5,19.5,1,1,0,0
1783874428576923600,2026-07-13 00:40:28.576924,0.6637312769889832,-4.184415817260742,672.7975368499756,735.3642582893372,913.9155387878418,690.6271576881409,52.5,24.0,1,1,0,0
1783874428621645400,2026-07-13 00:40:28.621645,0.4436553120613098,-3.1120591163635254,585.4633331298828,418.31904649734497,849.7918128967285,690.6271576881409,47.5,25.5,1,1,0,0
1783874428654125500,2026-07-13 00:40:28.654125,1.4750103950500488,-4.181763648986816,820.2524185180664,636.3793611526489,849.7918128967285,690.6271576881409,48.5,23.5,1,1,0,0
1783874428684607700,2026-07-13 00:40:28.684608,2.036965847015381,-4.340263843536377,1312.4777793884277,650.955080986023,913.9155387878418,690.6271576881409,49.0,27.0,1,1,0,0
1783874428714830300,2026-07-13 00:40:28.714830,2.7290453910827637,-2.813275098800659,1344.199275970459,490.39703607559204,849.7918128967285,650.955080986023,53.0,31.5,1,1,0,0
1783874428750438500,2026-07-13 00:40:28.750438,1.5984517335891724,-3.6496994495391846,916.1712646484375,591.3398861885071,913.9155387878418,650.955080986023,49.5,25.0,1,1,0,0
1783874428789606400,2026-07-13 00:40:28.789606,1.330077886581421,-3.6397764682769775,841.541862487793,528.9885401725769,913.9155387878418,650.955080986023,48.5,19.5,1,1,0,0
1783874428824392700,2026-07-13 00:40:28.824393,1.9388724565505981,-3.2971994876861572,1037.0847702026367,512.4949216842651,913.9155387878418,591.3398861885071,50.5,23.0,1,1,0,0
1783874428855308700,2026-07-13 00:40:28.855309,1.3670527935028076,-3.138327121734619,798.7886428833008,529.6872854232788,913.9155387878418,591.3398861885071,50.5,25.5,1,1,0,0
1783874428886918000,2026-07-13 00:40:28.886918,2.181436777114868,-3.5999207496643066,1206.7447662353516,510.94740629196167,913.9155387878418,529.6872854232788,46.5,22.0,1,1,0,0
1783874428919372600,2026-07-13 00:40:28.919373,1.3906292915344238,-4.605067729949951,957.6719284057617,767.2075629234314,913.9155387878418,591.3398861885071,51.0,28.5,1,1,0,0
1783874428951981900,2026-07-13 00:40:28.951982,1.1790498495101929,-3.23480224609375,861.8583679199219,430.4983913898468,913.9155387878418,529.6872854232788,49.5,19.5,1,1,0,0
1783874428984915200,2026-07-13 00:40:28.984915,1.0759094953536987,-4.084928035736084,709.1143608093262,663.1007790565491,913.9155387878418,529.6872854232788,51.5,19.5,1,1,0,0
1783874429018547700,2026-07-13 00:40:29.018548,1.1339170932769775,-4.2425761222839355,739.8789405822754,673.7448573112488,913.9155387878418,591.3398861885071,51.0,24.0,1,1,0,0
1783874429052327800,2026-07-13 00:40:29.052328,0.3658900558948517,-3.7492547035217285,595.1578617095947,503.9811134338379,861.8583679199219,529.6872854232788,54.0,28.5,1,1,0,0
1783874429086990900,2026-07-13 00:40:29.086991,1.6467550992965698,-2.9234707355499268,997.6325035095215,433.7300956249237,913.9155387878418,529.6872854232788,48.0,30.5,1,1,0,0
1783874429124644100,2026-07-13 00:40:29.124644,0.43192058801651,-3.3069510459899902,635.6982707977295,502.6930570602417,861.8583679199219,529.6872854232788,47.5,28.0,1,1,0,0
1783874429166079400,2026-07-13 00:40:29.166080,1.679486632347107,-4.411358833312988,1067.198085784912,631.079375743866,861.8583679199219,529.6872854232788,49.0,28.5,1,1,0,0
1783874429198581900,2026-07-13 00:40:29.198582,1.0394227504730225,-4.270474910736084,821.4079856872559,707.6119780540466,861.8583679199219,529.6872854232788,51.0,20.0,1,1,0,0
1783874429229431000,2026-07-13 00:40:29.229431,0.8196978569030762,-4.089505195617676,793.1402683258057,642.456591129303,861.8583679199219,529.6872854232788,53.0,25.5,1,1,0,0
1783874429261267400,2026-07-13 00:40:29.261267,1.1771161556243896,-4.178485870361328,927.1711349487305,652.226984500885,861.8583679199219,631.079375743866,49.0,25.0,1,1,0,0
1783874429291877700,2026-07-13 00:40:29.291878,0.9724583029747009,-4.37156343460083,741.7141437530518,691.8777227401733,861.8583679199219,642.456591129303,50.0,13.5,1,1,0,0
1783874429324799700,2026-07-13 00:40:29.324800,1.3342756032943726,-3.4327189922332764,792.9791450500488,484.19448733329773,861.8583679199219,529.6872854232788,50.0,27.5,1,1,0,0
1783874429356879000,2026-07-13 00:40:29.356879,1.2414809465408325,-3.7935807704925537,834.7855567932129,571.8162655830383,861.8583679199219,631.079375743866,51.0,19.5,1,1,0,0
1783874429390653000,2026-07-13 00:40:29.390653,1.5764697790145874,-2.514298915863037,978.0041694641113,290.2567386627197,861.8583679199219,571.8162655830383,44.5,22.0,1,1,0,0
1783874429422616900,2026-07-13 00:40:29.422617,1.27531898021698,-3.811312198638916,799.5797634124756,582.9473733901978,861.8583679199219,571.8162655830383,48.5,18.0,1,1,0,0
1783874429466993100,2026-07-13 00:40:29.466993,1.538204312324524,-2.8138670921325684,959.6601486206055,431.97038769721985,861.8583679199219,571.8162655830383,44.5,25.0,1,1,0,0
1783874429499148200,2026-07-13 00:40:29.499148,0.8107534646987915,-3.6815104484558105,733.1711769104004,526.6005992889404,861.8583679199219,571.8162655830383,47.0,16.5,1,1,0,0
1783874429530773000,2026-07-13 00:40:29.530773,1.4348174333572388,-3.2480757236480713,856.9604873657227,457.93792605400085,861.8583679199219,571.8162655830383,46.0,24.0,1,1,0,0
1783874429561621500,2026-07-13 00:40:29.561621,0.953292965888977,-3.8049533367156982,678.8911819458008,625.1131296157837,861.8583679199219,571.8162655830383,48.5,16.5,1,1,0,0
1783874429592617600,2026-07-13 00:40:29.592618,1.6811131238937378,-3.6010279655456543,929.3971061706543,519.7895765304565,861.8583679199219,571.8162655830383,46.0,27.5,1,1,0,0
1783874429624160800,2026-07-13 00:40:29.624161,1.5405923128128052,-3.8334009647369385,902.2174835205078,549.86572265625,861.8583679199219,571.8162655830383,47.5,20.0,1,1,0,0
1783874429656885900,2026-07-13 00:40:29.656886,1.4413881301879883,-3.6491379737854004,918.1122779846191,535.5367064476013,861.8583679199219,571.8162655830383,44.5,17.0,1,1,0,0
1783874429688343300,2026-07-13 00:40:29.688343,0.7537532448768616,-3.937793016433716,683.299732208252,532.3701500892639,861.8583679199219,549.86572265625,49.5,8.0,1,1,0,0
1783874429718503700,2026-07-13 00:40:29.718504,0.6090989112854004,-3.795910358428955,744.7330474853516,457.765132188797,861.8583679199219,549.86572265625,46.5,29.0,1,1,0,0
1783874429747065300,2026-07-13 00:40:29.747065,1.1687546968460083,-3.648245096206665,871.8633651733398,528.2857418060303,861.8583679199219,535.5367064476013,47.0,28.0,1,1,0,0
1783874429780344600,2026-07-13 00:40:29.780344,1.9181840419769287,-3.2019150257110596,1007.1300506591797,503.94582748413086,861.8583679199219,532.3701500892639,47.0,23.0,1,1,0,0
1783874429812153600,2026-07-13 00:40:29.812154,1.550667643547058,-3.7047832012176514,983.2768440246582,461.96499466896057,861.8583679199219,528.2857418060303,46.0,25.0,1,1,0,0
1783874429841795300,2026-07-13 00:40:29.841795,0.03671858087182045,-2.93351149559021,630.3005695343018,294.2125201225281,861.8583679199219,528.2857418060303,47.0,21.0,1,1,0,0
1783874429871397800,2026-07-13 00:40:29.871398,2.1537632942199707,-2.926060199737549,1294.083023071289,408.587247133255,861.8583679199219,503.94582748413086,46.0,29.0,1,1,0,0
1783874429904091300,2026-07-13 00:40:29.904091,0.7250359058380127,-3.134380340576172,648.7056255340576,312.5799298286438,861.8583679199219,461.96499466896057,48.5,21.0,1,1,0,0
1783874429934674600,2026-07-13 00:40:29.934675,1.4294161796569824,-3.550854444503784,945.0099945068359,526.6786217689514,861.8583679199219,526.6786217689514,46.0,25.0,1,1,0,0
1783874429966253800,2026-07-13 00:40:29.966254,1.7314404249191284,-3.7022409439086914,1139.554500579834,581.3746452331543,861.8583679199219,503.94582748413086,47.5,11.0,1,1,0,0
1783874429999605800,2026-07-13 00:40:29.999606,0.7249022722244263,-3.473379611968994,753.411340713501,489.4700348377228,861.8583679199219,489.4700348377228,48.0,21.0,1,1,0,0
1783874430031294900,2026-07-13 00:40:30.031295,1.861092209815979,-3.567035436630249,1090.728759765625,600.9396314620972,861.8583679199219,526.6786217689514,46.0,24.5,1,1,0,0
1783874430068736300,2026-07-13 00:40:30.068736,0.2735210955142975,-3.414824962615967,630.288028717041,520.3348994255066,861.8583679199219,520.3348994255066,50.0,17.0,1,1,0,0
1783874430099369900,2026-07-13 00:40:30.099370,2.3012499809265137,-3.4486570358276367,1274.7368812561035,523.5621333122253,861.8583679199219,520.3348994255066,47.5,28.0,1,1,0,0
1783874430140546200,2026-07-13 00:40:30.140546,0.9381023049354553,-3.711416244506836,720.0608730316162,534.1856479644775,861.8583679199219,526.6786217689514,53.0,24.0,1,1,0,0
1783874430177028700,2026-07-13 00:40:30.177029,1.4345287084579468,-3.9282844066619873,934.3229293823242,571.1965560913086,861.8583679199219,523.5621333122253,49.0,12.5,1,1,0,0
1783874430208138600,2026-07-13 00:40:30.208138,2.0869290828704834,-4.3905768394470215,1379.03413772583,697.5957751274109,861.8583679199219,526.6786217689514,52.5,28.5,1,1,0,0
1783874430242256000,2026-07-13 00:40:30.242256,2.5002715587615967,-3.8032190799713135,1410.8086585998535,673.1789708137512,861.8583679199219,534.1856479644775,51.5,18.0,1,1,0,0
1783874430273347100,2026-07-13 00:40:30.273347,1.5846278667449951,-3.9731311798095703,1101.2935638427734,647.8275060653687,934.3229293823242,571.1965560913086,53.0,31.0,1,1,0,0
1783874430303504700,2026-07-13 00:40:30.303505,1.5865260362625122,-4.138713836669922,1112.0975494384766,689.9241209030151,1101.2935638427734,647.8275060653687,48.5,25.5,1,1,0,0
1783874430338617600,2026-07-13 00:40:30.338618,0.5787890553474426,-3.1463468074798584,776.2939929962158,434.8953664302826,861.8583679199219,534.1856479644775,47.0,27.0,1,1,0,0
1783874430371515900,2026-07-13 00:40:30.371516,1.7959386110305786,-2.7826592922210693,982.0974349975586,373.045951128006,982.0974349975586,571.1965560913086,46.0,20.5,1,1,0,0
1783874430412561500,2026-07-13 00:40:30.412561,1.4788143634796143,-3.685162305831909,846.0605621337891,586.0235691070557,982.0974349975586,586.0235691070557,49.0,26.0,1,1,0,0
1783874430446708900,2026-07-13 00:40:30.446709,1.4540165662765503,-2.574385166168213,802.7128219604492,369.5031702518463,861.8583679199219,534.1856479644775,46.0,29.5,1,1,0,0
1783874430478448600,2026-07-13 00:40:30.478449,0.07925593852996826,-3.5331695079803467,531.9410800933838,506.16180896759033,861.8583679199219,534.1856479644775,49.5,28.5,1,1,0,0
1783874430509223100,2026-07-13 00:40:30.509223,1.132498025894165,-3.183671474456787,828.2666206359863,397.05878496170044,846.0605621337891,534.1856479644775,39.0,29.0,1,1,0,0
1783874430543078500,2026-07-13 00:40:30.543078,1.277700424194336,-3.5557007789611816,816.0905838012695,392.77878403663635,828.2666206359863,506.16180896759033,40.0,22.0,1,1,0,0
1783874430573692000,2026-07-13 00:40:30.573692,0.8524696230888367,-3.0488319396972656,737.3890399932861,302.19772458076477,828.2666206359863,506.16180896759033,38.5,21.0,1,1,0,0
1783874430607608200,2026-07-13 00:40:30.607608,1.5798887014389038,-3.4786486625671387,889.1284942626953,389.1562521457672,846.0605621337891,397.05878496170044,46.5,20.0,1,1,0,0
1783874430640736300,2026-07-13 00:40:30.640736,2.0013301372528076,-3.6254565715789795,1151.9055366516113,681.6483736038208,828.2666206359863,506.16180896759033,46.0,26.0,1,1,0,0
1783874430673724900,2026-07-13 00:40:30.673725,2.0322518348693848,-5.134915828704834,1353.462791442871,987.7135157585144,846.0605621337891,506.16180896759033,44.5,19.0,1,1,0,0
1783874430706936300,2026-07-13 00:40:30.706936,2.6891286373138428,-5.288939952850342,1849.8231887817383,1014.8391723632812,889.1284942626953,506.16180896759033,51.0,25.0,1,1,0,0
1783874430743564400,2026-07-13 00:40:30.743564,1.8024770021438599,-5.397715091705322,1299.7417449951172,946.979284286499,1151.9055366516113,681.6483736038208,49.5,16.5,1,1,0,0
1783874430776765700,2026-07-13 00:40:30.776766,2.482339382171631,-5.92699670791626,1794.485855102539,1096.6732501983643,1299.7417449951172,946.979284286499,54.0,17.5,1,1,0,0
1783874430810823200,2026-07-13 00:40:30.810823,1.736383080482483,-5.224369525909424,1240.0330543518066,950.3191709518433,1240.0330543518066,946.979284286499,54.0,15.0,1,1,0,0
1783874430850384100,2026-07-13 00:40:30.850384,1.659636378288269,-5.704921245574951,1222.7203369140625,1042.6251888275146,1222.7203369140625,946.979284286499,49.5,10.5,1,1,0,0
1783874430883255900,2026-07-13 00:40:30.883256,2.503767728805542,-5.470052242279053,1758.2679748535156,1072.0595121383667,1299.7417449951172,950.3191709518433,48.0,21.0,1,1,0,0
1783874430914919200,2026-07-13 00:40:30.914919,1.4815689325332642,-6.334074020385742,1285.086441040039,1141.2190198898315,1240.0330543518066,950.3191709518433,47.5,13.5,1,1,0,0
1783874430949469800,2026-07-13 00:40:30.949470,1.9259852170944214,-7.713712215423584,1888.5614395141602,1491.8503761291504,1285.086441040039,1042.6251888275146,51.0,10.5,1,1,0,0
1783874430982212900,2026-07-13 00:40:30.982213,2.2177014350891113,-7.274505138397217,1893.5066223144531,1456.4062356948853,1299.7417449951172,1072.0595121383667,41.0,11.0,1,1,0,0
1783874431017221800,2026-07-13 00:40:31.017222,1.9393891096115112,-7.742398738861084,1741.0137176513672,1455.5805921554565,1299.7417449951172,1141.2190198898315,46.0,11.5,1,1,0,0
1783874431048382300,2026-07-13 00:40:31.048382,2.067028284072876,-7.463400363922119,1891.0154342651367,1487.2698783874512,1741.0137176513672,1455.5805921554565,47.5,11.5,1,1,0,0
1783874431080573600,2026-07-13 00:40:31.080574,2.1434056758880615,-7.346660614013672,1952.7717590332031,1443.9629316329956,1741.0137176513672,1443.9629316329956,42.5,12.5,1,1,0,0
1783874431111870800,2026-07-13 00:40:31.111871,2.235053777694702,-9.07021427154541,2515.0413513183594,1328.994631767273,1741.0137176513672,1328.994631767273,44.5,10.0,1,1,0,0
1783874431146462100,2026-07-13 00:40:31.146462,1.5014008283615112,-7.208630084991455,1447.0013618469238,1439.2088651657104,1741.0137176513672,1443.9629316329956,46.0,12.0,1,1,0,0
1783874431190439800,2026-07-13 00:40:31.190440,1.5303688049316406,-7.145931720733643,1535.6502532958984,1469.3305492401123,1741.0137176513672,1443.9629316329956,46.0,6.0,1,1,0,0
1783874431221334200,2026-07-13 00:40:31.221334,1.45146644115448,-6.949432849884033,1423.1124877929688,1451.3520002365112,1741.0137176513672,1443.9629316329956,48.5,13.0,1,1,0,0
1783874431251393200,2026-07-13 00:40:31.251393,1.7693065404891968,-7.898253440856934,1939.3440246582031,1670.3622341156006,1741.0137176513672,1443.9629316329956,50.0,15.5,1,1,0,0
1783874431283352400,2026-07-13 00:40:31.283352,1.8816980123519897,-7.9203619956970215,1985.3403091430664,1608.5429191589355,1741.0137176513672,1451.3520002365112,46.0,11.0,1,1,0,0
1783874431314578600,2026-07-13 00:40:31.314579,1.8722344636917114,-8.637096405029297,2507.535743713379,1436.437487602234,1741.0137176513672,1443.9629316329956,45.0,10.0,1,1,0,0
1783874431347387800,2026-07-13 00:40:31.347388,1.61859929561615,-8.880077362060547,1955.0079345703125,1693.5511827468872,1939.3440246582031,1451.3520002365112,42.0,14.5,1,1,0,0
1783874431381705500,2026-07-13 00:40:31.381706,2.0789272785186768,-9.300779342651367,2255.730628967285,1534.0451002120972,1955.0079345703125,1451.3520002365112,42.0,9.5,1,1,0,0
1783874431414089000,2026-07-13 00:40:31.414089,1.5800834894180298,-8.51202392578125,1778.411865234375,1655.771017074585,1778.411865234375,1451.3520002365112,41.5,13.0,1,1,0,0
1783874431450663000,2026-07-13 00:40:31.450663,1.6956604719161987,-8.00372314453125,1702.4335861206055,1618.9243793487549,1939.3440246582031,1534.0451002120972,37.5,17.0,1,1,0,0
1783874431493498000,2026-07-13 00:40:31.493498,1.8171733617782593,-8.380019187927246,1777.4728775024414,1594.7973728179932,1778.411865234375,1534.0451002120972,42.0,12.5,1,1,0,0
1783874431524195900,2026-07-13 00:40:31.524196,1.907306432723999,-9.231598854064941,1836.433219909668,1532.4949026107788,1778.411865234375,1532.4949026107788,30.0,15.5,1,1,0,0
1783874431553771500,2026-07-13 00:40:31.553771,1.9684196710586548,-9.571917533874512,1903.7467956542969,1490.9138679504395,1903.7467956542969,1534.0451002120972,36.0,14.0,1,1,0,0
1783874431587441400,2026-07-13 00:40:31.587441,2.0491721630096436,-7.515260219573975,1847.7720260620117,1489.007592201233,1836.433219909668,1532.4949026107788,36.0,11.0,1,1,0,0
1783874431620361600,2026-07-13 00:40:31.620362,1.6622422933578491,-9.253462791442871,1730.7435989379883,1599.7833013534546,1778.411865234375,1532.4949026107788,46.0,11.5,1,1,0,0
1783874431657743900,2026-07-13 00:40:31.657744,1.63639235496521,-8.933178901672363,1540.2240753173828,1611.9903326034546,1836.433219909668,1534.0451002120972,42.0,15.5,1,1,0,0
1783874431697227500,2026-07-13 00:40:31.697227,1.3763574361801147,-7.770625591278076,1335.6268882751465,1553.9393424987793,1778.411865234375,1534.0451002120972,39.0,13.0,1,1,0,0
1783874431732137400,2026-07-13 00:40:31.732137,1.871572494506836,-9.144140243530273,1873.0829238891602,1657.1534872055054,1778.411865234375,1553.9393424987793,35.5,14.5,1,1,0,0
1783874431762992900,2026-07-13 00:40:31.762993,1.959900140762329,-7.539761066436768,1797.2785949707031,1594.632625579834,1797.2785949707031,1553.9393424987793,36.0,14.0,1,1,0,0
1783874431794695700,2026-07-13 00:40:31.794696,1.9312689304351807,-8.517226219177246,1761.1026763916016,1618.754506111145,1778.411865234375,1553.9393424987793,40.5,17.0,1,1,0,0
1783874431824446700,2026-07-13 00:40:31.824447,1.8359991312026978,-8.53360652923584,1889.6453857421875,1666.8668985366821,1797.2785949707031,1594.632625579834,24.0,12.0,1,1,0,0
1783874431857447300,2026-07-13 00:40:31.857447,1.7127962112426758,-8.20496654510498,1501.3525009155273,1479.280710220337,1797.2785949707031,1553.9393424987793,38.5,12.5,1,1,0,0
1783874431889582600,2026-07-13 00:40:31.889583,1.707261562347412,-6.112415313720703,1205.5482864379883,1269.592046737671,1778.411865234375,1553.9393424987793,43.5,15.0,1,1,0,0
1783874431924000700,2026-07-13 00:40:31.924001,1.6619691848754883,-6.204648494720459,1347.3461151123047,1357.405185699463,1778.411865234375,1553.9393424987793,31.5,8.5,1,1,0,0
1783874431957518200,2026-07-13 00:40:31.957518,1.9766676425933838,-7.639069080352783,1930.4622650146484,1475.0200510025024,1797.2785949707031,1479.280710220337,45.5,21.5,1,1,0,0
1783874431993402200,2026-07-13 00:40:31.993402,1.4454734325408936,-7.248958110809326,1552.0865440368652,1452.613115310669,1778.411865234375,1475.0200510025024,33.0,23.0,1,1,0,0
1783874432020306200,2026-07-13 00:40:32.020306,1.4454734325408936,-7.248958110809326,1552.0865440368652,1452.613115310669,1778.411865234375,1475.0200510025024,33.0,17.5,1,1,0,0
1783874432056511900,2026-07-13 00:40:32.056512,1.920807123184204,-6.973867893218994,1692.5559997558594,1257.7964067459106,1778.411865234375,1475.0200510025024,34.5,21.5,1,1,0,0
1783874432089408700,2026-07-13 00:40:32.089409,1.8341821432113647,-6.7046122550964355,1601.3381958007812,1279.6233892440796,1692.5559997558594,1452.613115310669,33.0,15.5,1,1,0,0
1783874432122426400,2026-07-13 00:40:32.122426,1.761114478111267,-7.057331562042236,1683.8754653930664,1337.5980854034424,1692.5559997558594,1452.613115310669,46.5,16.0,1,1,0,0
1783874432155016200,2026-07-13 00:40:32.155016,2.0195682048797607,-8.146753311157227,1819.0126419067383,1311.4274740219116,1778.411865234375,1337.5980854034424,33.5,22.0,1,1,0,0
1783874432186517200,2026-07-13 00:40:32.186517,2.09443998336792,-8.05124282836914,1996.4717864990234,1353.488564491272,1692.5559997558594,1353.488564491272,44.5,18.5,1,1,0,0
1783874432222789000,2026-07-13 00:40:32.222789,2.1074702739715576,-8.111312866210938,2050.1415252685547,1490.8472299575806,1778.411865234375,1452.613115310669,30.0,24.5,1,1,0,0
1783874432255599500,2026-07-13 00:40:32.255599,1.9377832412719727,-8.21674633026123,1925.600242614746,1496.214509010315,1819.0126419067383,1353.488564491272,33.0,15.5,1,1,0,0
1783874432292240400,2026-07-13 00:40:32.292240,2.0785372257232666,-8.550827980041504,1750.0707626342773,1389.2170190811157,1750.0707626342773,1389.2170190811157,34.0,18.5,1,1,0,0
1783874432322326700,2026-07-13 00:40:32.322327,1.9651650190353394,-7.6036763191223145,1845.3166961669922,1482.7836751937866,1819.0126419067383,1452.613115310669,34.5,11.0,1,1,0,0
1783874432350518400,2026-07-13 00:40:32.350518,2.0111093521118164,-8.407196044921875,1728.0611038208008,1557.5867891311646,1819.0126419067383,1452.613115310669,19.5,15.0,1,1,0,0
1783874432382129900,2026-07-13 00:40:32.382130,1.8669193983078003,-8.767487525939941,1817.5687789916992,1610.952615737915,1817.5687789916992,1452.613115310669,33.0,10.0,1,1,0,0
1783874432414269900,2026-07-13 00:40:32.414270,1.5495351552963257,-7.490933418273926,1850.2418518066406,1807.1542978286743,1819.0126419067383,1482.7836751937866,34.0,14.0,1,1,0,0
1783874432454357800,2026-07-13 00:40:32.454358,1.8860137462615967,-8.060321807861328,2006.0930252075195,1728.5006046295166,1819.0126419067383,1557.5867891311646,33.5,13.5,1,1,0,0
1783874432485419300,2026-07-13 00:40:32.485419,1.9289171695709229,-8.372429847717285,1894.3841934204102,1711.532473564148,1819.0126419067383,1610.952615737915,26.5,11.0,1,1,0,0
1783874432515702400,2026-07-13 00:40:32.515702,1.8489670753479004,-7.77048921585083,1865.951919555664,1666.5661334991455,1850.2418518066406,1666.5661334991455,34.5,12.5,1,1,0,0
1783874432546188400,2026-07-13 00:40:32.546188,1.9444578886032104,-8.648886680603027,1842.912483215332,1702.1108865737915,1842.912483215332,1666.5661334991455,36.5,11.5,1,1,0,0
1783874432575321300,2026-07-13 00:40:32.575321,1.8745516538619995,-9.65051555633545,1765.4460906982422,1723.747730255127,1819.0126419067383,1666.5661334991455,25.5,11.0,1,1,0,0
1783874432606667400,2026-07-13 00:40:32.606668,1.4147673845291138,-11.691091537475586,797.0804691314697,1867.2362565994263,1842.912483215332,1666.5661334991455,10.5,9.0,1,1,0,0
1783874432635131400,2026-07-13 00:40:32.635131,1.874045729637146,-11.973946571350098,785.1743698120117,1783.7305068969727,1819.0126419067383,1702.1108865737915,10.0,6.0,1,1,0,0
1783874432666827900,2026-07-13 00:40:32.666828,2.1139495372772217,-12.812801361083984,496.69389724731445,1848.7815856933594,1765.4460906982422,1723.747730255127,12.5,1.0,1,1,0,0
1783874432699295600,2026-07-13 00:40:32.699296,2.0422780513763428,-12.120377540588379,872.069263458252,1889.3933296203613,872.069263458252,1783.7305068969727,15.0,0.0,1,1,0,0
1783874432741635200,2026-07-13 00:40:32.741635,2.1794021129608154,-12.155373573303223,889.9580001831055,1752.2025108337402,889.9580001831055,1752.2025108337402,17.0,3.5,1,1,0,0
1783874432773623000,2026-07-13 00:40:32.773623,2.0496320724487305,-11.669246673583984,990.5364036560059,1610.4826927185059,990.5364036560059,1723.747730255127,20.5,3.5,1,1,0,0
1783874432804072900,2026-07-13 00:40:32.804073,1.7672685384750366,-10.263676643371582,1154.062557220459,1773.2664346694946,889.9580001831055,1773.2664346694946,25.0,0.0,1,1,0,0
1783874432835519200,2026-07-13 00:40:32.835519,2.007518768310547,-10.299665451049805,1553.3806800842285,1536.7496013641357,990.5364036560059,1752.2025108337402,25.0,2.5,1,1,0,0
1783874432868576200,2026-07-13 00:40:32.868576,1.9699678421020508,-10.092930793762207,1522.7564811706543,1648.023247718811,990.5364036560059,1723.747730255127,20.0,6.0,1,1,0,0
1783874432903792200,2026-07-13 00:40:32.903792,1.92124342918396,-9.574396133422852,2000.8390426635742,1700.5573511123657,1154.062557220459,1723.747730255127,28.0,10.5,1,1,0,0
1783874432942643600,2026-07-13 00:40:32.942644,2.038869857788086,-9.946737289428711,1909.5754623413086,1596.5032577514648,1522.7564811706543,1700.5573511123657,18.5,12.0,1,1,0,0
1783874432973466100,2026-07-13 00:40:32.973466,1.9002251625061035,-9.523385047912598,1744.5924758911133,1797.7224588394165,1522.7564811706543,1723.747730255127,13.5,5.0,1,1,0,0
1783874433003722500,2026-07-13 00:40:33.003722,1.9463478326797485,-9.37857437133789,1778.4439086914062,1843.5369729995728,1744.5924758911133,1723.747730255127,27.5,13.5,1,1,0,0
1783874433036218400,2026-07-13 00:40:33.036218,1.8436623811721802,-9.001437187194824,1840.380859375,1790.2330160140991,1744.5924758911133,1723.747730255127,20.0,4.0,1,1,0,0
1783874433082006900,2026-07-13 00:40:33.082007,1.8431406021118164,-8.80263614654541,1905.0165176391602,1770.0632810592651,1744.5924758911133,1770.0632810592651,25.5,12.0,1,1,0,0
1783874433111360900,2026-07-13 00:40:33.111361,1.964304804801941,-9.342001914978027,1950.9944915771484,1744.8818683624268,1778.4439086914062,1744.8818683624268,31.5,8.5,1,1,0,0
1783874433141272700,2026-07-13 00:40:33.141273,1.9647976160049438,-8.226879119873047,1828.6108016967773,1674.9751567840576,1828.6108016967773,1723.747730255127,29.0,4.0,1,1,0,0
1783874433174644000,2026-07-13 00:40:33.174644,1.8772165775299072,-9.295040130615234,2088.030433654785,1708.8502645492554,1828.6108016967773,1744.8818683624268,31.0,9.0,1,1,0,0
1783874433208564400,2026-07-13 00:40:33.208565,1.9432426691055298,-9.512459754943848,2146.7376708984375,1622.7664947509766,1828.6108016967773,1723.747730255127,30.0,9.0,1,1,0,0
1783874433244272200,2026-07-13 00:40:33.244272,1.9415305852890015,-9.009474754333496,2072.857093811035,1549.9632358551025,1828.6108016967773,1708.8502645492554,32.0,15.0,1,1,0,0
1783874433283385100,2026-07-13 00:40:33.283385,1.8696683645248413,-6.828268051147461,1546.810245513916,1484.2220544815063,1828.6108016967773,1708.8502645492554,47.5,9.5,1,1,0,0
1783874433314016800,2026-07-13 00:40:33.314017,2.3022916316986084,-5.801884174346924,1795.9983825683594,1149.8663425445557,1828.6108016967773,1622.7664947509766,43.5,11.5,1,1,0,0
1783874433346637800,2026-07-13 00:40:33.346638,2.3388285636901855,-6.3194050788879395,1975.4838943481445,1132.1208477020264,1828.6108016967773,1549.9632358551025,46.0,14.5,1,1,0,0
1783874433377144800,2026-07-13 00:40:33.377145,2.4094855785369873,-5.592045783996582,1795.393180847168,1010.7599496841431,1828.6108016967773,1484.2220544815063,48.5,15.0,1,1,0,0
1783874433409528300,2026-07-13 00:40:33.409528,2.184600591659546,-6.389517307281494,2064.0954971313477,1154.2134284973145,1828.6108016967773,1154.2134284973145,51.0,20.0,1,1,0,0
1783874433443330900,2026-07-13 00:40:33.443331,2.402625560760498,-5.887198448181152,1749.0253448486328,1021.5846300125122,1828.6108016967773,1154.2134284973145,50.0,26.5,1,1,0,0
1783874433475326100,2026-07-13 00:40:33.475326,2.8330423831939697,-4.609883785247803,1917.8363800048828,816.8116211891174,1828.6108016967773,1154.2134284973145,53.5,23.5,1,1,0,0
1783874433510671500,2026-07-13 00:40:33.510672,2.1979167461395264,-4.55124044418335,1350.5866050720215,771.5703845024109,1828.6108016967773,1154.2134284973145,51.0,30.5,1,1,0,0
1783874433546847000,2026-07-13 00:40:33.546847,1.7771610021591187,-4.053005218505859,1123.4702110290527,654.819667339325,1828.6108016967773,1021.5846300125122,45.5,26.5,1,1,0,0
1783874433576497700,2026-07-13 00:40:33.576498,1.9029444456100464,-5.161134243011475,1362.4070167541504,856.7413687705994,1828.6108016967773,856.7413687705994,47.0,21.0,1,1,0,0
1783874433620361900,2026-07-13 00:40:33.620362,1.957539677619934,-5.162466526031494,1420.5086708068848,872.1332550048828,1420.5086708068848,872.1332550048828,46.0,25.5,1,1,0,0
1783874433650944900,2026-07-13 00:40:33.650945,1.9581185579299927,-5.216525554656982,1479.140853881836,951.9701600074768,1479.140853881836,951.9701600074768,49.5,30.5,1,1,0,0
1783874433682453700,2026-07-13 00:40:33.682454,1.84658944606781,-4.788436412811279,1301.0114669799805,849.2029309272766,1420.5086708068848,856.7413687705994,46.0,25.5,1,1,0,0
1783874433712746300,2026-07-13 00:40:33.712746,1.890496850013733,-4.586744785308838,1225.3854751586914,797.0731258392334,1420.5086708068848,872.1332550048828,47.0,27.5,1,1,0,0
1783874433744894300,2026-07-13 00:40:33.744894,1.7996770143508911,-3.6486191749572754,1099.0983963012695,611.9390726089478,1420.5086708068848,856.7413687705994,50.5,24.5,1,1,0,0
1783874433782532700,2026-07-13 00:40:33.782533,1.6357043981552124,-4.299870014190674,1062.4963760375977,714.5611047744751,1301.0114669799805,849.2029309272766,52.5,23.5,1,1,0,0
1783874433821781000,2026-07-13 00:40:33.821781,2.580015182495117,-4.272951602935791,1557.8110694885254,742.2274947166443,1420.5086708068848,797.0731258392334,50.5,19.5,1,1,0,0
1783874433853435200,2026-07-13 00:40:33.853435,1.172415018081665,-5.098494052886963,1152.0866394042969,860.2043986320496,1301.0114669799805,856.7413687705994,51.0,23.5,1,1,0,0
1783874433891560800,2026-07-13 00:40:33.891561,1.777575135231018,-3.4295880794525146,1103.7742614746094,552.9934763908386,1301.0114669799805,797.0731258392334,53.5,18.5,1,1,0,0
1783874433925077500,2026-07-13 00:40:33.925077,0.26984500885009766,-4.411034107208252,751.8566131591797,749.3077516555786,1301.0114669799805,797.0731258392334,52.5,23.5,1,1,0,0
1783874433960415700,2026-07-13 00:40:33.960416,0.7858030200004578,-4.689139366149902,813.3245468139648,855.1275134086609,1152.0866394042969,855.1275134086609,48.5,27.0,1,1,0,0
1783874433995510400,2026-07-13 00:40:33.995510,1.4521005153656006,-4.0088300704956055,919.1455841064453,667.6780581474304,1103.7742614746094,797.0731258392334,48.5,30.0,1,1,0,0
1783874434027130100,2026-07-13 00:40:34.027130,0.6430561542510986,-3.8562026023864746,616.1209106445312,650.2106189727783,919.1455841064453,797.0731258392334,54.5,25.5,1,1,0,0
1783874434060588600,2026-07-13 00:40:34.060589,2.2623214721679688,-4.090912818908691,1284.8492622375488,616.0821914672852,1152.0866394042969,797.0731258392334,50.0,23.5,1,1,0,0
1783874434089403000,2026-07-13 00:40:34.089403,1.7755736112594604,-3.6294467449188232,1084.6446990966797,507.93588161468506,1084.6446990966797,667.6780581474304,54.5,23.0,1,1,0,0
1783874434125606700,2026-07-13 00:40:34.125607,1.0844993591308594,-4.296600818634033,937.8283500671387,748.3975887298584,937.8283500671387,748.3975887298584,52.5,26.0,1,1,0,0
1783874434158454400,2026-07-13 00:40:34.158454,0.017930615693330765,-4.270528316497803,708.8377475738525,690.6316876411438,1084.6446990966797,690.6316876411438,52.5,24.5,1,1,0,0
1783874434189230400,2026-07-13 00:40:34.189230,1.8361999988555908,-3.7146108150482178,1258.3898544311523,638.874351978302,1084.6446990966797,667.6780581474304,55.5,18.0,1,1,0,0
1783874434223066900,2026-07-13 00:40:34.223067,0.8575481176376343,-4.321804523468018,855.3869247436523,680.4991364479065,937.8283500671387,690.6316876411438,52.0,21.0,1,1,0,0
1783874434256996800,2026-07-13 00:40:34.256997,1.5455440282821655,-3.2620527744293213,1010.1725578308105,541.67640209198,1010.1725578308105,680.4991364479065,53.0,21.0,1,1,0,0
1783874434292458700,2026-07-13 00:40:34.292459,1.7757467031478882,-4.971917629241943,1345.1135635375977,796.4767217636108,1084.6446990966797,680.4991364479065,52.5,17.5,1,1,0,0
1783874434330751100,2026-07-13 00:40:34.330751,2.2378575801849365,-3.637253761291504,1379.4544219970703,610.360324382782,1010.1725578308105,680.4991364479065,54.0,14.0,1,1,0,0
1783874434368223100,2026-07-13 00:40:34.368223,2.116007089614868,-4.044802665710449,1348.9252090454102,578.9486765861511,1084.6446990966797,680.4991364479065,49.0,25.5,1,1,0,0
1783874434400391700,2026-07-13 00:40:34.400392,2.502690076828003,-5.036972522735596,1638.4933471679688,780.3925275802612,1345.1135635375977,680.4991364479065,54.5,20.0,1,1,0,0
1783874434427151100,2026-07-13 00:40:34.427151,2.3517906665802,-5.2201247215271,1591.897201538086,830.1195502281189,1348.9252090454102,680.4991364479065,47.0,24.0,1,1,0,0
1783874434455560900,2026-07-13 00:40:34.455561,2.3918399810791016,-4.517941951751709,1479.7677040100098,684.6261024475098,1348.9252090454102,680.4991364479065,49.5,20.0,1,1,0,0
1783874434486776300,2026-07-13 00:40:34.486776,2.8135628700256348,-5.261623859405518,1853.0550003051758,877.3107528686523,1479.7677040100098,684.6261024475098,55.5,22.0,1,1,0,0
1783874434516692400,2026-07-13 00:40:34.516692,2.329841375350952,-5.24321985244751,1683.10546875,855.976402759552,1479.7677040100098,684.6261024475098,53.5,25.0,1,1,0,0
1783874434545132200,2026-07-13 00:40:34.545132,2.417492389678955,-4.891478538513184,2320.8648681640625,744.7172403335571,1479.7677040100098,684.6261024475098,53.0,22.5,1,1,0,0
1783874434573040900,2026-07-13 00:40:34.573041,2.2468769550323486,-4.446741580963135,1840.420150756836,789.338231086731,1683.10546875,744.7172403335571,51.5,20.0,1,1,0,0
1783874434605051400,2026-07-13 00:40:34.605051,2.1340649127960205,-5.846858501434326,2539.0066146850586,799.5726466178894,1683.10546875,744.7172403335571,48.0,24.5,1,1,0,0
1783874434638193300,2026-07-13 00:40:34.638193,2.212329149246216,-4.902035236358643,2097.987937927246,904.9839377403259,1840.420150756836,744.7172403335571,50.0,21.5,1,1,0,0
1783874434670183700,2026-07-13 00:40:34.670184,2.2928903102874756,-5.7600016593933105,2492.650604248047,846.9122648239136,1840.420150756836,789.338231086731,48.5,28.0,1,1,0,0
1783874434701961800,2026-07-13 00:40:34.701962,1.9838736057281494,-6.025475025177002,2291.0064697265625,905.7683944702148,2097.987937927246,799.5726466178894,48.0,23.5,1,1,0,0
1783874434735128200,2026-07-13 00:40:34.735128,2.095820426940918,-6.1402459144592285,2181.285285949707,902.7830362319946,2097.987937927246,846.9122648239136,51.0,24.0,1,1,0,0
1783874434767173000,2026-07-13 00:40:34.767173,2.1365396976470947,-6.790397644042969,2522.2278594970703,982.7218055725098,2181.285285949707,846.9122648239136,50.5,23.5,1,1,0,0
1783874434808604100,2026-07-13 00:40:34.808604,2.183107614517212,-6.167637348175049,2421.970558166504,960.6701135635376,2181.285285949707,902.7830362319946,51.5,25.0,1,1,0,0
1783874434841436200,2026-07-13 00:40:34.841436,1.971011757850647,-7.253074645996094,2724.735450744629,851.5811562538147,2181.285285949707,851.5811562538147,49.5,28.0,1,1,0,0
1783874434874643300,2026-07-13 00:40:34.874643,2.0747857093811035,-7.232168674468994,2683.6280822753906,899.9278545379639,2421.970558166504,899.9278545379639,50.5,28.0,1,1,0,0
1783874434904975800,2026-07-13 00:40:34.904976,2.0449159145355225,-6.122429370880127,2140.2923583984375,950.7275223731995,2181.285285949707,902.7830362319946,50.5,28.5,1,1,0,0
1783874434938451000,2026-07-13 00:40:34.938451,2.2205944061279297,-6.54443883895874,2677.0408630371094,856.3247919082642,2421.970558166504,856.3247919082642,52.5,28.5,1,1,0,0
1783874434970410000,2026-07-13 00:40:34.970410,2.307487964630127,-6.656069755554199,2588.5236740112305,853.0513644218445,2421.970558166504,899.9278545379639,56.5,25.5,1,1,0,0
1783874435005968900,2026-07-13 00:40:35.005969,2.1437692642211914,-6.251333236694336,2146.181106567383,899.0533351898193,2181.285285949707,899.0533351898193,48.0,27.5,1,1,0,0
1783874435039401300,2026-07-13 00:40:35.039401,2.11466383934021,-7.267725944519043,2771.2732315063477,768.183708190918,2421.970558166504,856.3247919082642,54.0,27.0,1,1,0,0
1783874435074470700,2026-07-13 00:40:35.074471,2.369685411453247,-6.464123249053955,2641.362190246582,829.5508623123169,2421.970558166504,856.3247919082642,47.5,31.0,1,1,0,0
1783874435106002000,2026-07-13 00:40:35.106002,2.027588129043579,-6.682775974273682,2165.73543548584,1021.6403007507324,2181.285285949707,899.0533351898193,50.5,24.0,1,1,0,0
1783874435145935600,2026-07-13 00:40:35.145936,2.4157652854919434,-6.943950176239014,2517.0345306396484,931.6253662109375,2421.970558166504,856.3247919082642,44.0,31.5,1,1,0,0
1783874435178421100,2026-07-13 00:40:35.178421,2.043902635574341,-8.263921737670898,2697.903060913086,849.4206070899963,2421.970558166504,856.3247919082642,47.0,26.0,1,1,0,0
1783874435210209900,2026-07-13 00:40:35.210210,2.423550605773926,-7.196425914764404,2643.23787689209,990.01145362854,2421.970558166504,899.0533351898193,47.0,39.5,1,1,0,0
1783874435245174100,2026-07-13 00:40:35.245174,2.1462361812591553,-6.502000331878662,2034.8209381103516,1167.9346561431885,2421.970558166504,899.0533351898193,47.5,25.5,1,1,0,0
1783874435279284000,2026-07-13 00:40:35.279284,2.0427825450897217,-6.7972307205200195,2113.3468627929688,1203.9796113967896,2421.970558166504,899.0533351898193,48.0,18.5,1,1,0,0
1783874435312398000,2026-07-13 00:40:35.312398,2.131901979446411,-7.8923797607421875,2671.4595794677734,1037.4805927276611,2421.970558166504,990.01145362854,55.5,29.5,1,1,0,0
1783874435346763400,2026-07-13 00:40:35.346764,2.15704345703125,-6.761204242706299,2199.8828887939453,1060.8681440353394,2421.970558166504,1037.4805927276611,45.0,14.0,1,1,0,0
1783874435379242600,2026-07-13 00:40:35.379242,2.03159499168396,-8.101081848144531,2774.049186706543,997.3840713500977,2421.970558166504,997.3840713500977,50.0,31.0,1,1,0,0
1783874435411483700,2026-07-13 00:40:35.411484,2.05149507522583,-7.654139995574951,2936.8209838867188,1164.2022132873535,2421.970558166504,1037.4805927276611,46.0,22.0,1,1,0,0
1783874435445413600,2026-07-13 00:40:35.445414,1.806052327156067,-9.497237205505371,2894.4442749023438,1064.1648769378662,2421.970558166504,1037.4805927276611,54.5,27.5,1,1,0,0
1783874435481872600,2026-07-13 00:40:35.481873,2.1373727321624756,-7.5796990394592285,2962.1335983276367,1231.359601020813,2774.049186706543,1037.4805927276611,44.5,23.5,1,1,0,0
1783874435513506100,2026-07-13 00:40:35.513506,1.8406106233596802,-9.683945655822754,2795.271110534668,1073.6758708953857,2795.271110534668,1064.1648769378662,54.0,24.0,1,1,0,0
1783874435548331600,2026-07-13 00:40:35.548331,1.9505552053451538,-8.422860145568848,2776.199531555176,1439.698576927185,2776.199531555176,1064.1648769378662,46.5,24.0,1,1,0,0
1783874435590266000,2026-07-13 00:40:35.590266,2.0429635047912598,-8.8853178024292,2779.619026184082,1249.5169639587402,2779.619026184082,1073.6758708953857,54.0,22.0,1,1,0,0
1783874435622783000,2026-07-13 00:40:35.622783,2.049586772918701,-7.890564441680908,2484.9681854248047,1402.077555656433,2779.619026184082,1073.6758708953857,44.5,23.5,1,1,0,0
1783874435653086000,2026-07-13 00:40:35.653086,1.9988610744476318,-9.082345962524414,2768.202018737793,1199.5631456375122,2776.199531555176,1199.5631456375122,53.5,17.0,1,1,0,0
1783874435685371800,2026-07-13 00:40:35.685372,2.228517532348633,-7.901239395141602,2726.616096496582,1313.425064086914,2776.199531555176,1199.5631456375122,41.5,21.0,1,1,0,0
1783874435716905300,2026-07-13 00:40:35.716905,2.066772937774658,-8.77072811126709,2796.062660217285,1272.558093070984,2779.619026184082,1199.5631456375122,48.0,22.0,1,1,0,0
1783874435751685100,2026-07-13 00:40:35.751685,2.0309629440307617,-8.406729698181152,2509.429931640625,1442.003607749939,2776.199531555176,1199.5631456375122,46.5,29.5,1,1,0,0
1783874435783374900,2026-07-13 00:40:35.783375,2.0129525661468506,-8.957226753234863,2843.890380859375,1235.841155052185,2776.199531555176,1235.841155052185,47.0,20.0,1,1,0,0
1783874435818371400,2026-07-13 00:40:35.818371,2.1189656257629395,-8.261354446411133,2769.3235397338867,1378.1445026397705,2776.199531555176,1235.841155052185,47.0,22.0,1,1,0,0
1783874435852869200,2026-07-13 00:40:35.852869,2.1123321056365967,-8.690004348754883,2759.4213485717773,1355.7544946670532,2776.199531555176,1235.841155052185,50.0,29.0,1,1,0,0
1783874435892648500,2026-07-13 00:40:35.892648,2.1237633228302,-8.330377578735352,2591.370964050293,1444.723129272461,2776.199531555176,1235.841155052185,47.0,26.0,1,1,0,0
1783874435925122100,2026-07-13 00:40:35.925122,2.1695010662078857,-7.9290361404418945,2759.914970397949,1486.4422082901,2769.3235397338867,1355.7544946670532,48.5,22.0,1,1,0,0
1783874435956828700,2026-07-13 00:40:35.956829,2.1516849994659424,-7.8328166007995605,2496.4279174804688,1486.435055732727,2759.914970397949,1355.7544946670532,45.0,18.0,1,1,0,0
1783874435990659500,2026-07-13 00:40:35.990659,1.9946216344833374,-8.459427833557129,2842.728805541992,1367.859959602356,2776.199531555176,1367.859959602356,45.5,16.5,1,1,0,0
1783874436024120300,2026-07-13 00:40:36.024120,1.8903100490570068,-7.781132221221924,2535.1865768432617,1505.2063465118408,2759.914970397949,1367.859959602356,44.0,18.0,1,1,0,0
1783874436056274600,2026-07-13 00:40:36.056275,1.9106999635696411,-7.74630880355835,2432.722854614258,1484.9917888641357,2759.914970397949,1367.859959602356,45.0,15.0,1,1,0,0
1783874436091535900,2026-07-13 00:40:36.091536,1.8437995910644531,-7.485677719116211,2681.822967529297,1568.6252117156982,2759.914970397949,1367.859959602356,40.5,20.0,1,1,0,0
1783874436140575000,2026-07-13 00:40:36.140575,1.9810415506362915,-8.11323356628418,2703.5932540893555,1411.2703800201416,2703.5932540893555,1411.2703800201416,49.0,16.0,1,1,0,0
1783874436175824200,2026-07-13 00:40:36.175824,1.9146180152893066,-7.89922571182251,2529.8959732055664,1552.1737337112427,2703.5932540893555,1411.2703800201416,42.5,27.5,1,1,0,0
1783874436214282800,2026-07-13 00:40:36.214283,1.9805060625076294,-8.381058692932129,2457.3463439941406,1539.9280786514282,2703.5932540893555,1411.2703800201416,48.5,26.0,1,1,0,0
1783874436243801400,2026-07-13 00:40:36.243801,2.035475254058838,-7.892776012420654,2311.0788345336914,1521.2385654449463,2703.5932540893555,1411.2703800201416,42.0,17.5,1,1,0,0
1783874436275162000,2026-07-13 00:40:36.275162,2.117762804031372,-7.82252836227417,2765.4788970947266,1340.363621711731,2703.5932540893555,1411.2703800201416,49.0,21.5,1,1,0,0
1783874436308393500,2026-07-13 00:40:36.308393,1.9193733930587769,-8.809642791748047,2665.373420715332,1572.53897190094,2703.5932540893555,1411.2703800201416,46.0,25.0,1,1,0,0
1783874436338581600,2026-07-13 00:40:36.338582,1.8674132823944092,-8.315633773803711,2517.085647583008,1469.4980382919312,2703.5932540893555,1411.2703800201416,45.0,29.0,1,1,0,0
1783874436368541600,2026-07-13 00:40:36.368542,1.670680046081543,-8.675896644592285,3006.635093688965,1186.0661506652832,2703.5932540893555,1411.2703800201416,47.0,25.5,1,1,0,0
1783874436400666800,2026-07-13 00:40:36.400667,1.9470913410186768,-8.072837829589844,2295.4395294189453,1647.1993923187256,2703.5932540893555,1411.2703800201416,34.5,28.5,1,1,0,0
1783874436432732900,2026-07-13 00:40:36.432733,2.0272278785705566,-9.67846393585205,1892.8508758544922,1538.8169288635254,2703.5932540893555,1411.2703800201416,18.0,12.5,1,1,0,0
1783874436462469600,2026-07-13 00:40:36.462470,1.6967202425003052,-8.468297004699707,1370.4967498779297,1545.107364654541,2703.5932540893555,1411.2703800201416,15.5,10.5,1,1,0,0
1783874436494441000,2026-07-13 00:40:36.494441,2.0996639728546143,-9.835431098937988,1514.681625366211,1607.2218418121338,2295.4395294189453,1538.8169288635254,23.5,8.0,1,1,0,0
1783874436525842400,2026-07-13 00:40:36.525842,1.8423354625701904,-8.960345268249512,1437.0732307434082,1625.3501176834106,1892.8508758544922,1538.8169288635254,21.0,11.0,1,1,0,0
1783874436555943600,2026-07-13 00:40:36.555944,1.254483938217163,-7.906067848205566,1060.146141052246,1624.5265007019043,1514.681625366211,1545.107364654541,21.5,9.5,1,1,0,0
1783874436592013500,2026-07-13 00:40:36.592014,1.048574686050415,-9.123503684997559,1154.4832229614258,1700.09446144104,1514.681625366211,1607.2218418121338,22.5,8.0,1,1,0,0
1783874436626592000,2026-07-13 00:40:36.626592,1.4517529010772705,-8.470248222351074,1282.394027709961,1710.4262113571167,1437.0732307434082,1624.5265007019043,25.0,6.0,1,1,0,0
1783874436660829800,2026-07-13 00:40:36.660830,1.3397716283798218,-7.571001052856445,1001.0837554931641,1619.0705299377441,1282.394027709961,1619.0705299377441,25.0,9.5,1,1,0,0
1783874436690353500,2026-07-13 00:40:36.690353,1.1565232276916504,-8.080697059631348,1192.2511100769043,1719.6928262710571,1282.394027709961,1624.5265007019043,25.0,12.5,1,1,0,0
1783874436717730400,2026-07-13 00:40:36.717730,1.2981480360031128,-9.281200408935547,1080.2806854248047,1541.1828756332397,1282.394027709961,1624.5265007019043,26.0,13.0,1,1,0,0
1783874436753612200,2026-07-13 00:40:36.753612,1.483344554901123,-8.927302360534668,1142.2456741333008,1618.7374591827393,1192.2511100769043,1619.0705299377441,27.0,13.5,1,1,0,0
1783874436789528000,2026-07-13 00:40:36.789528,1.229758381843567,-9.086636543273926,1032.6640129089355,1601.3206243515015,1192.2511100769043,1619.0705299377441,27.0,12.5,1,1,0,0
1783874436819451800,2026-07-13 00:40:36.819452,0.8601478338241577,-8.318432807922363,806.010627746582,1550.31418800354,1142.2456741333008,1618.7374591827393,25.0,12.5,1,1,0,0
1783874436847008300,2026-07-13 00:40:36.847008,1.3991186618804932,-9.60511302947998,1135.2380752563477,1649.046540260315,1142.2456741333008,1619.0705299377441,28.0,10.5,1,1,0,0
1783874436876132800,2026-07-13 00:40:36.876133,0.7329176068305969,-7.624179363250732,722.709321975708,1481.432318687439,1135.2380752563477,1618.7374591827393,25.0,13.5,1,1,0,0
1783874436908542100,2026-07-13 00:40:36.908542,1.2831488847732544,-9.80501651763916,955.9318542480469,1609.5858812332153,1135.2380752563477,1618.7374591827393,29.0,9.5,1,1,0,0
1783874436940609300,2026-07-13 00:40:36.940609,1.0693899393081665,-7.517608642578125,757.3435306549072,1613.1207942962646,1135.2380752563477,1618.7374591827393,25.0,9.0,1,1,0,0
1783874436973685800,2026-07-13 00:40:36.973686,0.8120668530464172,-7.395909786224365,605.1048755645752,1537.2393131256104,955.9318542480469,1613.1207942962646,30.0,11.5,1,1,0,0
1783874437006781900,2026-07-13 00:40:37.006782,0.9805533289909363,-8.33006763458252,740.3196811676025,1574.7606754302979,955.9318542480469,1613.1207942962646,24.0,10.0,1,1,0,0
1783874437043045300,2026-07-13 00:40:37.043045,0.4869086742401123,-8.194558143615723,667.8732395172119,1425.5363941192627,757.3435306549072,1613.1207942962646,26.0,12.0,1,1,0,0
1783874437075596400,2026-07-13 00:40:37.075596,1.4347740411758423,-8.677984237670898,1055.551528930664,1703.689455986023,955.9318542480469,1613.1207942962646,25.0,8.0,1,1,0,0
1783874437114558800,2026-07-13 00:40:37.114559,1.1269967555999756,-7.186678409576416,729.7548294067383,1528.9897918701172,757.3435306549072,1613.1207942962646,23.5,11.5,1,1,0,0
1783874437149515100,2026-07-13 00:40:37.149515,1.6985851526260376,-8.972922325134277,1186.6944313049316,1707.5551748275757,757.3435306549072,1613.1207942962646,30.0,12.5,1,1,0,0
1783874437182715000,2026-07-13 00:40:37.182715,1.333916425704956,-7.47788667678833,853.3733367919922,1601.5924215316772,853.3733367919922,1613.1207942962646,22.0,9.0,1,1,0,0
1783874437212621100,2026-07-13 00:40:37.212621,1.6164073944091797,-9.000741004943848,1184.397315979004,1650.831937789917,853.3733367919922,1613.1207942962646,29.5,8.5,1,1,0,0
1783874437250436300,2026-07-13 00:40:37.250436,1.066295862197876,-6.957167625427246,600.6316184997559,1383.6525678634644,757.3435306549072,1613.1207942962646,25.5,9.5,1,1,0,0
1783874437282383200,2026-07-13 00:40:37.282383,0.8059397339820862,-8.011969566345215,750.1405715942383,1370.5060482025146,853.3733367919922,1613.1207942962646,31.5,12.5,1,1,0,0
1783874437313371500,2026-07-13 00:40:37.313371,1.2891687154769897,-7.351194858551025,768.5549736022949,1327.1877765655518,768.5549736022949,1613.1207942962646,30.0,8.5,1,1,0,0
1783874437344560200,2026-07-13 00:40:37.344560,1.6136418581008911,-8.707374572753906,1297.0521926879883,1457.5694799423218,768.5549736022949,1457.5694799423218,33.5,2.5,1,1,0,0
1783874437378593800,2026-07-13 00:40:37.378594,1.325663685798645,-7.484257221221924,958.4157943725586,1143.747329711914,853.3733367919922,1457.5694799423218,33.0,9.0,1,1,0,0
1783874437413326400,2026-07-13 00:40:37.413326,1.2078332901000977,-6.242556095123291,889.9126052856445,1053.7344217300415,853.3733367919922,1457.5694799423218,33.0,9.5,1,1,0,0
1783874437450705700,2026-07-13 00:40:37.450706,1.0678459405899048,-6.058924198150635,758.3162307739258,828.6200165748596,768.5549736022949,1457.5694799423218,42.5,10.5,1,1,0,0
1783874437483613100,2026-07-13 00:40:37.483613,1.368544578552246,-5.45279598236084,904.1704177856445,857.2232127189636,853.3733367919922,1143.747329711914,35.5,8.0,1,1,0,0
1783874437515477500,2026-07-13 00:40:37.515477,0.12630631029605865,-4.806307315826416,475.6319522857666,696.6056227684021,853.3733367919922,1053.7344217300415,40.0,7.5,1,1,0,0
1783874437551241400,2026-07-13 00:40:37.551241,0.04321305826306343,-4.474792003631592,401.6225814819336,561.2380504608154,768.5549736022949,857.2232127189636,38.5,12.0,1,1,0,0
1783874437591883600,2026-07-13 00:40:37.591883,0.8556057810783386,-5.92343282699585,638.5581016540527,772.1662521362305,768.5549736022949,857.2232127189636,45.0,13.5,1,1,0,0
1783874437625428300,2026-07-13 00:40:37.625428,0.6574605107307434,-3.483153820037842,291.64183139801025,465.99340438842773,638.5581016540527,772.1662521362305,50.5,14.0,1,1,0,0
1783874437658340400,2026-07-13 00:40:37.658340,0.24199514091014862,-4.55597448348999,316.9145107269287,516.3726806640625,638.5581016540527,772.1662521362305,48.5,18.0,1,1,0,0
1783874437691885700,2026-07-13 00:40:37.691886,-0.2538677155971527,-4.350117206573486,244.6223020553589,528.5566449165344,638.5581016540527,772.1662521362305,51.5,29.5,1,1,0,0
1783874437723160700,2026-07-13 00:40:37.723161,-0.2219971865415573,-3.488464117050171,134.4259262084961,371.02240324020386,316.9145107269287,528.5566449165344,52.0,28.0,1,1,0,0
1783874437756283900,2026-07-13 00:40:37.756284,-0.19834737479686737,-4.010095596313477,190.115487575531,374.44931268692017,316.9145107269287,528.5566449165344,52.5,24.5,1,1,0,0
1783874437789687000,2026-07-13 00:40:37.789687,-0.2839372754096985,-3.924131393432617,149.38981533050537,368.26291680336,244.6223020553589,528.5566449165344,54.0,25.0,1,1,0,0
1783874437826191900,2026-07-13 00:40:37.826192,-0.10933244228363037,-4.347652912139893,235.39841175079346,412.0180010795593,235.39841175079346,412.0180010795593,53.0,32.5,1,1,0,0
1783874437859555500,2026-07-13 00:40:37.859555,0.4768790602684021,-3.7780885696411133,167.99205541610718,331.9971561431885,235.39841175079346,412.0180010795593,47.0,32.5,1,1,0,0
1783874437899391000,2026-07-13 00:40:37.899391,-0.3997616171836853,-3.9769740104675293,155.16434907913208,270.6540524959564,235.39841175079346,412.0180010795593,52.5,32.5,1,1,0,0
1783874437929276300,2026-07-13 00:40:37.929276,-0.002035316079854965,-3.4589126110076904,170.6110715866089,171.1011826992035,235.39841175079346,412.0180010795593,51.0,34.0,1,1,0,0
1783874437960513700,2026-07-13 00:40:37.960514,0.27290916442871094,-4.275269031524658,304.42914962768555,214.6068960428238,235.39841175079346,331.9971561431885,52.5,44.0,1,1,0,0
1783874437996630700,2026-07-13 00:40:37.996631,0.27290916442871094,-4.275269031524658,304.42914962768555,214.6068960428238,235.39841175079346,270.6540524959564,57.0,37.5,1,1,0,0
1783874438027682600,2026-07-13 00:40:38.027683,-0.567715048789978,-3.0662193298339844,101.29880905151367,168.62714290618896,235.39841175079346,214.6068960428238,58.5,46.0,1,1,0,0
1783874438059703600,2026-07-13 00:40:38.059704,-0.5117239356040955,-3.1738455295562744,143.43949556350708,258.63561034202576,235.39841175079346,258.63561034202576,56.5,35.0,1,1,0,0
1783874438091727400,2026-07-13 00:40:38.091727,-0.6876669526100159,-3.4307377338409424,367.8518533706665,274.417519569397,235.39841175079346,270.6540524959564,52.0,29.0,1,1,0,0
1783874438127142200,2026-07-13 00:40:38.127142,-0.3153386414051056,-4.169764518737793,349.36554431915283,398.41872453689575,235.39841175079346,258.63561034202576,51.5,30.0,1,1,0,0
1783874438157053500,2026-07-13 00:40:38.157053,1.4172885417938232,-4.021052837371826,444.9378967285156,490.16010761260986,235.39841175079346,270.6540524959564,46.0,21.5,1,1,0,0
1783874438187916400,2026-07-13 00:40:38.187916,0.5448276996612549,-4.91396427154541,434.15493965148926,575.314462184906,349.36554431915283,274.417519569397,50.0,32.5,1,1,0,0
1783874438221756700,2026-07-13 00:40:38.221757,1.0973888635635376,-2.6553397178649902,403.79676818847656,322.207510471344,349.36554431915283,322.207510471344,45.5,29.0,1,1,0,0
1783874438256323000,2026-07-13 00:40:38.256323,1.040023922920227,-3.5472259521484375,540.5818462371826,375.35253167152405,403.79676818847656,322.207510471344,48.0,20.0,1,1,0,0
1783874438285308200,2026-07-13 00:40:38.285308,1.523438572883606,-3.6577906608581543,537.5392913818359,479.4313907623291,403.79676818847656,322.207510471344,49.5,22.0,1,1,0,0
1783874438314593800,2026-07-13 00:40:38.314594,0.6528093218803406,-4.410264492034912,484.855318069458,562.2852444648743,403.79676818847656,322.207510471344,57.0,19.5,1,1,0,0
1783874438344853200,2026-07-13 00:40:38.344853,1.3669617176055908,-2.9784188270568848,507.96422958374023,347.0053970813751,484.855318069458,347.0053970813751,52.0,22.5,1,1,0,0
1783874438376531800,2026-07-13 00:40:38.376532,1.7092598676681519,-3.266066074371338,576.3954162597656,388.5917067527771,484.855318069458,347.0053970813751,52.0,21.0,1,1,0,0
1783874438407510900,2026-07-13 00:40:38.407511,1.7929404973983765,-3.660090923309326,732.6823711395264,458.6968123912811,484.855318069458,347.0053970813751,50.0,16.5,1,1,0,0
1783874438437155200,2026-07-13 00:40:38.437155,1.2408978939056396,-3.540616750717163,467.2008991241455,443.3813691139221,484.855318069458,347.0053970813751,50.5,20.5,1,1,0,0
1783874438468579300,2026-07-13 00:40:38.468579,0.3293573558330536,-2.538944721221924,358.0725908279419,237.99745738506317,484.855318069458,347.0053970813751,52.0,23.5,1,1,0,0
1783874438501738600,2026-07-13 00:40:38.501739,1.65537691116333,-2.6226625442504883,653.5363674163818,293.07374358177185,484.855318069458,347.0053970813751,48.0,23.0,1,1,0,0
1783874438540342600,2026-07-13 00:40:38.540343,0.8311864137649536,-2.6619677543640137,542.9500579833984,228.41359674930573,484.855318069458,347.0053970813751,49.5,31.5,1,1,0,0
1783874438576510300,2026-07-13 00:40:38.576510,1.0909552574157715,-2.313671350479126,545.68190574646,285.08806228637695,484.855318069458,293.07374358177185,51.0,32.0,1,1,0,0
1783874438606808300,2026-07-13 00:40:38.606808,-0.29872938990592957,-2.4104061126708984,348.8839626312256,243.0325746536255,484.855318069458,293.07374358177185,51.0,32.5,1,1,0,0
1783874438637575200,2026-07-13 00:40:38.637575,0.21140511333942413,-4.0403642654418945,577.4196147918701,375.5936026573181,484.855318069458,347.0053970813751,48.0,23.5,1,1,0,0
1783874438678101800,2026-07-13 00:40:38.678102,-0.5372774004936218,-2.764155387878418,339.21422958374023,263.5325789451599,484.855318069458,293.07374358177185,51.5,20.5,1,1,0,0
1783874438709603400,2026-07-13 00:40:38.709603,-0.5690321326255798,-3.3367738723754883,377.2231101989746,344.8866307735443,484.855318069458,293.07374358177185,50.5,23.5,1,1,0,0
1783874438742355700,2026-07-13 00:40:38.742356,-0.3527207374572754,-3.1631555557250977,368.17657947540283,305.012047290802,484.855318069458,305.012047290802,51.0,25.5,1,1,0,0
1783874438774075000,2026-07-13 00:40:38.774075,-0.34599050879478455,-3.6978492736816406,472.3750114440918,334.23981070518494,472.3750114440918,305.012047290802,49.5,21.5,1,1,0,0
1783874438807755500,2026-07-13 00:40:38.807755,0.9643462300300598,-3.992098331451416,638.1685256958008,359.75560545921326,484.855318069458,305.012047290802,51.5,21.5,1,1,0,0
1783874438841908300,2026-07-13 00:40:38.841908,-0.28233495354652405,-2.93328857421875,288.2467031478882,258.0852210521698,472.3750114440918,305.012047290802,50.5,26.0,1,1,0,0
1783874438876884600,2026-07-13 00:40:38.876884,-0.5336971282958984,-3.1436092853546143,397.83451557159424,278.1396508216858,472.3750114440918,305.012047290802,51.5,25.5,1,1,0,0
1783874438916772600,2026-07-13 00:40:38.916773,-0.6541827321052551,-4.04065465927124,404.29134368896484,402.01374888420105,472.3750114440918,305.012047290802,58.0,23.0,1,1,0,0
1783874438949438000,2026-07-13 00:40:38.949438,0.18598081171512604,-3.866976499557495,461.87429428100586,350.06555914878845,461.87429428100586,305.012047290802,52.5,28.0,1,1,0,0
1783874438979329500,2026-07-13 00:40:38.979330,0.29567670822143555,-4.090664386749268,478.134822845459,400.28151869773865,472.3750114440918,305.012047290802,51.5,21.0,1,1,0,0
1783874439010276000,2026-07-13 00:40:39.010276,-0.0029715411365032196,-3.9228036403656006,502.97412872314453,406.14140033721924,472.3750114440918,350.06555914878845,52.0,25.5,1,1,0,0
1783874439046486200,2026-07-13 00:40:39.046486,0.44553518295288086,-3.526367425918579,517.3555374145508,375.062495470047,472.3750114440918,350.06555914878845,53.5,27.5,1,1,0,0
1783874439080300200,2026-07-13 00:40:39.080300,0.44553518295288086,-3.526367425918579,517.3555374145508,375.062495470047,478.134822845459,375.062495470047,55.0,21.5,1,1,0,0
1783874439120288200,2026-07-13 00:40:39.120288,0.42517608404159546,-3.354748249053955,479.38971519470215,346.630722284317,479.38971519470215,350.06555914878845,55.0,15.5,1,1,0,0
1783874439151939500,2026-07-13 00:40:39.151940,0.5705552697181702,-2.9694535732269287,470.85399627685547,314.1900599002838,472.3750114440918,350.06555914878845,55.0,30.5,1,1,0,0
1783874439183514700,2026-07-13 00:40:39.183515,0.73062664270401,-3.2800509929656982,435.8218193054199,336.3842964172363,478.134822845459,350.06555914878845,57.0,21.0,1,1,0,0
1783874439217295100,2026-07-13 00:40:39.217295,-0.40283170342445374,-2.4453389644622803,286.1837387084961,269.55467462539673,472.3750114440918,346.630722284317,55.0,21.0,1,1,0,0
1783874439248591300,2026-07-13 00:40:39.248591,-0.28183692693710327,-3.182119846343994,326.2040376663208,296.82794213294983,470.85399627685547,336.3842964172363,55.0,20.0,1,1,0,0
1783874439286804200,2026-07-13 00:40:39.286804,1.0488905906677246,-4.173156261444092,585.532808303833,377.1776556968689,478.134822845459,350.06555914878845,56.0,27.5,1,1,0,0
1783874439322285500,2026-07-13 00:40:39.322286,0.10335403680801392,-3.1111695766448975,426.9728183746338,293.7275171279907,470.85399627685547,336.3842964172363,54.0,23.5,1,1,0,0
1783874439355764900,2026-07-13 00:40:39.355765,0.6992498636245728,-2.7028822898864746,363.9549255371094,279.7369658946991,470.85399627685547,336.3842964172363,53.5,21.5,1,1,0,0
1783874439385378500,2026-07-13 00:40:39.385379,-0.07837836444377899,-3.0510973930358887,382.0647954940796,272.71562814712524,470.85399627685547,336.3842964172363,48.5,17.0,1,1,0,0
1783874439414752000,2026-07-13 00:40:39.414752,-0.35633623600006104,-3.476534605026245,372.94702529907227,295.0047254562378,426.9728183746338,295.0047254562378,51.5,15.5,1,1,0,0
1783874439449670400,2026-07-13 00:40:39.449670,0.9159560799598694,-2.9128518104553223,410.55216789245605,261.7966830730438,410.55216789245605,295.0047254562378,55.0,27.0,1,1,0,0
1783874439486824100,2026-07-13 00:40:39.486824,-0.43402165174484253,-3.094312906265259,349.1313934326172,302.3586571216583,410.55216789245605,302.3586571216583,55.0,17.0,1,1,0,0
1783874439519660700,2026-07-13 00:40:39.519661,-0.09514771401882172,-3.33001708984375,401.3160228729248,320.41704654693604,410.55216789245605,295.0047254562378,52.0,18.5,1,1,0,0
1783874439559955800,2026-07-13 00:40:39.559956,-0.2719706594944,-3.0830459594726562,335.77446937561035,285.04329919815063,410.55216789245605,295.0047254562378,52.0,17.0,1,1,0,0
1783874439591539400,2026-07-13 00:40:39.591539,-0.2864561676979065,-3.2354187965393066,348.4666109085083,287.6586616039276,401.3160228729248,295.0047254562378,51.0,9.0,1,1,0,0
1783874439621521900,2026-07-13 00:40:39.621522,0.08396635949611664,-4.089999198913574,410.9043598175049,366.1827743053436,410.55216789245605,295.0047254562378,53.5,13.5,1,1,0,0
1783874439651970100,2026-07-13 00:40:39.651970,1.2861732244491577,-3.1867032051086426,514.1162872314453,371.8280494213104,410.55216789245605,295.0047254562378,53.5,19.0,1,1,0,0
1783874439685209400,2026-07-13 00:40:39.685209,1.5462042093276978,-3.5383143424987793,621.8727588653564,394.9414789676666,410.55216789245605,295.0047254562378,48.5,23.0,1,1,0,0
1783874439722656700,2026-07-13 00:40:39.722657,0.8272153735160828,-2.5766024589538574,407.9491138458252,283.1844985485077,410.55216789245605,295.0047254562378,50.0,24.0,1,1,0,0
1783874439761737100,2026-07-13 00:40:39.761737,1.5541120767593384,-3.207911968231201,650.3642559051514,386.1842155456543,410.55216789245605,295.0047254562378,51.5,19.0,1,1,0,0
1783874439793042100,2026-07-13 00:40:39.793042,1.403041124343872,-2.540482521057129,592.0130252838135,341.4704501628876,410.55216789245605,295.0047254562378,51.5,22.0,1,1,0,0
1783874439824437500,2026-07-13 00:40:39.824438,1.0566465854644775,-3.4266929626464844,463.9656066894531,361.76708340644836,410.55216789245605,295.0047254562378,52.0,29.5,1,1,0,0
1783874439856037200,2026-07-13 00:40:39.856037,-0.32967835664749146,-2.8927202224731445,330.9882640838623,318.7031149864197,410.55216789245605,318.7031149864197,53.5,24.5,1,1,0,0
1783874439888849400,2026-07-13 00:40:39.888849,1.1149311065673828,-3.1766393184661865,513.628339767456,334.0219259262085,410.55216789245605,318.7031149864197,53.0,17.5,1,1,0,0
1783874439926642400,2026-07-13 00:40:39.926642,0.27670231461524963,-3.630607843399048,515.7317638397217,349.8343527317047,410.55216789245605,318.7031149864197,53.5,23.0,1,1,0,0
1783874439958541100,2026-07-13 00:40:39.958541,1.027079701423645,-3.7768819332122803,682.9174995422363,374.0251660346985,410.55216789245605,318.7031149864197,51.5,23.0,1,1,0,0
1783874439997431400,2026-07-13 00:40:39.997431,0.4133603572845459,-2.9618685245513916,524.7611999511719,304.3309152126312,513.628339767456,318.7031149864197,49.0,20.0,1,1,0,0
1783874440032895900,2026-07-13 00:40:40.032896,0.2172061800956726,-2.880695104598999,469.5432662963867,292.0094430446625,469.5432662963867,318.7031149864197,52.0,16.0,1,1,0,0
1783874440064073400,2026-07-13 00:40:40.064074,0.4246896505355835,-3.4786596298217773,513.9876842498779,373.6422657966614,513.628339767456,318.7031149864197,50.5,18.0,1,1,0,0
1783874440094530900,2026-07-13 00:40:40.094531,0.6134564876556396,-4.180953025817871,387.35191822052,506.6826343536377,513.628339767456,318.7031149864197,47.5,19.5,1,1,0,0
1783874440125524900,2026-07-13 00:40:40.125525,-0.621334433555603,-2.978923797607422,255.7197093963623,360.49947142601013,469.5432662963867,318.7031149864197,48.5,20.0,1,1,0,0
1783874440156649000,2026-07-13 00:40:40.156649,-0.5502426624298096,-2.8858983516693115,270.3218936920166,340.91171622276306,469.5432662963867,340.91171622276306,53.5,16.5,1,1,0,0
1783874440189877100,2026-07-13 00:40:40.189877,-0.5995713472366333,-3.217010021209717,242.7880048751831,303.923100233078,387.35191822052,318.7031149864197,55.5,28.5,1,1,0,0
1783874440221665500,2026-07-13 00:40:40.221666,-0.11419369280338287,-3.914185047149658,421.85659408569336,441.04424118995667,421.85659408569336,340.91171622276306,50.5,31.5,1,1,0,0
1783874440252556800,2026-07-13 00:40:40.252557,0.5711628794670105,-4.724340915679932,589.2791271209717,639.1347646713257,469.5432662963867,340.91171622276306,52.5,21.5,1,1,0,0
1783874440283751100,2026-07-13 00:40:40.283751,0.8284673690795898,-2.854543685913086,547.0791339874268,272.28763699531555,421.85659408569336,318.7031149864197,48.5,30.0,1,1,0,0
1783874440314020100,2026-07-13 00:40:40.314020,0.7864401340484619,-3.3222169876098633,530.0303936004639,375.3407299518585,469.5432662963867,340.91171622276306,48.5,23.5,1,1,0,0
1783874440349464800,2026-07-13 00:40:40.349465,0.6179830431938171,-2.8519275188446045,471.0550308227539,395.5428898334503,471.0550308227539,340.91171622276306,52.5,23.5,1,1,0,0
1783874440380932500,2026-07-13 00:40:40.380933,1.1072686910629272,-3.9663686752319336,557.4689865112305,525.0187516212463,471.0550308227539,340.91171622276306,54.0,29.5,1,1,0,0
1783874440410404200,2026-07-13 00:40:40.410404,0.30800265073776245,-4.153219223022461,368.3225154876709,515.6086087226868,469.5432662963867,375.3407299518585,51.0,29.0,1,1,0,0
1783874440440418600,2026-07-13 00:40:40.440418,0.5225869417190552,-2.797616481781006,378.8966655731201,349.44334626197815,471.0550308227539,349.44334626197815,49.0,23.5,1,1,0,0
1783874440473824700,2026-07-13 00:40:40.473825,1.005477786064148,-3.9594802856445312,549.6161937713623,459.2869281768799,471.0550308227539,375.3407299518585,55.0,18.5,1,1,0,0
1783874440506321700,2026-07-13 00:40:40.506322,0.2621351480484009,-3.0847315788269043,434.853458404541,398.8976776599884,469.5432662963867,375.3407299518585,52.0,22.5,1,1,0,0
1783874440538437900,2026-07-13 00:40:40.538438,0.660203754901886,-3.615340232849121,452.44293212890625,461.19722723960876,469.5432662963867,375.3407299518585,52.0,27.0,1,1,0,0
1783874440569421400,2026-07-13 00:40:40.569421,1.0571435689926147,-3.9911794662475586,556.7906856536865,447.33572006225586,471.0550308227539,398.8976776599884,54.5,27.5,1,1,0,0
1783874440601655500,2026-07-13 00:40:40.601655,0.3111324906349182,-3.802804708480835,499.04208183288574,555.6445121765137,469.5432662963867,398.8976776599884,53.5,20.0,1,1,0,0
1783874440635126900,2026-07-13 00:40:40.635127,0.9712523221969604,-5.343846797943115,831.7126274108887,711.1366987228394,471.0550308227539,447.33572006225586,53.5,26.0,1,1,0,0
1783874440670501500,2026-07-13 00:40:40.670501,1.0820600986480713,-5.739280700683594,880.0947189331055,838.0787968635559,499.04208183288574,447.33572006225586,53.5,20.0,1,1,0,0
1783874440710341800,2026-07-13 00:40:40.710342,0.8748734593391418,-5.421329498291016,854.9314498901367,885.979950428009,499.04208183288574,555.6445121765137,45.5,26.5,1,1,0,0
1783874440742115800,2026-07-13 00:40:40.742116,1.13437819480896,-6.202627658843994,1072.685432434082,987.7868890762329,831.7126274108887,711.1366987228394,46.0,30.0,1,1,0,0
1783874440777069200,2026-07-13 00:40:40.777069,0.9772968888282776,-8.711333274841309,1083.4175109863281,1396.6460227966309,854.9314498901367,838.0787968635559,40.0,19.0,1,1,0,0
1783874440808685500,2026-07-13 00:40:40.808686,1.0941370725631714,-6.954456806182861,1056.6024780273438,1356.0386896133423,854.9314498901367,885.979950428009,41.5,17.5,1,1,0,0
1783874440841410200,2026-07-13 00:40:40.841410,0.752320408821106,-8.369141578674316,1208.1198692321777,1707.637906074524,1056.6024780273438,987.7868890762329,41.0,20.5,1,1,0,0
1783874440873616600,2026-07-13 00:40:40.873617,0.6506817936897278,-7.8526506423950195,1205.1459312438965,1562.2901916503906,1056.6024780273438,1356.0386896133423,39.0,11.0,1,1,0,0
1783874440914968500,2026-07-13 00:40:40.914968,1.030085802078247,-8.613020896911621,1208.3208084106445,1434.4229698181152,1056.6024780273438,1356.0386896133423,40.0,15.0,1,1,0,0
1783874440945579300,2026-07-13 00:40:40.945579,1.7824207544326782,-7.804133415222168,1570.5001831054688,1421.127438545227,1205.1459312438965,1421.127438545227,37.0,13.5,1,1,0,0
1783874440978581200,2026-07-13 00:40:40.978581,1.7824207544326782,-7.804133415222168,1570.5001831054688,1421.127438545227,1205.1459312438965,1421.127438545227,35.5,17.0,1,1,0,0
1783874441009354100,2026-07-13 00:40:41.009354,1.7630013227462769,-8.65700912475586,1410.4741096496582,1490.964651107788,1208.3208084106445,1421.127438545227,36.5,13.5,1,1,0,0
1783874441045440600,2026-07-13 00:40:41.045440,1.0782970190048218,-9.742660522460938,1212.459659576416,1651.5110731124878,1212.459659576416,1421.127438545227,33.5,15.0,1,1,0,0
1783874441086289600,2026-07-13 00:40:41.086290,0.8905612230300903,-8.613994598388672,1021.027946472168,1632.6619386672974,1205.1459312438965,1421.127438545227,33.0,12.0,1,1,0,0
1783874441118150000,2026-07-13 00:40:41.118150,0.7341355681419373,-8.935162544250488,780.043363571167,1509.1499090194702,1208.3208084106445,1490.964651107788,31.5,8.0,1,1,0,0
1783874441149464000,2026-07-13 00:40:41.149464,0.7135907411575317,-9.237290382385254,800.5490303039551,1544.454574584961,1205.1459312438965,1509.1499090194702,34.5,11.0,1,1,0,0
1783874441180715500,2026-07-13 00:40:41.180716,0.6281957626342773,-9.047112464904785,1025.4161834716797,1731.0782670974731,1025.4161834716797,1509.1499090194702,36.0,19.0,1,1,0,0
1783874441212926900,2026-07-13 00:40:41.212927,0.9295985102653503,-7.544227123260498,781.8014144897461,1427.262306213379,1025.4161834716797,1490.964651107788,37.0,19.0,1,1,0,0
1783874441248316100,2026-07-13 00:40:41.248316,0.8778391480445862,-9.118834495544434,897.4676132202148,1539.8873090744019,1025.4161834716797,1509.1499090194702,36.5,1.5,1,1,0,0
1783874441290357500,2026-07-13 00:40:41.290358,0.4244726300239563,-8.147162437438965,861.868953704834,1549.780011177063,1025.4161834716797,1509.1499090194702,34.5,15.0,1,1,0,0
1783874441321831100,2026-07-13 00:40:41.321831,0.7860357761383057,-9.915563583374023,937.6740455627441,1782.3636531829834,937.6740455627441,1509.1499090194702,36.0,10.5,1,1,0,0
1783874441353531200,2026-07-13 00:40:41.353531,1.0535304546356201,-9.648082733154297,1361.5099906921387,1752.147912979126,1025.4161834716797,1539.8873090744019,35.5,14.0,1,1,0,0
1783874441383785400,2026-07-13 00:40:41.383785,0.9490967988967896,-10.131604194641113,983.2301139831543,1631.0757398605347,983.2301139831543,1549.780011177063,36.5,3.0,1,1,0,0
1783874441415763200,2026-07-13 00:40:41.415763,0.8752864599227905,-8.974530220031738,979.8782348632812,1715.000867843628,979.8782348632812,1631.0757398605347,40.5,13.5,1,1,0,0
1783874441450328200,2026-07-13 00:40:41.450328,0.5498086810112,-9.8330078125,826.0370254516602,1659.7331762313843,983.2301139831543,1631.0757398605347,39.0,16.0,1,1,0,0
1783874441482638500,2026-07-13 00:40:41.482639,0.512480616569519,-9.468962669372559,788.5432720184326,1611.7448806762695,979.8782348632812,1611.7448806762695,36.0,18.0,1,1,0,0
1783874441514733500,2026-07-13 00:40:41.514734,0.4208863377571106,-9.09585189819336,905.9108734130859,1682.194709777832,979.8782348632812,1631.0757398605347,36.0,12.5,1,1,0,0
1783874441551348100,2026-07-13 00:40:41.551348,0.7086799740791321,-9.914851188659668,990.4272079467773,1734.108328819275,983.2301139831543,1631.0757398605347,36.0,16.0,1,1,0,0
1783874441590223800,2026-07-13 00:40:41.590224,0.5139985084533691,-8.988171577453613,912.2584342956543,1762.9730701446533,979.8782348632812,1631.0757398605347,31.5,13.5,1,1,0,0
1783874441620638200,2026-07-13 00:40:41.620638,0.5741727352142334,-8.496855735778809,997.2269058227539,1652.8209447860718,979.8782348632812,1652.8209447860718,31.5,15.5,1,1,0,0
1783874441651747000,2026-07-13 00:40:41.651747,0.8701302409172058,-8.625216484069824,996.7653274536133,1569.7591304779053,983.2301139831543,1631.0757398605347,35.5,14.5,1,1,0,0
1783874441684643400,2026-07-13 00:40:41.684643,0.6716466546058655,-10.011889457702637,965.735912322998,1748.2229471206665,979.8782348632812,1652.8209447860718,32.0,22.0,1,1,0,0
1783874441720442800,2026-07-13 00:40:41.720443,0.9110718369483948,-9.74609088897705,870.0848579406738,1608.81769657135,979.8782348632812,1652.8209447860718,33.0,12.0,1,1,0,0
1783874441754632400,2026-07-13 00:40:41.754632,0.5165050029754639,-9.05997371673584,869.9150085449219,1767.569899559021,979.8782348632812,1652.8209447860718,36.5,14.0,1,1,0,0
1783874441792671700,2026-07-13 00:40:41.792672,0.48718297481536865,-9.234511375427246,840.3725624084473,1760.8858346939087,965.735912322998,1652.8209447860718,30.5,15.0,1,1,0,0
1783874441823131500,2026-07-13 00:40:41.823131,0.8266282677650452,-10.128167152404785,933.5412979125977,1880.9783458709717,933.5412979125977,1652.8209447860718,32.0,22.5,1,1,0,0
1783874441853936700,2026-07-13 00:40:41.853937,0.5123332142829895,-9.58664321899414,896.9104766845703,1834.9565267562866,933.5412979125977,1760.8858346939087,25.0,11.5,1,1,0,0
1783874441885615100,2026-07-13 00:40:41.885615,1.112404465675354,-8.502219200134277,940.1030540466309,1624.7354745864868,940.1030540466309,1652.8209447860718,35.0,11.0,1,1,0,0
1783874441921871300,2026-07-13 00:40:41.921871,0.6574144959449768,-9.222323417663574,909.7517967224121,1745.4500198364258,933.5412979125977,1745.4500198364258,35.0,11.0,1,1,0,0
1783874441956456700,2026-07-13 00:40:41.956457,1.202901005744934,-8.596331596374512,1123.6522674560547,1693.458080291748,933.5412979125977,1745.4500198364258,35.0,14.0,1,1,0,0
1783874441990519700,2026-07-13 00:40:41.990520,1.5991069078445435,-9.38934326171875,1286.3767623901367,1669.3570613861084,940.1030540466309,1669.3570613861084,30.5,6.0,1,1,0,0
1783874442024737600,2026-07-13 00:40:42.024738,1.521321177482605,-8.95592212677002,1271.5914726257324,1584.827184677124,940.1030540466309,1693.458080291748,27.5,9.5,1,1,0,0
1783874442056990200,2026-07-13 00:40:42.056990,1.329290509223938,-8.092168807983398,1295.2536582946777,1576.2975215911865,1123.6522674560547,1669.3570613861084,33.0,13.0,1,1,0,0
1783874442089635800,2026-07-13 00:40:42.089636,1.320844054222107,-8.142099380493164,1351.6968727111816,1739.4517660140991,1271.5914726257324,1669.3570613861084,28.5,20.0,1,1,0,0
1783874442124245600,2026-07-13 00:40:42.124245,1.2152290344238281,-8.424286842346191,1358.6845397949219,1675.9926080703735,1271.5914726257324,1675.9926080703735,30.5,6.5,1,1,0,0
1783874442156772100,2026-07-13 00:40:42.156772,1.2801114320755005,-8.298994064331055,1622.8948593139648,1889.0225887298584,1295.2536582946777,1675.9926080703735,33.5,7.0,1,1,0,0
1783874442191448100,2026-07-13 00:40:42.191448,1.0172377824783325,-8.077425956726074,1733.7499618530273,1970.8263874053955,1351.6968727111816,1675.9926080703735,36.0,9.5,1,1,0,0
1783874442224823300,2026-07-13 00:40:42.224823,1.127095103263855,-8.705639839172363,1791.6399002075195,1981.1041355133057,1358.6845397949219,1675.9926080703735,36.0,4.0,1,1,0,0
1783874442257626100,2026-07-13 00:40:42.257626,1.777640700340271,-9.386006355285645,2105.278968811035,1934.7373247146606,1622.8948593139648,1889.0225887298584,44.0,15.0,1,1,0,0
1783874442291701500,2026-07-13 00:40:42.291702,1.9606571197509766,-8.349146842956543,2314.8637771606445,1677.9563426971436,1733.7499618530273,1677.9563426971436,51.0,12.0,1,1,0,0
1783874442321627200,2026-07-13 00:40:42.321627,1.9362318515777588,-8.647706985473633,2307.3287963867188,1719.8684215545654,1791.6399002075195,1719.8684215545654,48.5,16.0,1,1,0,0
1783874442356825100,2026-07-13 00:40:42.356825,1.9712562561035156,-7.842744827270508,2232.765579223633,1713.7638330459595,2105.278968811035,1719.8684215545654,48.0,7.0,1,1,0,0
1783874442397163200,2026-07-13 00:40:42.397163,1.7437248229980469,-8.620682716369629,2192.258834838867,1808.186411857605,2192.258834838867,1719.8684215545654,45.5,10.0,1,1,0,0
1783874442429573300,2026-07-13 00:40:42.429573,1.8724380731582642,-8.129288673400879,2290.231132507324,1855.3732633590698,2192.258834838867,1719.8684215545654,42.0,12.5,1,1,0,0
1783874442459437200,2026-07-13 00:40:42.459437,1.6636723279953003,-8.385146141052246,2192.415237426758,1891.3215398788452,2192.258834838867,1719.8684215545654,50.0,12.0,1,1,0,0
1783874442490240500,2026-07-13 00:40:42.490241,1.9379369020462036,-7.744571208953857,2389.0649795532227,1796.5564727783203,2192.258834838867,1796.5564727783203,47.0,10.0,1,1,0,0
1783874442520351600,2026-07-13 00:40:42.520351,1.8648841381072998,-8.240935325622559,2418.7280654907227,1849.2810726165771,2192.415237426758,1796.5564727783203,42.5,24.0,1,1,0,0
1783874442550442200,2026-07-13 00:40:42.550442,1.9329947233200073,-8.10775375366211,2315.5176162719727,1757.0605278015137,2192.415237426758,1757.0605278015137,55.5,10.0,1,1,0,0
1783874442583798800,2026-07-13 00:40:42.583799,1.8365472555160522,-8.177580833435059,2413.138008117676,1866.8335676193237,2315.5176162719727,1796.5564727783203,41.5,20.0,1,1,0,0
1783874442614747900,2026-07-13 00:40:42.614748,1.9269260168075562,-8.187405586242676,2686.7759704589844,1690.5180215835571,2315.5176162719727,1796.5564727783203,57.0,12.5,1,1,0,0
1783874442649124700,2026-07-13 00:40:42.649125,1.9674971103668213,-7.755616664886475,2630.595588684082,1663.3046865463257,2315.5176162719727,1757.0605278015137,45.0,20.0,1,1,0,0
1783874442681486000,2026-07-13 00:40:42.681486,1.90118408203125,-8.621162414550781,2712.8721237182617,1605.9839725494385,2413.138008117676,1757.0605278015137,54.0,10.5,1,1,0,0
1783874442711019800,2026-07-13 00:40:42.711020,1.873442530632019,-7.387451648712158,2653.7824630737305,1682.4859380722046,2630.595588684082,1690.5180215835571,39.0,19.5,1,1,0,0
1783874442742026100,2026-07-13 00:40:42.742026,1.7923541069030762,-7.6130499839782715,2841.217613220215,1678.3735752105713,2630.595588684082,1682.4859380722046,55.5,7.0,1,1,0,0
1783874442771986000,2026-07-13 00:40:42.771986,1.8732832670211792,-7.640142917633057,2607.0886611938477,1724.8529195785522,2607.0886611938477,1724.8529195785522,45.5,14.5,1,1,0,0
1783874442802826700,2026-07-13 00:40:42.802827,1.878732681274414,-7.4412713050842285,2619.9644088745117,1743.3910369873047,2630.595588684082,1690.5180215835571,44.0,17.0,1,1,0,0
1783874442834602800,2026-07-13 00:40:42.834603,1.903765082359314,-6.770239353179932,2344.313621520996,1725.434422492981,2619.9644088745117,1724.8529195785522,44.0,11.0,1,1,0,0
1783874442866923000,2026-07-13 00:40:42.866923,1.9227641820907593,-8.078100204467773,2914.4168853759766,1400.5074501037598,2619.9644088745117,1724.8529195785522,43.5,17.5,1,1,0,0
1783874442902926700,2026-07-13 00:40:42.902927,2.002272844314575,-7.376155853271484,2528.749465942383,1672.0662117004395,2619.9644088745117,1690.5180215835571,41.0,18.0,1,1,0,0
1783874442935178500,2026-07-13 00:40:42.935179,1.8941038846969604,-8.688008308410645,2561.743927001953,1866.5238618850708,2619.9644088745117,1724.8529195785522,47.5,12.5,1,1,0,0
1783874442968548600,2026-07-13 00:40:42.968549,1.840461254119873,-8.108356475830078,2657.006072998047,1721.4760780334473,2619.9644088745117,1721.4760780334473,41.0,11.5,1,1,0,0
1783874443001762100,2026-07-13 00:40:43.001762,1.767938256263733,-8.62730884552002,2540.831756591797,1851.5546321868896,2619.9644088745117,1721.4760780334473,44.5,11.5,1,1,0,0
1783874443036832100,2026-07-13 00:40:43.036832,1.886903166770935,-9.099706649780273,2517.768669128418,1713.3209705352783,2619.9644088745117,1721.4760780334473,48.5,15.5,1,1,0,0
1783874443076963500,2026-07-13 00:40:43.076964,1.6360331773757935,-9.06529712677002,2303.8469314575195,2148.765802383423,2619.9644088745117,1721.4760780334473,51.0,19.5,1,1,0,0
1783874443110241500,2026-07-13 00:40:43.110242,1.6184507608413696,-8.726553916931152,2544.816780090332,1809.9244832992554,2544.816780090332,1721.4760780334473,44.5,11.0,1,1,0,0
1783874443149472500,2026-07-13 00:40:43.149472,1.8664612770080566,-9.157458305358887,2509.562110900879,1920.30930519104,2544.816780090332,1721.4760780334473,49.0,8.5,1,1,0,0
1783874443180416600,2026-07-13 00:40:43.180417,1.9251220226287842,-8.563551902770996,2765.3369903564453,1861.9565963745117,2619.9644088745117,1809.9244832992554,48.0,19.0,1,1,0,0
1783874443221499300,2026-07-13 00:40:43.221499,1.7829610109329224,-9.196484565734863,2573.8122940063477,1711.8512392044067,2544.816780090332,1721.4760780334473,47.0,24.5,1,1,0,0
1783874443251792000,2026-07-13 00:40:43.251792,1.9449793100357056,-8.774699211120605,2493.368721008301,1722.451090812683,2544.816780090332,1722.451090812683,44.5,10.0,1,1,0,0
1783874443282574300,2026-07-13 00:40:43.282574,1.9304555654525757,-8.647156715393066,2391.511917114258,1763.3939981460571,2544.816780090332,1763.3939981460571,36.0,18.0,1,1,0,0
1783874443314088100,2026-07-13 00:40:43.314088,1.8254724740982056,-8.554535865783691,2291.7285919189453,1821.9656944274902,2544.816780090332,1722.451090812683,41.5,19.0,1,1,0,0
1783874443346118700,2026-07-13 00:40:43.346119,1.9290775060653687,-8.3756685256958,2604.3594360351562,1645.4437971115112,2544.816780090332,1722.451090812683,41.5,21.5,1,1,0,0
1783874443379519700,2026-07-13 00:40:43.379520,1.9660505056381226,-8.28960132598877,2326.578712463379,1775.6125926971436,2544.816780090332,1763.3939981460571,44.0,22.5,1,1,0,0
1783874443414526100,2026-07-13 00:40:43.414526,1.8334283828735352,-7.960647106170654,2458.2780838012695,1678.131103515625,2544.816780090332,1722.451090812683,45.5,22.0,1,1,0,0
1783874443456572300,2026-07-13 00:40:43.456573,1.8303903341293335,-8.12431526184082,2614.7705078125,1697.6174116134644,2544.816780090332,1722.451090812683,36.0,15.5,1,1,0,0
1783874443485916600,2026-07-13 00:40:43.485917,1.8931001424789429,-8.284367561340332,2677.9308319091797,1668.7182188034058,2544.816780090332,1722.451090812683,39.0,15.5,1,1,0,0
1783874443516776100,2026-07-13 00:40:43.516776,1.9046207666397095,-8.161470413208008,2456.666374206543,1782.9879522323608,2544.816780090332,1722.451090812683,41.5,15.5,1,1,0,0
1783874443552569000,2026-07-13 00:40:43.552569,1.934287190437317,-8.601439476013184,2571.3388442993164,1723.2666015625,2544.816780090332,1722.451090812683,45.5,10.0,1,1,0,0
1783874443597046800,2026-07-13 00:40:43.597047,1.874018907546997,-8.079039573669434,2990.985679626465,1393.2931423187256,2544.816780090332,1722.451090812683,50.0,16.0,1,1,0,0
1783874443627113200,2026-07-13 00:40:43.627113,1.9568828344345093,-8.18155288696289,2539.2560958862305,1825.6069421768188,2544.816780090332,1722.451090812683,47.5,16.5,1,1,0,0
1783874443659451100,2026-07-13 00:40:43.659451,1.9749424457550049,-8.381186485290527,2563.081169128418,1743.5694932937622,2544.816780090332,1722.451090812683,51.5,10.0,1,1,0,0
1783874443690526200,2026-07-13 00:40:43.690526,1.9929698705673218,-8.013566017150879,2685.2439880371094,1921.9321012496948,2544.816780090332,1722.451090812683,49.5,12.0,1,1,0,0
1783874443721916400,2026-07-13 00:40:43.721916,1.9546676874160767,-8.297698020935059,2611.0891342163086,1723.2131958007812,2544.816780090332,1723.2131958007812,49.5,21.0,1,1,0,0
1783874443756095300,2026-07-13 00:40:43.756095,2.0376110076904297,-8.517087936401367,2680.574417114258,1518.7758207321167,2563.081169128418,1722.451090812683,47.5,20.5,1,1,0,0
1783874443789615300,2026-07-13 00:40:43.789615,1.8071720600128174,-8.312020301818848,2954.9741744995117,1307.08909034729,2611.0891342163086,1722.451090812683,42.0,21.5,1,1,0,0
1783874443830947400,2026-07-13 00:40:43.830947,1.8814574480056763,-8.592695236206055,2554.7096252441406,1909.5051288604736,2554.7096252441406,1723.2131958007812,47.5,12.0,1,1,0,0
1783874443859776300,2026-07-13 00:40:43.859776,1.840158224105835,-8.793560981750488,2538.407325744629,1711.6003036499023,2563.081169128418,1722.451090812683,54.0,21.5,1,1,0,0
1783874443891576700,2026-07-13 00:40:43.891577,1.9076772928237915,-8.723190307617188,2633.028030395508,1761.5888118743896,2611.0891342163086,1722.451090812683,46.0,17.0,1,1,0,0
1783874443932256400,2026-07-13 00:40:43.932256,1.8749195337295532,-8.916478157043457,2340.7800674438477,1915.324091911316,2554.7096252441406,1723.2131958007812,42.5,12.0,1,1,0,0
1783874443963593900,2026-07-13 00:40:43.963594,1.8964868783950806,-8.8893461227417,2344.2440032958984,1876.0149478912354,2554.7096252441406,1723.2131958007812,42.5,20.0,1,1,0,0
1783874444006429000,2026-07-13 00:40:44.006429,1.879465103149414,-8.576638221740723,2435.074996948242,1935.6377124786377,2554.7096252441406,1761.5888118743896,42.5,17.5,1,1,0,0
1783874444039336500,2026-07-13 00:40:44.039336,1.924580693244934,-8.380295753479004,2409.9647521972656,1968.6088562011719,2435.074996948242,1876.0149478912354,42.5,15.5,1,1,0,0
1783874444070357000,2026-07-13 00:40:44.070357,1.98530113697052,-8.819121360778809,2504.3603897094727,1720.6904888153076,2504.3603897094727,1723.2131958007812,42.0,21.5,1,1,0,0
1783874444102715300,2026-07-13 00:40:44.102715,1.8213006258010864,-8.925972938537598,2470.2987670898438,1802.483081817627,2470.2987670898438,1802.483081817627,38.0,20.0,1,1,0,0
1783874444137254900,2026-07-13 00:40:44.137255,1.8369450569152832,-9.012296676635742,2499.6706008911133,1895.6100940704346,2470.2987670898438,1876.0149478912354,46.5,13.0,1,1,0,0
1783874444170298900,2026-07-13 00:40:44.170299,2.043684482574463,-8.508671760559082,2773.2398986816406,1981.0389280319214,2504.3603897094727,1802.483081817627,45.5,9.5,1,1,0,0
1783874444201665100,2026-07-13 00:40:44.201665,2.0247602462768555,-8.258927345275879,2711.2747192382812,1930.5205345153809,2499.6706008911133,1876.0149478912354,43.0,13.5,1,1,0,0
1783874444239348400,2026-07-13 00:40:44.239348,2.026898145675659,-7.985344409942627,2666.06502532959,1926.525592803955,2504.3603897094727,1895.6100940704346,45.0,13.5,1,1,0,0
1783874444270004300,2026-07-13 00:40:44.270004,1.8560220003128052,-8.161184310913086,2494.1343307495117,1819.6052312850952,2504.3603897094727,1819.6052312850952,45.5,23.0,1,1,0,0
1783874444300710200,2026-07-13 00:40:44.300710,1.8796981573104858,-8.28238582611084,2595.5947875976562,1782.8691005706787,2504.3603897094727,1876.0149478912354,45.0,22.5,1,1,0,0
1783874444333036500,2026-07-13 00:40:44.333037,1.9020204544067383,-8.416712760925293,2742.4522399902344,1713.7552499771118,2504.3603897094727,1819.6052312850952,44.5,18.5,1,1,0,0
1783874444364095500,2026-07-13 00:40:44.364095,1.89463210105896,-8.020437240600586,2755.4298400878906,1687.566637992859,2504.3603897094727,1819.6052312850952,50.0,17.5,1,1,0,0
1783874444394144900,2026-07-13 00:40:44.394145,1.8262765407562256,-8.77719783782959,2731.3796997070312,1855.87739944458,2595.5947875976562,1855.87739944458,47.5,16.0,1,1,0,0
1783874444427336900,2026-07-13 00:40:44.427337,1.9187676906585693,-8.787598609924316,2541.46785736084,1778.3868312835693,2541.46785736084,1819.6052312850952,50.5,16.5,1,1,0,0
1783874444457117300,2026-07-13 00:40:44.457117,1.8075345754623413,-8.664315223693848,2626.3259887695312,2090.576410293579,2595.5947875976562,1819.6052312850952,45.0,28.5,1,1,0,0
1783874444490885200,2026-07-13 00:40:44.490885,1.8525270223617554,-9.213522911071777,2609.0662002563477,1799.7117042541504,2595.5947875976562,1819.6052312850952,51.5,13.5,1,1,0,0
1783874444522834100,2026-07-13 00:40:44.522834,1.9536826610565186,-9.4751558303833,2120.097541809082,1761.1591815948486,2541.46785736084,1819.6052312850952,47.0,15.5,1,1,0,0
1783874444552512200,2026-07-13 00:40:44.552512,1.8267230987548828,-9.240923881530762,2365.425682067871,1714.2417430877686,2595.5947875976562,1819.6052312850952,46.0,22.5,1,1,0,0
1783874444583575200,2026-07-13 00:40:44.583575,1.8244372606277466,-9.340668678283691,2516.7001724243164,2030.407428741455,2541.46785736084,1819.6052312850952,38.5,30.5,1,1,0,0
1783874444615361600,2026-07-13 00:40:44.615361,1.6640396118164062,-8.557726860046387,2005.7985305786133,1811.5659952163696,2516.7001724243164,1819.6052312850952,50.0,12.0,1,1,0,0
1783874444646033400,2026-07-13 00:40:44.646034,1.7945321798324585,-8.665870666503906,2217.032241821289,1843.6647653579712,2516.7001724243164,1819.6052312850952,50.0,14.5,1,1,0,0
1783874444679569900,2026-07-13 00:40:44.679570,1.8653652667999268,-9.438332557678223,2365.4624938964844,2015.563726425171,2516.7001724243164,1819.6052312850952,47.5,19.5,1,1,0,0
1783874444710533700,2026-07-13 00:40:44.710534,1.8541043996810913,-8.26029109954834,2425.2227783203125,1933.7271451950073,2425.2227783203125,1819.6052312850952,50.0,10.0,1,1,0,0
1783874444744988400,2026-07-13 00:40:44.744988,1.8541043996810913,-8.26029109954834,2425.2227783203125,1933.7271451950073,2425.2227783203125,1843.6647653579712,50.0,11.0,1,1,0,0
1783874444779631200,2026-07-13 00:40:44.779631,1.8879059553146362,-8.452706336975098,2548.0451583862305,1948.269248008728,2516.7001724243164,1933.7271451950073,49.5,15.5,1,1,0,0
1783874444813261600,2026-07-13 00:40:44.813262,1.9618357419967651,-8.829109191894531,2574.7610092163086,1893.4110403060913,2425.2227783203125,1893.4110403060913,47.5,15.5,1,1,0,0
1783874444845367900,2026-07-13 00:40:44.845368,2.0572569370269775,-8.54444694519043,2739.9112701416016,1785.6124639511108,2516.7001724243164,1843.6647653579712,46.5,23.0,1,1,0,0
1783874444880147100,2026-07-13 00:40:44.880147,1.955872893333435,-8.123940467834473,2743.553352355957,1752.0424127578735,2548.0451583862305,1893.4110403060913,43.5,12.5,1,1,0,0
1783874444913462300,2026-07-13 00:40:44.913462,1.8282419443130493,-7.961415767669678,2718.1495666503906,1849.4040966033936,2574.7610092163086,1849.4040966033936,45.0,21.5,1,1,0,0
1783874444948602200,2026-07-13 00:40:44.948602,1.8100873231887817,-8.549712181091309,2965.3308868408203,1501.1281967163086,2718.1495666503906,1843.6647653579712,48.0,18.0,1,1,0,0
1783874444986994700,2026-07-13 00:40:44.986995,1.9677475690841675,-9.052815437316895,2722.7060317993164,1872.6372718811035,2718.1495666503906,1872.6372718811035,47.5,13.0,1,1,0,0
1783874445020212700,2026-07-13 00:40:45.020213,1.9433597326278687,-8.51758861541748,2901.2990951538086,1977.1201610565186,2718.1495666503906,1849.4040966033936,45.5,14.0,1,1,0,0
1783874445052089100,2026-07-13 00:40:45.052089,2.0857818126678467,-8.32347583770752,2621.9573974609375,1758.1102848052979,2718.1495666503906,1843.6647653579712,46.0,14.5,1,1,0,0
1783874445083518000,2026-07-13 00:40:45.083518,2.011219024658203,-8.824719429016113,2572.807502746582,1888.0865573883057,2718.1495666503906,1872.6372718811035,50.0,13.0,1,1,0,0
1783874445115439900,2026-07-13 00:40:45.115440,1.9654370546340942,-8.75556468963623,2580.8801651000977,1684.5695972442627,2718.1495666503906,1849.4040966033936,42.5,10.5,1,1,0,0
1783874445149555200,2026-07-13 00:40:45.149555,2.076714038848877,-8.024502754211426,2384.563446044922,1727.4311780929565,2621.9573974609375,1843.6647653579712,40.5,19.0,1,1,0,0
1783874445183989400,2026-07-13 00:40:45.183990,1.9303386211395264,-8.593968391418457,2605.147933959961,1613.4216785430908,2605.147933959961,1843.6647653579712,42.5,13.5,1,1,0,0
1783874445218630300,2026-07-13 00:40:45.218630,2.042977809906006,-8.916451454162598,2613.524627685547,1656.4152240753174,2613.524627685547,1727.4311780929565,42.5,14.5,1,1,0,0
1783874445256735000,2026-07-13 00:40:45.256735,1.9078845977783203,-9.18529987335205,2640.516471862793,1539.8154258728027,2621.9573974609375,1727.4311780929565,39.0,18.5,1,1,0,0
1783874445291575900,2026-07-13 00:40:45.291576,1.9452277421951294,-8.968690872192383,2933.9380264282227,1348.4857082366943,2613.524627685547,1656.4152240753174,41.5,13.0,1,1,0,0
1783874445324276900,2026-07-13 00:40:45.324277,1.8949154615402222,-8.897811889648438,2704.5331954956055,1591.9874906539917,2621.9573974609375,1656.4152240753174,41.0,17.0,1,1,0,0
1783874445356947200,2026-07-13 00:40:45.356947,1.8949154615402222,-8.897811889648438,2704.5331954956055,1591.9874906539917,2640.516471862793,1591.9874906539917,39.0,13.0,1,1,0,0
1783874445387029700,2026-07-13 00:40:45.387030,1.9989964962005615,-8.178791046142578,2658.0774307250977,1643.034815788269,2658.0774307250977,1643.034815788269,39.5,8.5,1,1,0,0
1783874445419229300,2026-07-13 00:40:45.419229,1.9582093954086304,-8.606602668762207,2732.466506958008,1643.4696912765503,2658.0774307250977,1643.4696912765503,45.5,15.0,1,1,0,0
1783874445452002400,2026-07-13 00:40:45.452002,1.8942298889160156,-8.645140647888184,2792.0129776000977,1620.2239990234375,2658.0774307250977,1620.2239990234375,39.5,16.0,1,1,0,0
1783874445485789900,2026-07-13 00:40:45.485790,1.8606986999511719,-8.724139213562012,2777.386474609375,1593.6142206192017,2658.0774307250977,1643.034815788269,41.0,10.5,1,1,0,0
1783874445521070000,2026-07-13 00:40:45.521070,1.8939208984375,-8.519612312316895,2844.5663452148438,1585.048794746399,2732.466506958008,1620.2239990234375,48.5,12.5,1,1,0,0
1783874445553439700,2026-07-13 00:40:45.553440,2.0227363109588623,-8.994704246520996,2683.4407806396484,1957.0493698120117,2683.4407806396484,1620.2239990234375,44.5,23.5,1,1,0,0
1783874445590583100,2026-07-13 00:40:45.590583,2.066988706588745,-8.55310344696045,2706.1994552612305,1890.8214569091797,2706.1994552612305,1643.034815788269,51.5,15.0,1,1,0,0
1783874445620269800,2026-07-13 00:40:45.620270,2.2135050296783447,-8.236161231994629,2730.324172973633,1722.0537662506104,2730.324172973633,1643.034815788269,53.0,21.5,1,1,0,0
1783874445656804400,2026-07-13 00:40:45.656804,1.978535771369934,-7.876929759979248,2580.418014526367,1743.888020515442,2683.4407806396484,1722.0537662506104,43.5,20.5,1,1,0,0
1783874445690718800,2026-07-13 00:40:45.690719,1.9413599967956543,-8.452691078186035,2612.1261596679688,1684.4472885131836,2706.1994552612305,1684.4472885131836,56.5,15.5,1,1,0,0
1783874445732432200,2026-07-13 00:40:45.732432,2.0787765979766846,-8.778822898864746,2518.4324264526367,1984.268069267273,2683.4407806396484,1722.0537662506104,46.0,16.5,1,1,0,0
1783874445762035700,2026-07-13 00:40:45.762036,1.999896764755249,-9.558083534240723,2372.4258422851562,1896.9509601593018,2612.1261596679688,1722.0537662506104,44.0,12.0,1,1,0,0
1783874445792954100,2026-07-13 00:40:45.792954,2.03640079498291,-9.277219772338867,2569.329833984375,1960.4990482330322,2612.1261596679688,1722.0537662506104,46.0,18.0,1,1,0,0
1783874445825613400,2026-07-13 00:40:45.825613,2.0459885597229004,-9.043232917785645,2441.75968170166,1760.1912021636963,2569.329833984375,1760.1912021636963,47.5,29.5,1,1,0,0
1783874445855058900,2026-07-13 00:40:45.855059,1.624529480934143,-9.251412391662598,2224.1588592529297,1962.7346992492676,2569.329833984375,1760.1912021636963,46.5,23.0,1,1,0,0
1783874445886636000,2026-07-13 00:40:45.886636,1.6970014572143555,-9.47861099243164,2115.665054321289,1916.9481992721558,2569.329833984375,1760.1912021636963,44.5,23.0,1,1,0,0
1783874445919592200,2026-07-13 00:40:45.919592,1.8399922847747803,-8.975813865661621,2229.5181274414062,1948.3942985534668,2441.75968170166,1760.1912021636963,47.5,21.5,1,1,0,0
1783874445949586500,2026-07-13 00:40:45.949586,1.7302446365356445,-8.845476150512695,2132.2961807250977,1982.5645685195923,2229.5181274414062,1916.9481992721558,47.5,16.5,1,1,0,0
1783874445979314000,2026-07-13 00:40:45.979314,2.1111347675323486,-8.665447235107422,2245.59326171875,1839.556097984314,2245.59326171875,1839.556097984314,43.0,13.0,1,1,0,0
1783874446010539600,2026-07-13 00:40:46.010540,2.114114284515381,-8.865336418151855,2304.6072006225586,1623.0008602142334,2304.6072006225586,1760.1912021636963,42.5,26.0,1,1,0,0
1783874446040419000,2026-07-13 00:40:46.040419,2.070507526397705,-7.6343817710876465,2458.279609680176,1656.069040298462,2245.59326171875,1839.556097984314,35.0,21.5,1,1,0,0
1783874446070398800,2026-07-13 00:40:46.070399,2.0334908962249756,-8.495025634765625,2525.3583908081055,1647.3033428192139,2304.6072006225586,1760.1912021636963,46.0,26.5,1,1,0,0
1783874446102589400,2026-07-13 00:40:46.102589,2.1360135078430176,-7.9557013511657715,2479.2924880981445,1709.6832990646362,2304.6072006225586,1709.6832990646362,42.5,23.0,1,1,0,0
1783874446133799600,2026-07-13 00:40:46.133800,2.1504976749420166,-8.102002143859863,2486.187171936035,1712.0552062988281,2458.279609680176,1712.0552062988281,43.5,21.0,1,1,0,0
1783874446163694000,2026-07-13 00:40:46.163694,2.006941795349121,-7.946104526519775,2549.968147277832,1579.6918869018555,2479.2924880981445,1709.6832990646362,34.5,12.5,1,1,0,0
1783874446198217900,2026-07-13 00:40:46.198218,1.9105541706085205,-7.891896724700928,2514.125442504883,1507.0602893829346,2479.2924880981445,1709.6832990646362,51.0,16.0,1,1,0,0
1783874446233365100,2026-07-13 00:40:46.233365,1.9646390676498413,-7.321940898895264,2554.1744232177734,1375.9816884994507,2486.187171936035,1709.6832990646362,56.5,21.0,1,1,0,0
1783874446271188800,2026-07-13 00:40:46.271189,2.284315586090088,-6.9066972732543945,2569.48184967041,1363.5536432266235,2514.125442504883,1579.6918869018555,55.0,16.5,1,1,0,0
1783874446305494600,2026-07-13 00:40:46.305495,2.0271384716033936,-6.218241214752197,2471.810722351074,1235.2508306503296,2479.2924880981445,1507.0602893829346,54.0,23.0,1,1,0,0
1783874446341312700,2026-07-13 00:40:46.341313,1.970017433166504,-5.995270729064941,2506.5372467041016,1178.6607503890991,2506.5372467041016,1375.9816884994507,54.0,21.0,1,1,0,0
1783874446372033400,2026-07-13 00:40:46.372033,1.896978497505188,-5.973155498504639,2477.174758911133,1072.0680952072144,2506.5372467041016,1363.5536432266235,54.0,21.0,1,1,0,0
1783874446405305500,2026-07-13 00:40:46.405306,2.00769305229187,-6.084131240844727,2318.1373596191406,929.3265342712402,2479.2924880981445,1235.2508306503296,55.5,28.0,1,1,0,0
1783874446441053000,2026-07-13 00:40:46.441053,1.7477970123291016,-6.205071926116943,2182.4325561523438,984.4056963920593,2479.2924880981445,1178.6607503890991,57.0,22.5,1,1,0,0
1783874446471450800,2026-07-13 00:40:46.471451,1.7012150287628174,-5.274669170379639,2394.294548034668,853.8549542427063,2477.174758911133,1072.0680952072144,55.0,20.5,1,1,0,0
1783874446504092600,2026-07-13 00:40:46.504093,2.003528356552124,-5.726718425750732,2310.1449966430664,725.2195477485657,2394.294548034668,984.4056963920593,60.0,28.0,1,1,0,0
1783874446538143100,2026-07-13 00:40:46.538143,1.765289545059204,-5.929079532623291,2366.6967391967773,891.7849063873291,2394.294548034668,984.4056963920593,59.0,28.5,1,1,0,0
1783874446573949200,2026-07-13 00:40:46.573949,1.7290655374526978,-6.347139835357666,2356.9915771484375,908.0934524536133,2394.294548034668,908.0934524536133,58.0,31.5,1,1,0,0
1783874446605189600,2026-07-13 00:40:46.605190,1.8077194690704346,-6.48590612411499,2377.8358459472656,853.7631034851074,2377.8358459472656,908.0934524536133,56.5,23.0,1,1,0,0
1783874446650546200,2026-07-13 00:40:46.650546,1.9516454935073853,-7.453749179840088,3091.69921875,490.5887842178345,2394.294548034668,908.0934524536133,57.5,28.5,1,1,0,0
1783874446688552600,2026-07-13 00:40:46.688553,1.9260271787643433,-6.860291004180908,2748.657989501953,754.7889947891235,2394.294548034668,908.0934524536133,55.5,30.5,1,1,0,0
1783874446724353800,2026-07-13 00:40:46.724354,1.6756685972213745,-7.968916416168213,3158.540725708008,516.8265104293823,2394.294548034668,853.7631034851074,56.0,31.5,1,1,0,0
1783874446755596500,2026-07-13 00:40:46.755597,2.143946409225464,-5.579491138458252,2633.159065246582,640.8622860908508,2633.159065246582,754.7889947891235,51.0,31.5,1,1,0,0
1783874446792058600,2026-07-13 00:40:46.792059,2.1129443645477295,-4.4334716796875,1881.7546844482422,807.4367642402649,2394.294548034668,807.4367642402649,59.0,30.0,1,1,0,0
1783874446823303700,2026-07-13 00:40:46.823304,1.5345953702926636,-7.760725498199463,2962.0969772338867,564.532458782196,2633.159065246582,754.7889947891235,58.0,29.5,1,1,0,0
1783874446856608000,2026-07-13 00:40:46.856608,1.9025462865829468,-6.421237468719482,2846.6630935668945,707.6155543327332,2633.159065246582,754.7889947891235,55.0,35.5,1,1,0,0
1783874446885605500,2026-07-13 00:40:46.885605,2.118544101715088,-6.166102886199951,2765.1567459106445,558.8405132293701,2633.159065246582,754.7889947891235,56.5,31.0,1,1,0,0
1783874446917419500,2026-07-13 00:40:46.917419,1.9831291437149048,-6.97784423828125,3079.388999938965,344.463586807251,2765.1567459106445,707.6155543327332,57.5,32.0,1,1,0,0
1783874446946781200,2026-07-13 00:40:46.946781,1.6536561250686646,-7.614109039306641,3159.3828201293945,327.99237966537476,2765.1567459106445,707.6155543327332,52.0,32.5,1,1,0,0
1783874446977068000,2026-07-13 00:40:46.977068,2.1581592559814453,-6.077203273773193,2709.605026245117,524.9249935150146,2709.605026245117,558.8405132293701,62.5,32.0,1,1,0,0
1783874447011460200,2026-07-13 00:40:47.011460,2.312978506088257,-5.341346263885498,2684.0269088745117,423.1139123439789,2765.1567459106445,524.9249935150146,60.0,31.0,1,1,0,0
1783874447047263500,2026-07-13 00:40:47.047263,2.2494518756866455,-5.794352054595947,2750.4383087158203,442.9735541343689,2750.4383087158203,524.9249935150146,59.5,32.5,1,1,0,0
1783874447079241900,2026-07-13 00:40:47.079242,2.016767978668213,-6.2072954177856445,3123.214340209961,316.7755901813507,2750.4383087158203,524.9249935150146,58.5,36.0,1,1,0,0
1783874447120626900,2026-07-13 00:40:47.120627,2.0828804969787598,-6.219934463500977,2908.877944946289,382.41317868232727,2765.1567459106445,442.9735541343689,60.0,42.5,1,1,0,0
1783874447156155600,2026-07-13 00:40:47.156156,1.9069088697433472,-6.3849101066589355,3206.838607788086,369.57448720932007,2765.1567459106445,442.9735541343689,58.0,42.0,1,1,0,0
1783874447189322800,2026-07-13 00:40:47.189323,1.7331708669662476,-6.757889270782471,3024.3982315063477,452.26457715034485,2908.877944946289,452.26457715034485,60.0,52.0,1,1,0,0
1783874447221373000,2026-07-13 00:40:47.221373,1.8891125917434692,-6.813478946685791,3056.8809509277344,436.40661239624023,2908.877944946289,442.9735541343689,62.5,51.0,1,1,0,0
1783874447250974300,2026-07-13 00:40:47.250974,1.8891125917434692,-6.813478946685791,3056.8809509277344,436.40661239624023,3024.3982315063477,442.9735541343689,61.0,49.0,1,1,0,0
1783874447289408000,2026-07-13 00:40:47.289408,2.1216983795166016,-5.945337772369385,2993.9327239990234,376.1889338493347,2993.9327239990234,442.9735541343689,58.0,49.0,1,1,0,0
1783874447324134000,2026-07-13 00:40:47.324134,1.8998615741729736,-6.399111270904541,3044.857406616211,244.30927634239197,3024.3982315063477,436.40661239624023,58.0,44.5,1,1,0,0
1783874447354502700,2026-07-13 00:40:47.354503,1.9129849672317505,-6.176884174346924,2957.588577270508,286.38529777526855,3024.3982315063477,436.40661239624023,55.5,43.5,1,1,0,0
1783874447390602500,2026-07-13 00:40:47.390603,2.310563802719116,-5.1299824714660645,2332.9980850219727,482.3436141014099,2993.9327239990234,442.9735541343689,59.0,45.0,1,1,0,0
1783874447422134400,2026-07-13 00:40:47.422134,2.0772643089294434,-5.088683605194092,2330.8059692382812,454.3786644935608,2993.9327239990234,436.40661239624023,61.0,51.0,1,1,0,0
1783874447458653900,2026-07-13 00:40:47.458654,2.0344889163970947,-5.388901710510254,3076.5485763549805,238.69332671165466,3024.3982315063477,436.40661239624023,63.5,43.0,1,1,0,0
1783874447489266100,2026-07-13 00:40:47.489266,1.7490286827087402,-6.719818592071533,2754.3041229248047,383.4501802921295,2993.9327239990234,436.40661239624023,60.0,42.0,1,1,0,0
1783874447524542400,2026-07-13 00:40:47.524543,2.018674850463867,-6.134912967681885,2958.716583251953,300.15555024147034,2993.9327239990234,436.40661239624023,56.5,45.0,1,1,0,0
1783874447557890400,2026-07-13 00:40:47.557890,1.8443949222564697,-6.624725818634033,2854.9076080322266,339.8447334766388,2993.9327239990234,383.4501802921295,64.0,42.5,1,1,0,0
1783874447600703400,2026-07-13 00:40:47.600703,1.8890784978866577,-6.412679195404053,3075.6776809692383,300.8016049861908,2993.9327239990234,383.4501802921295,53.0,41.0,1,1,0,0
1783874447633519900,2026-07-13 00:40:47.633520,2.178243398666382,-6.120327472686768,2996.401023864746,388.5943591594696,2993.9327239990234,388.5943591594696,57.0,48.0,1,1,0,0
1783874447663560400,2026-07-13 00:40:47.663560,1.9816062450408936,-6.369102954864502,3017.8497314453125,269.90556716918945,2993.9327239990234,383.4501802921295,50.5,46.5,1,1,0,0
1783874447692990800,2026-07-13 00:40:47.692991,1.9707415103912354,-6.466397762298584,3047.410202026367,292.78406500816345,2996.401023864746,383.4501802921295,60.0,45.0,1,1,0,0
1783874447726233200,2026-07-13 00:40:47.726233,2.0302460193634033,-6.607555866241455,3118.9355850219727,311.3625943660736,2996.401023864746,383.4501802921295,55.0,49.5,1,1,0,0
1783874447759566000,2026-07-13 00:40:47.759566,1.8350800275802612,-6.986639499664307,2964.0830993652344,391.81527495384216,2993.9327239990234,383.4501802921295,55.0,41.5,1,1,0,0
1783874447793354200,2026-07-13 00:40:47.793354,1.9952448606491089,-6.6921796798706055,3003.4805297851562,432.0240914821625,2996.401023864746,383.4501802921295,57.0,43.5,1,1,0,0
1783874447824309700,2026-07-13 00:40:47.824310,1.9188703298568726,-6.7759690284729,3098.7953186035156,363.6997938156128,2996.401023864746,383.4501802921295,57.0,45.0,1,1,0,0
1783874447859687600,2026-07-13 00:40:47.859688,2.0728280544281006,-6.05089807510376,2886.1207962036133,502.7584433555603,2993.9327239990234,383.4501802921295,53.0,41.0,1,1,0,0
1783874447891483600,2026-07-13 00:40:47.891484,1.6987248659133911,-7.017244815826416,3058.4014892578125,449.25373792648315,2996.401023864746,383.4501802921295,53.0,44.0,1,1,0,0
1783874447927430300,2026-07-13 00:40:47.927430,2.0266990661621094,-5.679032802581787,2943.623161315918,415.52218794822693,2996.401023864746,383.4501802921295,53.0,39.5,1,1,0,0
1783874447957117900,2026-07-13 00:40:47.957118,2.0172224044799805,-6.115161895751953,2955.8462142944336,468.94383430480957,2993.9327239990234,415.52218794822693,55.5,44.0,1,1,0,0
1783874447987776300,2026-07-13 00:40:47.987776,2.127794027328491,-5.439241886138916,2797.44815826416,367.6006495952606,2993.9327239990234,383.4501802921295,57.0,45.0,1,1,0,0
1783874448020531700,2026-07-13 00:40:48.020532,2.5215859413146973,-4.310561656951904,2676.8516540527344,317.6369369029999,2955.8462142944336,383.4501802921295,54.0,45.0,1,1,0,0
1783874448050656300,2026-07-13 00:40:48.050656,1.9720052480697632,-5.689932823181152,3066.3339614868164,186.73568964004517,2993.9327239990234,383.4501802921295,61.5,40.5,1,1,0,0
1783874448082051000,2026-07-13 00:40:48.082051,2.2363362312316895,-4.917343616485596,2921.3966369628906,264.25373554229736,2955.8462142944336,367.6006495952606,53.0,42.5,1,1,0,0
1783874448111026600,2026-07-13 00:40:48.111027,2.0444300174713135,-5.5554938316345215,3022.2900390625,181.95761740207672,2955.8462142944336,317.6369369029999,57.5,49.0,1,1,0,0
1783874448141977700,2026-07-13 00:40:48.141978,2.0257084369659424,-5.892818927764893,3093.4253692626953,213.93904089927673,2993.9327239990234,264.25373554229736,53.5,43.0,1,1,0,0
1783874448172397700,2026-07-13 00:40:48.172398,2.257873773574829,-5.76021146774292,2786.300849914551,389.87022638320923,2955.8462142944336,367.6006495952606,60.0,48.0,1,1,0,0
1783874448204712400,2026-07-13 00:40:48.204712,2.154526472091675,-5.599364280700684,2726.244354248047,439.4915699958801,2955.8462142944336,317.6369369029999,53.0,47.5,1,1,0,0
1783874448237421900,2026-07-13 00:40:48.237422,2.042062282562256,-6.197903633117676,2735.3933334350586,399.36575293540955,2955.8462142944336,367.6006495952606,60.5,49.0,1,1,0,0
1783874448276957000,2026-07-13 00:40:48.276957,1.974152684211731,-6.329921245574951,3104.276657104492,295.1124608516693,2955.8462142944336,367.6006495952606,52.5,43.0,1,1,0,0
1783874448313030600,2026-07-13 00:40:48.313031,1.9143162965774536,-5.968227863311768,2980.788230895996,370.83497643470764,2955.8462142944336,367.6006495952606,60.0,46.0,1,1,0,0
1783874448343040400,2026-07-13 00:40:48.343040,2.0753695964813232,-6.174248218536377,3095.6377029418945,220.8520621061325,2955.8462142944336,367.6006495952606,54.0,43.5,1,1,0,0
1783874448374803200,2026-07-13 00:40:48.374803,2.2262423038482666,-5.6386542320251465,2873.258590698242,354.42376136779785,2955.8462142944336,367.6006495952606,62.5,48.5,1,1,0,0
1783874448405765500,2026-07-13 00:40:48.405765,2.101336717605591,-6.317914009094238,2781.362533569336,399.5693027973175,2955.8462142944336,367.6006495952606,64.0,35.5,1,1,0,0
1783874448438555400,2026-07-13 00:40:48.438555,2.2353875637054443,-4.880577564239502,2748.4739303588867,493.60302090644836,2955.8462142944336,367.6006495952606,51.5,45.0,1,1,0,0
1783874448475317500,2026-07-13 00:40:48.475317,2.116448163986206,-5.906816482543945,2973.980140686035,371.68553471565247,2955.8462142944336,367.6006495952606,56.0,43.5,1,1,0,0
1783874448511770400,2026-07-13 00:40:48.511770,1.891675591468811,-6.031799793243408,2866.240119934082,327.04028487205505,2955.8462142944336,367.6006495952606,61.0,43.5,1,1,0,0
1783874448541475400,2026-07-13 00:40:48.541475,1.7921313047409058,-6.420105457305908,2981.14070892334,345.58597207069397,2955.8462142944336,367.6006495952606,57.0,34.5,1,1,0,0
1783874448574076200,2026-07-13 00:40:48.574076,1.9116712808609009,-5.91256046295166,2938.595390319824,313.7509524822235,2955.8462142944336,367.6006495952606,57.5,43.0,1,1,0,0
1783874448605814000,2026-07-13 00:40:48.605814,2.020278215408325,-5.724788665771484,2970.450782775879,273.6838459968567,2955.8462142944336,345.58597207069397,52.0,43.0,1,1,0,0
1783874448640906700,2026-07-13 00:40:48.640907,2.0928866863250732,-5.6416335105896,2849.782943725586,418.7815189361572,2955.8462142944336,367.6006495952606,51.0,54.0,1,1,0,0
1783874448683468700,2026-07-13 00:40:48.683469,2.3116204738616943,-4.982123851776123,2784.3971252441406,418.9746379852295,2955.8462142944336,367.6006495952606,56.5,45.0,1,1,0,0
1783874448715723900,2026-07-13 00:40:48.715724,2.423671007156372,-4.89413595199585,2448.9635467529297,647.1379995346069,2955.8462142944336,367.6006495952606,56.5,39.0,1,1,0,0
1783874448747069700,2026-07-13 00:40:48.747070,2.3930022716522217,-5.193907260894775,2523.1407165527344,655.613362789154,2849.782943725586,418.7815189361572,53.0,43.5,1,1,0,0
1783874448776933500,2026-07-13 00:40:48.776933,2.329714775085449,-5.3333001136779785,2591.534996032715,516.4319276809692,2784.3971252441406,418.9746379852295,53.0,41.0,1,1,0,0
1783874448810331000,2026-07-13 00:40:48.810331,2.47650408744812,-4.655063629150391,2288.6987686157227,624.4662404060364,2591.534996032715,516.4319276809692,53.0,46.5,1,1,0,0
1783874448842615600,2026-07-13 00:40:48.842616,2.1960067749023438,-5.740602970123291,2623.365592956543,597.1846580505371,2623.365592956543,516.4319276809692,55.5,39.5,1,1,0,0
1783874448877057700,2026-07-13 00:40:48.877058,2.2725398540496826,-4.704775333404541,2108.988571166992,634.852945804596,2591.534996032715,516.4319276809692,59.5,38.5,1,1,0,0
1783874448922530900,2026-07-13 00:40:48.922531,2.0896191596984863,-5.764246463775635,2445.975875854492,671.5285181999207,2591.534996032715,597.1846580505371,60.0,42.0,1,1,0,0
1783874448955521400,2026-07-13 00:40:48.955521,2.074997663497925,-5.7717461585998535,2780.727767944336,566.3846731185913,2623.365592956543,566.3846731185913,56.5,50.0,1,1,0,0
1783874448988352500,2026-07-13 00:40:48.988353,2.1702206134796143,-5.993722438812256,2777.826499938965,612.6380562782288,2591.534996032715,597.1846580505371,64.0,38.5,1,1,0,0
1783874449020362600,2026-07-13 00:40:49.020362,2.1323328018188477,-6.120289325714111,2895.119285583496,502.57813930511475,2623.365592956543,597.1846580505371,58.5,47.0,1,1,0,0
1783874449053673800,2026-07-13 00:40:49.053674,2.1664817333221436,-5.0449700355529785,2236.2075805664062,642.9864168167114,2623.365592956543,597.1846580505371,57.0,46.5,1,1,0,0
1783874449086383500,2026-07-13 00:40:49.086384,2.1852080821990967,-5.527740001678467,2614.422607421875,506.5191388130188,2614.422607421875,597.1846580505371,58.5,40.0,1,1,0,0
1783874449118058800,2026-07-13 00:40:49.118059,2.0235190391540527,-6.029277801513672,2945.870018005371,422.79061675071716,2623.365592956543,597.1846580505371,59.5,37.5,1,1,0,0
1783874449152745600,2026-07-13 00:40:49.152745,2.1700479984283447,-5.673611164093018,2420.480155944824,635.4410648345947,2614.422607421875,597.1846580505371,58.0,42.0,1,1,0,0
1783874449184793800,2026-07-13 00:40:49.184794,2.014227867126465,-6.578840732574463,3023.908805847168,471.1928963661194,2614.422607421875,597.1846580505371,52.0,48.5,1,1,0,0
1783874449215839800,2026-07-13 00:40:49.215840,2.247206449508667,-5.8112406730651855,2640.4176712036133,631.2165856361389,2623.365592956543,597.1846580505371,55.5,42.0,1,1,0,0
1783874449249340500,2026-07-13 00:40:49.249341,2.1429715156555176,-5.87570858001709,2935.7677459716797,557.1216940879822,2623.365592956543,597.1846580505371,55.5,52.5,1,1,0,0
1783874449283752800,2026-07-13 00:40:49.283753,1.9958561658859253,-6.149189472198486,3044.4868087768555,392.9786682128906,2640.4176712036133,597.1846580505371,54.5,44.5,1,1,0,0
1783874449316899900,2026-07-13 00:40:49.316900,2.254835605621338,-5.620070934295654,2807.308769226074,520.6626057624817,2640.4176712036133,597.1846580505371,52.0,47.5,1,1,0,0
1783874449356734200,2026-07-13 00:40:49.356734,2.3238253593444824,-5.736968517303467,2723.5361099243164,589.9134874343872,2723.5361099243164,589.9134874343872,53.5,53.0,1,1,0,0
1783874449388248600,2026-07-13 00:40:49.388249,2.0660359859466553,-5.976962566375732,2990.58780670166,463.4552001953125,2723.5361099243164,589.9134874343872,53.0,45.0,1,1,0,0
1783874449419306900,2026-07-13 00:40:49.419307,2.2487270832061768,-5.568118572235107,2810.4862213134766,476.3576090335846,2723.5361099243164,589.9134874343872,49.5,50.5,1,1,0,0
1783874449456841000,2026-07-13 00:40:49.456841,2.418078899383545,-5.239358425140381,2824.3288040161133,524.3297219276428,2723.5361099243164,589.9134874343872,53.0,51.5,1,1,0,0
1783874449487106100,2026-07-13 00:40:49.487106,2.248056173324585,-5.059830665588379,2447.2885131835938,520.2553272247314,2723.5361099243164,524.3297219276428,57.0,36.0,1,1,0,0
1783874449517405600,2026-07-13 00:40:49.517406,2.2868354320526123,-5.4261393547058105,2809.950828552246,434.93908643722534,2723.5361099243164,524.3297219276428,56.0,36.5,1,1,0,0
1783874449552114900,2026-07-13 00:40:49.552115,2.200312376022339,-5.162047863006592,2303.127670288086,546.4329123497009,2723.5361099243164,546.4329123497009,55.5,37.0,1,1,0,0
1783874449587040000,2026-07-13 00:40:49.587040,2.0982697010040283,-5.803998947143555,2984.9185943603516,316.45193696022034,2723.5361099243164,524.3297219276428,50.0,46.5,1,1,0,0
1783874449624948200,2026-07-13 00:40:49.624948,2.319932222366333,-4.658619403839111,2282.7775955200195,575.626790523529,2723.5361099243164,524.3297219276428,56.0,41.0,1,1,0,0
1783874449660933000,2026-07-13 00:40:49.660933,2.1419577598571777,-5.839775562286377,2884.9990844726562,530.4752588272095,2723.5361099243164,530.4752588272095,62.0,36.5,1,1,0,0
1783874449690328500,2026-07-13 00:40:49.690329,1.682677984237671,-6.611633777618408,3086.12003326416,326.2733519077301,2723.5361099243164,524.3297219276428,58.5,36.5,1,1,0,0
1783874449728709300,2026-07-13 00:40:49.728709,2.019747734069824,-6.321949481964111,2963.986396789551,325.22183656692505,2723.5361099243164,524.3297219276428,62.0,41.5,1,1,0,0
1783874449759557600,2026-07-13 00:40:49.759558,2.1839282512664795,-5.30994987487793,2831.0245513916016,357.78266191482544,2831.0245513916016,524.3297219276428,57.0,37.5,1,1,0,0
1783874449790777000,2026-07-13 00:40:49.790777,2.2230026721954346,-5.079359531402588,2826.18350982666,326.6245126724243,2826.18350982666,357.78266191482544,56.5,36.0,1,1,0,0
1783874449822480900,2026-07-13 00:40:49.822481,1.9747716188430786,-6.0244622230529785,3010.764503479004,249.2891252040863,2831.0245513916016,357.78266191482544,55.0,34.5,1,1,0,0
1783874449867624700,2026-07-13 00:40:49.867625,2.025405168533325,-5.671910762786865,3017.937469482422,328.2409608364105,2831.0245513916016,357.78266191482544,60.0,37.5,1,1,0,0
1783874449898340100,2026-07-13 00:40:49.898340,1.9356228113174438,-6.963453769683838,3052.266311645508,396.72693610191345,2831.0245513916016,357.78266191482544,58.5,34.5,1,1,0,0
1783874449929682900,2026-07-13 00:40:49.929683,1.9109658002853394,-6.073349475860596,2979.804229736328,366.1084175109863,2979.804229736328,357.78266191482544,52.0,42.0,1,1,0,0
1783874449960234500,2026-07-13 00:40:49.960234,1.774603247642517,-6.786184310913086,3084.5197677612305,336.530864238739,2979.804229736328,357.78266191482544,60.0,29.5,1,1,0,0
1783874449991626900,2026-07-13 00:40:49.991627,2.1319522857666016,-5.735654354095459,2856.5391540527344,444.24763321876526,2856.5391540527344,357.78266191482544,57.5,37.0,1,1,0,0
1783874450023432600,2026-07-13 00:40:50.023433,1.9607467651367188,-5.98217248916626,3033.968925476074,308.27242136001587,2979.804229736328,357.78266191482544,55.5,47.0,1,1,0,0
1783874450054974700,2026-07-13 00:40:50.054975,2.037946939468384,-6.366149425506592,2927.108383178711,397.9599177837372,2979.804229736328,357.78266191482544,54.0,39.0,1,1,0,0
1783874450087270600,2026-07-13 00:40:50.087271,2.168790102005005,-5.704704761505127,2772.0077514648438,594.7281718254089,2856.5391540527344,357.78266191482544,56.5,45.0,1,1,0,0
1783874450117750600,2026-07-13 00:40:50.117751,2.489079713821411,-4.043382167816162,1693.4083938598633,734.5317602157593,2927.108383178711,357.78266191482544,53.0,34.5,1,1,0,0
1783874450152449200,2026-07-13 00:40:50.152449,1.322955846786499,-9.090073585510254,1523.790454864502,1957.7194452285767,2856.5391540527344,397.9599177837372,42.5,6.0,1,1,0,0
1783874450185320300,2026-07-13 00:40:50.185320,1.2984462976455688,-10.109990119934082,1216.5033340454102,1916.0571098327637,2772.0077514648438,594.7281718254089,12.0,15.5,1,1,0,0
1783874450217751600,2026-07-13 00:40:50.217752,1.6113914251327515,-10.652592658996582,1417.5464630126953,1758.261799812317,1693.4083938598633,734.5317602157593,9.5,10.0,1,1,0,0
1783874450248367300,2026-07-13 00:40:50.248367,1.7716106176376343,-11.147758483886719,1318.6752319335938,1772.9477882385254,1523.790454864502,1758.261799812317,12.5,13.0,1,1,0,0
1783874450279303800,2026-07-13 00:40:50.279304,1.3462811708450317,-9.84458065032959,1144.0733909606934,1743.4567213058472,1417.5464630126953,1743.4567213058472,22.5,6.0,1,1,0,0
1783874450309177100,2026-07-13 00:40:50.309177,1.5694828033447266,-10.080138206481934,1241.4565086364746,1723.4874963760376,1417.5464630126953,1723.4874963760376,28.5,1.5,1,1,0,0
1783874450342797800,2026-07-13 00:40:50.342798,1.7962660789489746,-10.62535572052002,1596.885108947754,1741.6553497314453,1523.790454864502,1743.4567213058472,38.5,5.0,1,1,0,0
1783874450372172800,2026-07-13 00:40:50.372173,1.3903090953826904,-8.78653335571289,1596.2400436401367,1862.1444702148438,1417.5464630126953,1743.4567213058472,43.0,16.5,1,1,0,0
1783874450401761200,2026-07-13 00:40:50.401761,1.54228675365448,-8.18206787109375,1656.1811447143555,1650.40922164917,1523.790454864502,1723.4874963760376,40.0,22.5,1,1,0,0
1783874450432582300,2026-07-13 00:40:50.432582,1.9428035020828247,-7.239699840545654,1811.3374710083008,1392.1951055526733,1596.2400436401367,1741.6553497314453,45.5,27.0,1,1,0,0
1783874450461952300,2026-07-13 00:40:50.461952,1.9671660661697388,-6.737714767456055,1749.6101379394531,1236.843466758728,1596.2400436401367,1723.4874963760376,44.0,23.0,1,1,0,0
1783874450498500600,2026-07-13 00:40:50.498501,2.2442429065704346,-6.250772476196289,1943.7225341796875,1079.8791646957397,1656.1811447143555,1650.40922164917,53.0,26.5,1,1,0,0
1783874450529407300,2026-07-13 00:40:50.529407,1.9954084157943726,-6.295491695404053,2174.6543884277344,1107.4695587158203,1749.6101379394531,1392.1951055526733,50.0,41.0,1,1,0,0
1783874450570835000,2026-07-13 00:40:50.570835,2.206280469894409,-6.901026725769043,2216.219902038574,1155.3083658218384,1749.6101379394531,1236.843466758728,51.0,27.0,1,1,0,0
1783874450599833900,2026-07-13 00:40:50.599834,2.27506160736084,-6.5042853355407715,2259.891700744629,1087.5149965286255,1943.7225341796875,1155.3083658218384,50.5,30.5,1,1,0,0
1783874450632267600,2026-07-13 00:40:50.632267,2.241724967956543,-5.827908992767334,2073.897361755371,1009.8826885223389,2073.897361755371,1155.3083658218384,51.0,27.5,1,1,0,0
1783874450672839200,2026-07-13 00:40:50.672839,2.1782467365264893,-6.492381572723389,2245.067024230957,1155.2218198776245,2073.897361755371,1155.3083658218384,46.5,30.5,1,1,0,0
1783874450702707000,2026-07-13 00:40:50.702707,2.3317184448242188,-5.631552219390869,2100.406837463379,802.6040196418762,2073.897361755371,1155.2218198776245,54.0,26.0,1,1,0,0
1783874450737127200,2026-07-13 00:40:50.737127,2.4214799404144287,-4.872239589691162,2141.4642333984375,835.0635766983032,2073.897361755371,1155.2218198776245,51.0,24.0,1,1,0,0
1783874450772009200,2026-07-13 00:40:50.772009,2.1441409587860107,-5.20816707611084,2007.4485778808594,1136.1421346664429,2073.897361755371,1155.2218198776245,57.0,26.0,1,1,0,0
1783874450801634000,2026-07-13 00:40:50.801634,2.2499594688415527,-6.388501167297363,2468.1764602661133,716.8322205543518,2073.897361755371,1136.1421346664429,56.5,34.0,1,1,0,0
1783874450842498300,2026-07-13 00:40:50.842498,2.3776886463165283,-5.9909796714782715,2726.276969909668,792.0836210250854,2073.897361755371,1136.1421346664429,51.5,35.0,1,1,0,0
1783874450873201600,2026-07-13 00:40:50.873202,2.4153645038604736,-5.5158820152282715,2776.5913009643555,503.26961278915405,2073.897361755371,1136.1421346664429,53.5,35.5,1,1,0,0
1783874450903774400,2026-07-13 00:40:50.903774,1.919676661491394,-7.079433917999268,2771.7161178588867,505.91742992401123,2468.1764602661133,792.0836210250854,57.0,32.5,1,1,0,0
1783874450939916300,2026-07-13 00:40:50.939916,1.8014345169067383,-6.6575541496276855,3036.469268798828,475.7119417190552,2726.276969909668,792.0836210250854,56.0,30.5,1,1,0,0
1783874450974952800,2026-07-13 00:40:50.974953,2.2656562328338623,-5.260155200958252,2200.8804321289062,801.0520935058594,2200.8804321289062,801.0520935058594,59.5,32.5,1,1,0,0
1783874451009515900,2026-07-13 00:40:51.009516,2.0220320224761963,-6.582828044891357,2964.9595260620117,587.7285003662109,2726.276969909668,792.0836210250854,59.0,37.0,1,1,0,0
1783874451046009900,2026-07-13 00:40:51.046010,1.9691675901412964,-6.802314281463623,2938.26904296875,587.8990888595581,2726.276969909668,792.0836210250854,49.5,45.5,1,1,0,0
1783874451076279700,2026-07-13 00:40:51.076280,1.69431471824646,-7.096363544464111,2987.4183654785156,438.26356530189514,2726.276969909668,792.0836210250854,47.5,31.5,1,1,0,0
1783874451108549600,2026-07-13 00:40:51.108550,1.9281202554702759,-6.086350440979004,2305.8279037475586,699.6593475341797,2726.276969909668,699.6593475341797,59.0,30.5,1,1,0,0
1783874451149194700,2026-07-13 00:40:51.149195,2.0355899333953857,-6.706843852996826,2979.452896118164,527.9225707054138,2726.276969909668,699.6593475341797,52.0,39.0,1,1,0,0
1783874451177566800,2026-07-13 00:40:51.177567,1.9306086301803589,-5.428236484527588,2237.91561126709,723.4501838684082,2726.276969909668,723.4501838684082,59.0,30.5,1,1,0,0
1783874451212893800,2026-07-13 00:40:51.212894,1.7172566652297974,-7.078316688537598,2974.343490600586,471.6750979423523,2726.276969909668,699.6593475341797,60.5,30.5,1,1,0,0
1783874451250342000,2026-07-13 00:40:51.250342,2.1623857021331787,-6.393783092498779,2914.862632751465,656.0158133506775,2726.276969909668,699.6593475341797,56.5,43.5,1,1,0,0
1783874451279394300,2026-07-13 00:40:51.279394,2.0517938137054443,-6.652696132659912,2967.765998840332,602.9742956161499,2726.276969909668,699.6593475341797,53.0,45.5,1,1,0,0
1783874451313534700,2026-07-13 00:40:51.313535,2.0659143924713135,-6.400257587432861,3091.2792205810547,556.7770004272461,2914.862632751465,656.0158133506775,50.5,44.5,1,1,0,0
1783874451355065100,2026-07-13 00:40:51.355065,2.0968098640441895,-6.152661323547363,2968.8695907592773,611.1976504325867,2914.862632751465,656.0158133506775,50.5,38.5,1,1,0,0
1783874451386257300,2026-07-13 00:40:51.386257,2.0698368549346924,-6.463210582733154,2989.4575119018555,504.8317313194275,2967.765998840332,611.1976504325867,56.0,40.5,1,1,0,0
1783874451415912000,2026-07-13 00:40:51.415912,2.325556516647339,-5.223607540130615,2836.048698425293,574.908435344696,2914.862632751465,611.1976504325867,50.5,47.0,1,1,0,0
1783874451452584900,2026-07-13 00:40:51.452585,2.2949516773223877,-5.555394649505615,2943.4961318969727,509.12076234817505,2943.4961318969727,611.1976504325867,55.5,53.0,1,1,0,0
1783874451483667000,2026-07-13 00:40:51.483667,1.7410622835159302,-6.932531356811523,3117.8281784057617,318.7775909900665,2967.765998840332,574.908435344696,59.0,32.0,1,1,0,0
1783874451523628700,2026-07-13 00:40:51.523629,1.766156554222107,-6.648141384124756,3106.098175048828,415.91569781303406,2943.4961318969727,574.908435344696,61.5,29.0,1,1,0,0
1783874451550416400,2026-07-13 00:40:51.550416,2.0418195724487305,-6.488193988800049,3097.27725982666,430.67604303359985,2967.765998840332,509.12076234817505,50.5,34.5,1,1,0,0
1783874451586073100,2026-07-13 00:40:51.586073,2.0239157676696777,-6.421461582183838,3130.4445266723633,365.8401072025299,3097.27725982666,430.67604303359985,52.0,36.5,1,1,0,0
1783874451620306200,2026-07-13 00:40:51.620306,2.25805401802063,-5.910128593444824,2872.9209899902344,601.3748049736023,2943.4961318969727,574.908435344696,50.5,47.0,1,1,0,0
1783874451653717100,2026-07-13 00:40:51.653717,2.223240613937378,-5.335351467132568,2892.8558349609375,539.490282535553,2967.765998840332,509.12076234817505,55.5,35.0,1,1,0,0
1783874451694535000,2026-07-13 00:40:51.694535,2.298733949661255,-5.533469200134277,2787.091636657715,647.2851634025574,2943.4961318969727,539.490282535553,57.5,42.0,1,1,0,0
1783874451723212400,2026-07-13 00:40:51.723212,2.1946728229522705,-5.80593204498291,2784.9884033203125,673.1831431388855,2892.8558349609375,574.908435344696,55.5,37.5,1,1,0,0
1783874451763727200,2026-07-13 00:40:51.763727,2.050949811935425,-6.15950345993042,2905.785369873047,602.6037335395813,2905.785369873047,574.908435344696,55.5,42.5,1,1,0,0
1783874451796723100,2026-07-13 00:40:51.796723,2.0936708450317383,-5.8414530754089355,2928.5600662231445,577.6898860931396,2928.5600662231445,577.6898860931396,55.5,42.0,1,1,0,0
1783874451826749200,2026-07-13 00:40:51.826749,2.0001115798950195,-6.310728549957275,2986.7143630981445,514.1173005104065,2905.785369873047,574.908435344696,54.5,37.5,1,1,0,0
1783874451864823400,2026-07-13 00:40:51.864823,2.2954256534576416,-5.683839321136475,2853.9451599121094,539.7167205810547,2905.785369873047,574.908435344696,52.0,46.0,1,1,0,0
1783874451891495400,2026-07-13 00:40:51.891495,2.080705165863037,-5.876594066619873,3043.8034057617188,455.5793106555939,2928.5600662231445,574.908435344696,54.5,42.0,1,1,0,0
1783874451921703500,2026-07-13 00:40:51.921703,2.0232784748077393,-6.125895977020264,3066.876983642578,427.2705018520355,2928.5600662231445,539.7167205810547,53.0,32.0,1,1,0,0
1783874451951679900,2026-07-13 00:40:51.951680,2.3894846439361572,-5.349040508270264,2744.7999954223633,635.8417272567749,2905.785369873047,574.908435344696,50.5,39.0,1,1,0,0
1783874451979039300,2026-07-13 00:40:51.979039,2.2391197681427,-6.100721836090088,2921.4914321899414,524.885356426239,2928.5600662231445,539.7167205810547,53.0,38.5,1,1,0,0
1783874452010732800,2026-07-13 00:40:52.010733,2.322305679321289,-5.7658209800720215,2880.4643630981445,554.107666015625,2921.4914321899414,539.7167205810547,57.0,40.0,1,1,0,0
1783874452038586100,2026-07-13 00:40:52.038586,2.4654579162597656,-4.956449031829834,2708.374786376953,533.3609580993652,2905.785369873047,539.7167205810547,54.0,50.5,1,1,0,0
1783874452065224200,2026-07-13 00:40:52.065224,2.4479968547821045,-5.023264408111572,2745.5772399902344,491.0237789154053,2905.785369873047,539.7167205810547,54.0,50.5,1,1,0,0
1783874452109176100,2026-07-13 00:40:52.109176,1.9595279693603516,-6.267970561981201,3010.677719116211,469.04271841049194,2921.4914321899414,539.7167205810547,59.0,34.5,1,1,0,0
1783874452137871700,2026-07-13 00:40:52.137872,2.147639513015747,-6.035426616668701,2862.038993835449,633.07124376297,2905.785369873047,539.7167205810547,56.0,35.5,1,1,0,0
1783874452164383100,2026-07-13 00:40:52.164383,1.9309126138687134,-7.976612567901611,2930.8691024780273,1297.2923517227173,2905.785369873047,539.7167205810547,52.5,32.0,1,1,0,0
1783874452204049500,2026-07-13 00:40:52.204049,1.8610352277755737,-8.018274307250977,2835.58406829834,1359.6082925796509,2905.785369873047,539.7167205810547,45.0,24.5,1,1,0,0
1783874452232192700,2026-07-13 00:40:52.232193,1.6271698474884033,-8.65648078918457,2632.8216552734375,1424.1324663162231,2905.785369873047,633.07124376297,48.0,25.0,1,1,0,0
1783874452265854200,2026-07-13 00:40:52.265854,1.6271698474884033,-8.65648078918457,2632.8216552734375,1424.1324663162231,2905.785369873047,1297.2923517227173,48.0,24.5,1,1,0,0
1783874452300426100,2026-07-13 00:40:52.300426,1.7014801502227783,-9.126835823059082,2554.8349380493164,1485.0918054580688,2835.58406829834,1359.6082925796509,48.0,19.0,1,1,0,0
1783874452332511900,2026-07-13 00:40:52.332512,1.7585053443908691,-8.758284568786621,2657.749557495117,1556.1285018920898,2657.749557495117,1424.1324663162231,48.5,30.5,1,1,0,0
1783874452371117600,2026-07-13 00:40:52.371118,1.9684423208236694,-7.851349353790283,3028.167152404785,1392.7748203277588,2905.785369873047,1392.7748203277588,47.0,29.5,1,1,0,0
1783874452398823000,2026-07-13 00:40:52.398823,1.9422543048858643,-7.683278560638428,2664.780044555664,1557.5237274169922,2664.780044555664,1424.1324663162231,50.5,35.0,1,1,0,0
1783874452438480100,2026-07-13 00:40:52.438480,1.5675915479660034,-9.636005401611328,3067.624282836914,1085.8139991760254,2664.780044555664,1424.1324663162231,46.5,34.0,1,1,0,0
1783874452466643500,2026-07-13 00:40:52.466644,1.7979663610458374,-8.480899810791016,2817.544937133789,1663.012146949768,2817.544937133789,1424.1324663162231,51.5,29.5,1,1,0,0
1783874452509641400,2026-07-13 00:40:52.509641,1.8431299924850464,-9.064446449279785,2631.1315536499023,1783.8765382766724,2664.780044555664,1424.1324663162231,46.0,17.5,1,1,0,0
1783874452537094800,2026-07-13 00:40:52.537095,1.7931969165802002,-8.937921524047852,2754.0035247802734,1660.4608297348022,2754.0035247802734,1424.1324663162231,48.5,16.0,1,1,0,0
1783874452570897600,2026-07-13 00:40:52.570898,1.7931969165802002,-8.937921524047852,2754.0035247802734,1660.4608297348022,2754.0035247802734,1660.4608297348022,47.5,25.5,1,1,0,0
1783874452604737200,2026-07-13 00:40:52.604737,1.7723429203033447,-9.117878913879395,2650.103759765625,1709.3018293380737,2664.780044555664,1660.4608297348022,46.0,16.0,1,1,0,0
1783874452635452900,2026-07-13 00:40:52.635453,1.7154176235198975,-8.106460571289062,2728.1877517700195,1736.4789247512817,2754.0035247802734,1660.4608297348022,50.0,21.0,1,1,0,0
1783874452674572600,2026-07-13 00:40:52.674572,1.7138134241104126,-8.021444320678711,2553.001022338867,1644.1866159439087,2728.1877517700195,1660.4608297348022,50.0,22.5,1,1,0,0
1783874452704679600,2026-07-13 00:40:52.704680,1.6699374914169312,-8.639023780822754,2495.5787658691406,1639.4617557525635,2664.780044555664,1660.4608297348022,50.0,19.5,1,1,0,0
1783874452742697500,2026-07-13 00:40:52.742697,1.7496705055236816,-8.875188827514648,2339.411163330078,1886.078119277954,2664.780044555664,1660.4608297348022,48.5,10.0,1,1,0,0
1783874452771569500,2026-07-13 00:40:52.771569,1.7496705055236816,-8.875188827514648,2339.411163330078,1886.078119277954,2553.001022338867,1660.4608297348022,53.0,15.5,1,1,0,0
1783874452812000600,2026-07-13 00:40:52.812001,1.5663546323776245,-8.44153881072998,2215.0156021118164,1943.8198804855347,2495.5787658691406,1660.4608297348022,53.0,26.0,1,1,0,0
1783874452840883500,2026-07-13 00:40:52.840883,1.9694401025772095,-8.551287651062012,2736.656379699707,1939.3571615219116,2664.780044555664,1886.078119277954,50.5,15.5,1,1,0,0
1783874452880356600,2026-07-13 00:40:52.880357,1.9148706197738647,-8.73587703704834,3092.3463821411133,1547.825813293457,2553.001022338867,1660.4608297348022,50.0,32.0,1,1,0,0
1783874452910524300,2026-07-13 00:40:52.910524,2.051325559616089,-8.260512351989746,2728.026008605957,2047.8298664093018,2664.780044555664,1886.078119277954,47.5,16.5,1,1,0,0
1783874452943365500,2026-07-13 00:40:52.943365,1.8394016027450562,-9.074860572814941,2811.6695404052734,1642.200231552124,2728.026008605957,1886.078119277954,50.5,26.0,1,1,0,0
1783874452981355900,2026-07-13 00:40:52.981356,1.840125560760498,-8.481656074523926,2757.919120788574,2000.793218612671,2728.026008605957,1886.078119277954,47.5,16.5,1,1,0,0
1783874453011707300,2026-07-13 00:40:53.011707,1.9041820764541626,-8.137059211730957,2696.3361740112305,2010.8551979064941,2696.3361740112305,1886.078119277954,50.5,22.5,1,1,0,0
1783874453047811100,2026-07-13 00:40:53.047811,1.8724597692489624,-8.215959548950195,2737.713050842285,2034.440040588379,2728.026008605957,1886.078119277954,53.5,21.5,1,1,0,0
1783874453084263600,2026-07-13 00:40:53.084264,1.872262954711914,-8.878472328186035,2744.1600799560547,1954.2444944381714,2728.026008605957,1954.2444944381714,53.5,17.5,1,1,0,0
1783874453113403800,2026-07-13 00:40:53.113404,1.8813879489898682,-8.742648124694824,2588.5446548461914,1986.8980646133423,2696.3361740112305,1954.2444944381714,56.0,16.0,1,1,0,0
1783874453149260700,2026-07-13 00:40:53.149261,1.9054157733917236,-8.753363609313965,2628.7841796875,1817.1969652175903,2728.026008605957,1886.078119277954,50.5,18.0,1,1,0,0
1783874453184819900,2026-07-13 00:40:53.184820,1.9548317193984985,-9.11181354522705,2507.1701049804688,1826.6510963439941,2696.3361740112305,1954.2444944381714,51.5,26.5,1,1,0,0
1783874453218522700,2026-07-13 00:40:53.218523,1.884874939918518,-9.2592134475708,2340.1750564575195,1975.4799604415894,2628.7841796875,1954.2444944381714,50.5,15.0,1,1,0,0
1783874453250531600,2026-07-13 00:40:53.250532,1.9485315084457397,-9.295275688171387,2413.2116317749023,1980.444073677063,2628.7841796875,1954.2444944381714,48.5,9.5,1,1,0,0
1783874453286562300,2026-07-13 00:40:53.286562,1.8550126552581787,-8.15719985961914,2603.5207748413086,2063.6818408966064,2603.5207748413086,1954.2444944381714,47.5,17.5,1,1,0,0
1783874453321546500,2026-07-13 00:40:53.321547,1.8286558389663696,-8.667946815490723,2569.4433212280273,1719.3174362182617,2603.5207748413086,1954.2444944381714,54.0,31.0,1,1,0,0
1783874453349600600,2026-07-13 00:40:53.349601,1.8305530548095703,-8.389233589172363,2489.0243530273438,1912.363886833191,2603.5207748413086,1954.2444944381714,46.0,15.0,1,1,0,0
1783874453383456800,2026-07-13 00:40:53.383457,1.822343349456787,-8.303168296813965,2538.893699645996,1909.058928489685,2603.5207748413086,1954.2444944381714,45.0,18.5,1,1,0,0
1783874453419582300,2026-07-13 00:40:53.419582,1.894412875175476,-8.361554145812988,2561.6952896118164,1938.7038946151733,2569.4433212280273,1938.7038946151733,51.5,26.5,1,1,0,0
1783874453452343800,2026-07-13 00:40:53.452344,1.91563880443573,-8.662313461303711,2671.9558715820312,1781.9421291351318,2603.5207748413086,1938.7038946151733,54.5,16.0,1,1,0,0
1783874453492468300,2026-07-13 00:40:53.492468,1.833138346672058,-7.98276424407959,2351.9229888916016,1908.443570137024,2569.4433212280273,1938.7038946151733,51.5,15.5,1,1,0,0
1783874453524212800,2026-07-13 00:40:53.524213,1.8419365882873535,-8.395878791809082,2399.62100982666,1889.047384262085,2569.4433212280273,1938.7038946151733,51.5,22.0,1,1,0,0
1783874453556149200,2026-07-13 00:40:53.556149,1.9695091247558594,-8.035021781921387,2612.6144409179688,1759.9427700042725,2603.5207748413086,1908.443570137024,45.5,21.5,1,1,0,0
1783874453593401400,2026-07-13 00:40:53.593401,1.9539313316345215,-7.5733489990234375,2566.0253524780273,1869.8136806488037,2569.4433212280273,1908.443570137024,40.5,17.5,1,1,0,0
1783874453623338400,2026-07-13 00:40:53.623338,1.854364037513733,-8.223756790161133,2443.465805053711,1834.4250917434692,2569.4433212280273,1889.047384262085,40.0,20.0,1,1,0,0
1783874453658585000,2026-07-13 00:40:53.658585,1.9052009582519531,-8.37044620513916,2410.259437561035,1923.1516122817993,2569.4433212280273,1908.443570137024,44.0,20.0,1,1,0,0
1783874453695606300,2026-07-13 00:40:53.695606,1.8050020933151245,-8.222508430480957,2595.013999938965,2085.674047470093,2569.4433212280273,1908.443570137024,44.0,20.0,1,1,0,0
1783874453724340000,2026-07-13 00:40:53.724340,1.7335057258605957,-8.669692039489746,2684.63191986084,2182.5883388519287,2569.4433212280273,1908.443570137024,50.0,23.0,1,1,0,0
1783874453759378000,2026-07-13 00:40:53.759378,1.8996312618255615,-8.647876739501953,2769.938850402832,2171.600103378296,2569.4433212280273,1923.1516122817993,48.5,15.5,1,1,0,0
1783874453793176700,2026-07-13 00:40:53.793177,1.5735965967178345,-8.27924919128418,2545.219612121582,1991.9484853744507,2569.4433212280273,1991.9484853744507,47.0,18.5,1,1,0,0
1783874453821775100,2026-07-13 00:40:53.821775,1.8729913234710693,-8.445289611816406,2545.9821701049805,2037.6136302947998,2569.4433212280273,1991.9484853744507,53.0,15.5,1,1,0,0
1783874453867203100,2026-07-13 00:40:53.867203,1.8037998676300049,-9.23898696899414,2481.790542602539,1903.588891029358,2569.4433212280273,1923.1516122817993,49.0,15.0,1,1,0,0
1783874453894491300,2026-07-13 00:40:53.894491,1.78937828540802,-8.82931137084961,2629.2726516723633,1983.1597805023193,2569.4433212280273,1991.9484853744507,50.0,17.0,1,1,0,0
1783874453924367600,2026-07-13 00:40:53.924368,1.787096381187439,-9.247193336486816,2547.8551864624023,2058.7589740753174,2569.4433212280273,1991.9484853744507,50.0,15.0,1,1,0,0
1783874453953541000,2026-07-13 00:40:53.953541,1.6013317108154297,-9.448596000671387,2235.8203887939453,2057.1980476379395,2569.4433212280273,1991.9484853744507,48.5,13.5,1,1,0,0
1783874453983080600,2026-07-13 00:40:53.983081,1.6872175931930542,-8.833959579467773,2450.417137145996,2112.9255294799805,2569.4433212280273,1991.9484853744507,50.0,10.5,1,1,0,0
1783874454016859200,2026-07-13 00:40:54.016859,1.590303659439087,-9.227712631225586,2327.941131591797,1819.334626197815,2547.8551864624023,1991.9484853744507,50.0,15.5,1,1,0,0
1783874454046973600,2026-07-13 00:40:54.046974,2.10792875289917,-9.444483757019043,2598.3381271362305,1753.7336349487305,2569.4433212280273,1991.9484853744507,49.5,28.0,1,1,0,0
1783874454076777300,2026-07-13 00:40:54.076777,1.9844032526016235,-8.576815605163574,2657.1348190307617,1778.2021760940552,2569.4433212280273,1991.9484853744507,46.0,21.5,1,1,0,0
1783874454107307800,2026-07-13 00:40:54.107308,1.9113572835922241,-9.196127891540527,2844.563102722168,1716.7387008666992,2569.4433212280273,1819.334626197815,40.5,21.5,1,1,0,0
1783874454137466600,2026-07-13 00:40:54.137467,1.9157885313034058,-9.5128755569458,2508.7989807128906,1891.3919925689697,2569.4433212280273,1891.3919925689697,40.5,25.5,1,1,0,0
1783874454167752300,2026-07-13 00:40:54.167752,2.131227731704712,-9.459748268127441,2783.7690353393555,1966.8751955032349,2569.4433212280273,1966.8751955032349,43.0,17.5,1,1,0,0
1783874454202301700,2026-07-13 00:40:54.202302,1.6378792524337769,-8.753233909606934,2567.210578918457,2032.1433544158936,2569.4433212280273,1891.3919925689697,47.5,13.5,1,1,0,0
1783874454233772100,2026-07-13 00:40:54.233772,1.9089151620864868,-9.805203437805176,2540.3432846069336,1883.052110671997,2569.4433212280273,1891.3919925689697,47.5,23.5,1,1,0,0
1783874454271340800,2026-07-13 00:40:54.271341,1.9311697483062744,-10.246627807617188,2493.299102783203,1919.0242290496826,2569.4433212280273,1919.0242290496826,46.0,23.5,1,1,0,0
1783874454301654900,2026-07-13 00:40:54.301655,2.0997540950775146,-9.595463752746582,2656.752395629883,1904.9746990203857,2569.4433212280273,1904.9746990203857,45.5,18.0,1,1,0,0
1783874454342661600,2026-07-13 00:40:54.342662,1.5130177736282349,-9.655600547790527,2329.2593002319336,2060.9560012817383,2569.4433212280273,1904.9746990203857,45.5,19.5,1,1,0,0
1783874454370671800,2026-07-13 00:40:54.370672,1.6052166223526,-9.49406909942627,2348.664093017578,2081.1328887939453,2569.4433212280273,1919.0242290496826,45.5,18.5,1,1,0,0
1783874454404392300,2026-07-13 00:40:54.404392,1.6362695693969727,-8.599943161010742,2597.115707397461,2150.2702236175537,2569.4433212280273,1919.0242290496826,45.5,20.5,1,1,0,0
1783874454436908500,2026-07-13 00:40:54.436908,1.3698090314865112,-9.199666023254395,2448.3301162719727,2180.4356575012207,2569.4433212280273,2060.9560012817383,44.5,18.0,1,1,0,0
1783874454472696500,2026-07-13 00:40:54.472697,1.3630926609039307,-8.865059852600098,2497.678565979004,2203.242301940918,2569.4433212280273,2081.1328887939453,45.5,18.0,1,1,0,0
1783874454513050900,2026-07-13 00:40:54.513051,1.9167907238006592,-8.714753150939941,2585.5634689331055,1955.0248384475708,2569.4433212280273,1955.0248384475708,50.0,19.5,1,1,0,0
1783874454543437600,2026-07-13 00:40:54.543437,2.103689670562744,-8.939665794372559,2766.9538497924805,1706.7031860351562,2569.4433212280273,2060.9560012817383,47.5,25.0,1,1,0,0
1783874454576329200,2026-07-13 00:40:54.576329,1.960300087928772,-8.640419960021973,3002.8762817382812,1629.7991275787354,2569.4433212280273,1955.0248384475708,45.0,27.0,1,1,0,0
1783874454610386400,2026-07-13 00:40:54.610386,1.9587713479995728,-7.905996799468994,2795.595359802246,1866.1854267120361,2585.5634689331055,1955.0248384475708,44.5,24.0,1,1,0,0
1783874454642218500,2026-07-13 00:40:54.642219,1.8421777486801147,-9.024752616882324,2764.5116806030273,1783.9843034744263,2764.5116806030273,1866.1854267120361,43.5,22.5,1,1,0,0
1783874454683234600,2026-07-13 00:40:54.683234,1.879148244857788,-8.51496696472168,2888.0373001098633,1922.1506118774414,2764.5116806030273,1922.1506118774414,43.5,18.5,1,1,0,0
1783874454711706000,2026-07-13 00:40:54.711706,1.741618037223816,-9.251484870910645,2623.116683959961,2110.4235649108887,2623.116683959961,1955.0248384475708,43.5,22.0,1,1,0,0
1783874454743436000,2026-07-13 00:40:54.743436,1.8771759271621704,-8.470069885253906,2754.7937393188477,2113.7986183166504,2764.5116806030273,1922.1506118774414,44.0,24.5,1,1,0,0
1783874454782950600,2026-07-13 00:40:54.782951,1.9038277864456177,-8.746460914611816,2574.5729446411133,2050.4393577575684,2754.7937393188477,1955.0248384475708,38.5,19.5,1,1,0,0
1783874454812080800,2026-07-13 00:40:54.812081,1.652218222618103,-8.522501945495605,2308.799362182617,2076.3893127441406,2623.116683959961,2050.4393577575684,39.0,16.5,1,1,0,0
1783874454846209100,2026-07-13 00:40:54.846209,1.3977781534194946,-8.227128028869629,2229.144287109375,2158.111095428467,2623.116683959961,2050.4393577575684,39.0,16.5,1,1,0,0
1783874454886597100,2026-07-13 00:40:54.886597,1.633682370185852,-9.306706428527832,2088.75732421875,2044.5191860198975,2574.5729446411133,2044.5191860198975,35.0,19.0,1,1,0,0
1783874454916178600,2026-07-13 00:40:54.916179,1.5082203149795532,-8.204316139221191,2091.6257858276367,2048.555612564087,2308.799362182617,2050.4393577575684,34.5,17.5,1,1,0,0
1783874454947987900,2026-07-13 00:40:54.947988,1.4690314531326294,-8.52839183807373,1967.523193359375,2039.916753768921,2229.144287109375,2048.555612564087,30.5,18.0,1,1,0,0
1783874454987127200,2026-07-13 00:40:54.987127,1.563861608505249,-9.379916191101074,1899.3812561035156,1925.4775047302246,2091.6257858276367,2044.5191860198975,30.5,18.5,1,1,0,0
1783874455015871100,2026-07-13 00:40:55.015871,1.8863860368728638,-7.904242992401123,1880.8809280395508,1652.7245044708252,2091.6257858276367,2044.5191860198975,36.5,13.5,1,1,0,0
1783874455056884600,2026-07-13 00:40:55.056885,2.04097843170166,-9.103890419006348,2201.998519897461,1819.2403316497803,2201.998519897461,2039.916753768921,36.0,22.0,1,1,0,0
1783874455089647800,2026-07-13 00:40:55.089648,1.7088109254837036,-7.646986484527588,1963.2448196411133,1843.9503908157349,2091.6257858276367,1925.4775047302246,24.0,10.5,1,1,0,0
1783874455118242500,2026-07-13 00:40:55.118243,1.5928572416305542,-7.278903007507324,1976.4074325561523,1892.6103115081787,2091.6257858276367,1892.6103115081787,23.5,17.5,1,1,0,0
1783874455152130200,2026-07-13 00:40:55.152130,1.6062597036361694,-7.467620372772217,1613.9612197875977,1799.1323471069336,2091.6257858276367,1892.6103115081787,23.5,12.0,1,1,0,0
1783874455184761300,2026-07-13 00:40:55.184761,1.8145084381103516,-7.9806132316589355,1958.328628540039,1818.5794353485107,1976.4074325561523,1892.6103115081787,25.0,11.5,1,1,0,0
1783874455220644000,2026-07-13 00:40:55.220644,1.3815617561340332,-8.37385082244873,1896.5272903442383,1925.649881362915,1976.4074325561523,1892.6103115081787,27.5,11.5,1,1,0,0
1783874455253438400,2026-07-13 00:40:55.253438,1.4597407579421997,-7.27258825302124,1858.680534362793,1884.7105503082275,1958.328628540039,1892.6103115081787,31.0,18.0,1,1,0,0
1783874455291917600,2026-07-13 00:40:55.291918,1.3703358173370361,-8.210123062133789,1935.2191925048828,2065.864324569702,1958.328628540039,1892.6103115081787,30.0,17.0,1,1,0,0
1783874455322899400,2026-07-13 00:40:55.322899,1.5233699083328247,-8.63647174835205,1989.8584365844727,2022.6821899414062,1976.4074325561523,1892.6103115081787,32.5,17.0,1,1,0,0
1783874455362666100,2026-07-13 00:40:55.362666,1.5114325284957886,-8.8381929397583,1682.400894165039,1782.2397947311401,1958.328628540039,1892.6103115081787,32.5,11.5,1,1,0,0
1783874455390824700,2026-07-13 00:40:55.390825,1.7264775037765503,-8.218791007995605,1803.0794143676758,1818.716287612915,1958.328628540039,1892.6103115081787,32.0,8.0,1,1,0,0
1783874455431070800,2026-07-13 00:40:55.431071,1.7666857242584229,-8.131316184997559,1878.6617279052734,1862.517237663269,1958.328628540039,1892.6103115081787,28.5,5.5,1,1,0,0
1783874455459508100,2026-07-13 00:40:55.459508,1.5266540050506592,-8.656975746154785,1767.2185897827148,1918.1933403015137,1878.6617279052734,1892.6103115081787,27.5,14.5,1,1,0,0
1783874455486706500,2026-07-13 00:40:55.486706,1.7846788167953491,-8.802544593811035,1781.2641143798828,1782.2049856185913,1878.6617279052734,1892.6103115081787,27.5,14.0,1,1,0,0
1783874455513675300,2026-07-13 00:40:55.513675,1.744152545928955,-8.064841270446777,1749.7455596923828,1750.617265701294,1878.6617279052734,1892.6103115081787,29.5,4.5,1,1,0,0
1783874455542054900,2026-07-13 00:40:55.542055,1.5640925168991089,-8.953898429870605,1697.882080078125,1849.7334718704224,1781.2641143798828,1892.6103115081787,26.0,8.5,1,1,0,0
1783874455569640100,2026-07-13 00:40:55.569640,1.360852599143982,-8.73620319366455,1670.7263946533203,1893.7647342681885,1781.2641143798828,1892.6103115081787,31.0,12.5,1,1,0,0
1783874455598523900,2026-07-13 00:40:55.598524,0.7202574610710144,-8.533356666564941,1448.9831924438477,2051.813840866089,1749.7455596923828,1892.6103115081787,27.0,9.5,1,1,0,0
1783874455629277800,2026-07-13 00:40:55.629278,0.5942767262458801,-8.30163860321045,1434.6749305725098,2083.306312561035,1697.882080078125,1892.6103115081787,32.5,1.0,1,1,0,0
1783874455666066500,2026-07-13 00:40:55.666066,0.7432438135147095,-8.646489143371582,1334.7454071044922,1990.6775951385498,1670.7263946533203,1893.7647342681885,32.5,5.0,1,1,0,0
1783874455696279600,2026-07-13 00:40:55.696280,0.7932208180427551,-8.580241203308105,1349.2189407348633,1989.9013042449951,1448.9831924438477,1989.9013042449951,32.0,6.0,1,1,0,0
1783874455737807800,2026-07-13 00:40:55.737808,0.5836153626441956,-8.303311347961426,1289.7313117980957,1978.8416624069214,1434.6749305725098,1978.8416624069214,33.5,8.5,1,1,0,0
1783874455766185700,2026-07-13 00:40:55.766186,0.7966073751449585,-8.622902870178223,1147.7715492248535,1831.3244581222534,1349.2189407348633,1893.7647342681885,30.5,11.5,1,1,0,0
1783874455796835900,2026-07-13 00:40:55.796836,1.0873405933380127,-8.269953727722168,1302.1242141723633,1859.5130443572998,1349.2189407348633,1978.8416624069214,26.5,2.0,1,1,0,0
1783874455835176800,2026-07-13 00:40:55.835177,1.0143879652023315,-9.108839988708496,1316.9540405273438,1864.5235300064087,1316.9540405273438,1893.7647342681885,24.0,7.5,1,1,0,0
1783874455863494700,2026-07-13 00:40:55.863495,1.0019865036010742,-9.65888786315918,933.4421157836914,1732.5997352600098,1316.9540405273438,1864.5235300064087,24.5,2.5,1,1,0,0
1783874455898716600,2026-07-13 00:40:55.898717,0.8942963480949402,-9.331650733947754,1150.9920120239258,1786.0267162322998,1316.9540405273438,1864.5235300064087,31.0,7.5,1,1,0,0
1783874455933375000,2026-07-13 00:40:55.933375,0.9898180365562439,-9.100740432739258,1237.6460075378418,1770.9968090057373,1316.9540405273438,1864.5235300064087,23.5,3.0,1,1,0,0
1783874455965331500,2026-07-13 00:40:55.965332,0.8784429430961609,-8.752939224243164,1160.0560188293457,1782.9986810684204,1237.6460075378418,1786.0267162322998,23.5,2.5,1,1,0,0
1783874456006627400,2026-07-13 00:40:56.006627,1.008718729019165,-9.458794593811035,1202.482032775879,1795.3356504440308,1237.6460075378418,1795.3356504440308,31.5,3.0,1,1,0,0
1783874456035515800,2026-07-13 00:40:56.035516,1.1771199703216553,-9.844611167907715,1245.1252937316895,1851.4512777328491,1245.1252937316895,1851.4512777328491,31.5,8.0,1,1,0,0
1783874456076666900,2026-07-13 00:40:56.076667,1.2105976343154907,-9.140250205993652,1187.2294425964355,1781.6206216812134,1237.6460075378418,1786.0267162322998,25.5,1.5,1,1,0,0
1783874456110776000,2026-07-13 00:40:56.110776,1.05623197555542,-9.079087257385254,1098.175048828125,1775.381326675415,1237.6460075378418,1795.3356504440308,24.5,7.5,1,1,0,0
1783874456139472700,2026-07-13 00:40:56.139473,1.0907281637191772,-8.654592514038086,1052.2674560546875,1830.4129838943481,1237.6460075378418,1830.4129838943481,16.5,4.0,1,1,0,0
1783874456171672400,2026-07-13 00:40:56.171672,0.6875246167182922,-10.18805980682373,860.7745170593262,1782.400131225586,1187.2294425964355,1786.0267162322998,28.0,3.5,1,1,0,0
1783874456206897600,2026-07-13 00:40:56.206898,0.8065709471702576,-9.957060813903809,1045.9979057312012,1840.5369520187378,1098.175048828125,1795.3356504440308,32.5,6.5,1,1,0,0
1783874456246472100,2026-07-13 00:40:56.246472,0.9870756268501282,-9.679844856262207,1107.1640014648438,1835.9575271606445,1107.1640014648438,1830.4129838943481,30.0,7.5,1,1,0,0
1783874456274561800,2026-07-13 00:40:56.274562,0.9655957221984863,-9.04025936126709,1288.7177467346191,1958.0391645431519,1187.2294425964355,1830.4129838943481,30.0,12.0,1,1,0,0
1783874456307700600,2026-07-13 00:40:56.307700,1.0767580270767212,-7.735316276550293,1329.728126525879,1859.3764305114746,1107.1640014648438,1835.9575271606445,33.0,3.0,1,1,0,0
1783874456341468600,2026-07-13 00:40:56.341469,1.0966441631317139,-7.803225040435791,1209.85107421875,1795.1065301895142,1187.2294425964355,1830.4129838943481,30.0,5.0,1,1,0,0
1783874456376310300,2026-07-13 00:40:56.376310,1.0236862897872925,-8.51311206817627,1193.3647155761719,1907.373070716858,1193.3647155761719,1835.9575271606445,32.0,12.0,1,1,0,0
1783874456407837500,2026-07-13 00:40:56.407837,1.0781854391098022,-8.330636024475098,1220.8273887634277,1875.1142024993896,1193.3647155761719,1835.9575271606445,32.5,6.5,1,1,0,0
1783874456446620900,2026-07-13 00:40:56.446621,1.0683411359786987,-8.186120986938477,1246.4966773986816,1824.050784111023,1193.3647155761719,1830.4129838943481,22.5,4.0,1,1,0,0
1783874456476202300,2026-07-13 00:40:56.476202,1.1404765844345093,-8.45874309539795,1322.3363876342773,1880.2319765090942,1193.3647155761719,1835.9575271606445,32.5,4.0,1,1,0,0
1783874456510754800,2026-07-13 00:40:56.510755,1.0393297672271729,-8.610286712646484,1293.2692527770996,1958.4351778030396,1220.8273887634277,1835.9575271606445,32.5,4.5,1,1,0,0
1783874456548678800,2026-07-13 00:40:56.548679,1.2879185676574707,-8.131924629211426,1355.3001403808594,1775.943398475647,1246.4966773986816,1830.4129838943481,33.5,1.0,1,1,0,0
1783874456578292400,2026-07-13 00:40:56.578292,1.1434825658798218,-9.183015823364258,1253.7701606750488,1850.8458137512207,1253.7701606750488,1835.9575271606445,32.5,7.5,1,1,0,0
1783874456617263000,2026-07-13 00:40:56.617263,1.2006858587265015,-9.311894416809082,1345.7401275634766,1891.2339210510254,1253.7701606750488,1835.9575271606445,32.5,9.0,1,1,0,0
1783874456646727700,2026-07-13 00:40:56.646728,1.2006858587265015,-9.311894416809082,1345.7401275634766,1891.2339210510254,1253.7701606750488,1835.9575271606445,33.5,7.5,1,1,0,0
1783874456680509000,2026-07-13 00:40:56.680509,1.1210118532180786,-9.558215141296387,1252.640151977539,1905.7071208953857,1253.7701606750488,1850.8458137512207,25.5,8.0,1,1,0,0
1783874456716143900,2026-07-13 00:40:56.716144,1.2990401983261108,-9.593462944030762,1364.5212173461914,1914.9047136306763,1253.7701606750488,1891.2339210510254,25.5,3.5,1,1,0,0
1783874456747611800,2026-07-13 00:40:56.747612,1.0610281229019165,-8.446423530578613,1234.6579551696777,1909.6283912658691,1253.7701606750488,1891.2339210510254,28.5,8.0,1,1,0,0
1783874456787035900,2026-07-13 00:40:56.787036,1.2801017761230469,-9.65535831451416,1392.1549797058105,1968.29354763031,1253.7701606750488,1905.7071208953857,28.0,7.0,1,1,0,0
1783874456815461800,2026-07-13 00:40:56.815462,1.1979769468307495,-8.439745903015137,1461.576747894287,1934.582233428955,1253.7701606750488,1909.6283912658691,28.0,9.0,1,1,0,0
1783874456855958100,2026-07-13 00:40:56.855958,1.4257500171661377,-8.965800285339355,1589.908504486084,1915.281891822815,1253.7701606750488,1909.6283912658691,38.5,8.0,1,1,0,0
1783874456883233400,2026-07-13 00:40:56.883233,1.6124565601348877,-8.99194049835205,1765.5075073242188,1915.4011011123657,1392.1549797058105,1915.281891822815,30.0,5.5,1,1,0,0
1783874456916976600,2026-07-13 00:40:56.916977,1.5758658647537231,-9.45651626586914,1654.7285079956055,1817.9000616073608,1461.576747894287,1909.6283912658691,32.0,6.0,1,1,0,0
1783874456956184700,2026-07-13 00:40:56.956185,1.576111912727356,-9.336760520935059,1638.253402709961,1804.3725490570068,1589.908504486084,1909.6283912658691,32.5,9.5,1,1,0,0
1783874456985026600,2026-07-13 00:40:56.985027,1.576111912727356,-9.336760520935059,1638.253402709961,1804.3725490570068,1638.253402709961,1909.6283912658691,31.5,9.0,1,1,0,0
1783874457026905100,2026-07-13 00:40:57.026905,1.1055580377578735,-9.374869346618652,1423.2218742370605,1813.963770866394,1461.576747894287,1817.9000616073608,33.0,9.0,1,1,0,0
1783874457060430900,2026-07-13 00:40:57.060431,1.356443166732788,-9.537459373474121,1575.4918098449707,1780.669927597046,1589.908504486084,1813.963770866394,33.5,7.0,1,1,0,0
1783874457089631100,2026-07-13 00:40:57.089631,1.3102262020111084,-9.269428253173828,1503.6551475524902,1731.65762424469,1575.4918098449707,1813.963770866394,29.0,8.0,1,1,0,0
1783874457120424600,2026-07-13 00:40:57.120425,1.506716251373291,-9.92431354522705,1593.0269241333008,1676.163911819458,1575.4918098449707,1813.963770866394,32.5,9.0,1,1,0,0
1783874457158352800,2026-07-13 00:40:57.158353,1.3877274990081787,-10.098543167114258,1406.9615364074707,1609.1667413711548,1575.4918098449707,1780.669927597046,33.5,7.5,1,1,0,0
1783874457188357200,2026-07-13 00:40:57.188357,1.3963565826416016,-9.563364028930664,1703.5533905029297,1851.3295650482178,1575.4918098449707,1813.963770866394,32.5,11.0,1,1,0,0
1783874457227008100,2026-07-13 00:40:57.227008,1.5797585248947144,-10.156859397888184,1440.219497680664,1709.6291780471802,1575.4918098449707,1780.669927597046,31.0,8.5,1,1,0,0
1783874457257195100,2026-07-13 00:40:57.257195,1.3814338445663452,-8.714088439941406,1741.221809387207,2034.6877574920654,1575.4918098449707,1780.669927597046,32.0,9.0,1,1,0,0
1783874457289643100,2026-07-13 00:40:57.289643,1.438061237335205,-8.508496284484863,1582.5014114379883,1904.328465461731,1575.4918098449707,1813.963770866394,24.5,3.5,1,1,0,0
1783874457330510600,2026-07-13 00:40:57.330511,1.5486811399459839,-8.563977241516113,1639.9852752685547,1856.5691709518433,1575.4918098449707,1813.963770866394,22.5,7.0,1,1,0,0
1783874457360524400,2026-07-13 00:40:57.360524,1.6203337907791138,-9.5156888961792,1628.8402557373047,1835.4121446609497,1582.5014114379883,1835.4121446609497,22.5,5.5,1,1,0,0
1783874457391581900,2026-07-13 00:40:57.391582,1.3678838014602661,-9.575966835021973,1633.2941055297852,1996.9063997268677,1582.5014114379883,1835.4121446609497,28.0,6.5,1,1,0,0
1783874457421448500,2026-07-13 00:40:57.421448,1.2014271020889282,-9.476667404174805,1616.1853790283203,2019.6924209594727,1616.1853790283203,1835.4121446609497,25.5,10.0,1,1,0,0
1783874457447137200,2026-07-13 00:40:57.447137,1.5009781122207642,-9.377290725708008,1690.7487869262695,2070.232391357422,1616.1853790283203,1835.4121446609497,25.0,5.5,1,1,0,0
1783874457476398700,2026-07-13 00:40:57.476399,1.1846917867660522,-9.208797454833984,1528.8477897644043,2002.5935173034668,1582.5014114379883,1996.9063997268677,31.0,10.5,1,1,0,0
1783874457511022300,2026-07-13 00:40:57.511022,1.0853716135025024,-8.724495887756348,1690.5197143554688,2116.107702255249,1616.1853790283203,2002.5935173034668,32.0,7.5,1,1,0,0
1783874457540614500,2026-07-13 00:40:57.540614,0.9191710948944092,-8.790891647338867,1421.9236373901367,1887.822985649109,1616.1853790283203,1887.822985649109,32.5,8.5,1,1,0,0
1783874457571942400,2026-07-13 00:40:57.571942,1.0189543962478638,-9.256552696228027,1321.7025756835938,1874.281644821167,1582.5014114379883,1996.9063997268677,31.5,10.0,1,1,0,0
1783874457598293700,2026-07-13 00:40:57.598294,1.0798653364181519,-8.957686424255371,1271.330738067627,1902.8198719024658,1582.5014114379883,1902.8198719024658,32.5,16.0,1,1,0,0
1783874457629316300,2026-07-13 00:40:57.629316,1.0915919542312622,-8.900435447692871,1489.8871421813965,2054.4075965881348,1489.8871421813965,1902.8198719024658,30.5,10.0,1,1,0,0
1783874457667624900,2026-07-13 00:40:57.667625,1.3533776998519897,-8.578124046325684,1486.81001663208,1962.970495223999,1489.8871421813965,1962.970495223999,30.5,1.5,1,1,0,0
1783874457699273100,2026-07-13 00:40:57.699273,1.2136808633804321,-9.157687187194824,1475.0279426574707,1939.887285232544,1489.8871421813965,1939.887285232544,31.5,8.0,1,1,0,0
1783874457732952600,2026-07-13 00:40:57.732953,1.1265727281570435,-9.077362060546875,1638.2623672485352,2050.5247116088867,1489.8871421813965,1962.970495223999,25.0,5.0,1,1,0,0
1783874457766912300,2026-07-13 00:40:57.766912,1.2013769149780273,-9.089838981628418,1539.732551574707,1889.6384239196777,1489.8871421813965,1962.970495223999,31.0,11.5,1,1,0,0
1783874457801884200,2026-07-13 00:40:57.801884,1.1262093782424927,-9.38610553741455,1566.1932945251465,1934.3522787094116,1489.8871421813965,1939.887285232544,29.5,9.0,1,1,0,0
1783874457839425100,2026-07-13 00:40:57.839425,1.0739820003509521,-9.28903579711914,1607.8399658203125,2015.7198905944824,1539.732551574707,1962.970495223999,28.5,4.5,1,1,0,0
1783874457868071700,2026-07-13 00:40:57.868072,1.089149832725525,-9.628300666809082,1534.4635963439941,2058.103322982788,1534.4635963439941,1962.970495223999,27.5,5.0,1,1,0,0
1783874457910382700,2026-07-13 00:40:57.910383,0.9231982827186584,-9.278039932250977,1469.2075729370117,2019.6356773376465,1489.8871421813965,1962.970495223999,32.0,11.5,1,1,0,0
1783874457940817700,2026-07-13 00:40:57.940818,0.990112841129303,-9.673324584960938,1365.9380912780762,1926.0950088500977,1534.4635963439941,1962.970495223999,33.5,10.5,1,1,0,0
1783874457969616100,2026-07-13 00:40:57.969616,0.950622022151947,-9.159955024719238,1514.8886680603027,2049.264430999756,1514.8886680603027,1962.970495223999,29.0,5.0,1,1,0,0
1783874458007419500,2026-07-13 00:40:58.007419,0.8746199607849121,-8.813750267028809,1394.3387985229492,1972.925066947937,1489.8871421813965,1962.970495223999,27.5,6.5,1,1,0,0
1783874458035591500,2026-07-13 00:40:58.035591,0.7442137598991394,-9.426105499267578,1229.6635627746582,1955.504059791565,1489.8871421813965,1962.970495223999,32.0,5.0,1,1,0,0
1783874458070297500,2026-07-13 00:40:58.070298,0.7412182688713074,-8.747148513793945,1521.305274963379,2134.799003601074,1514.8886680603027,1962.970495223999,33.0,6.5,1,1,0,0
1783874458106401200,2026-07-13 00:40:58.106401,1.198602557182312,-8.880997657775879,1435.1085662841797,1966.3673639297485,1489.8871421813965,1962.970495223999,39.0,4.5,1,1,0,0
1783874458138417200,2026-07-13 00:40:58.138417,0.626738965511322,-8.646442413330078,1292.8573608398438,1966.2405252456665,1489.8871421813965,1962.970495223999,31.5,7.0,1,1,0,0
1783874458179464500,2026-07-13 00:40:58.179464,1.0692036151885986,-9.394782066345215,1383.5679054260254,1959.3067169189453,1489.8871421813965,1962.970495223999,31.0,8.0,1,1,0,0
1783874458208713900,2026-07-13 00:40:58.208714,0.9461392760276794,-8.762633323669434,1453.9728164672852,2010.6134414672852,1453.9728164672852,1962.970495223999,27.5,5.0,1,1,0,0
1783874458250407100,2026-07-13 00:40:58.250407,0.9461392760276794,-8.762633323669434,1453.9728164672852,2010.6134414672852,1453.9728164672852,1962.970495223999,28.0,5.0,1,1,0,0
1783874458282075700,2026-07-13 00:40:58.282076,0.6667491793632507,-9.389554023742676,1156.6130638122559,2041.8782234191895,1453.9728164672852,1962.970495223999,35.0,18.5,1,1,0,0
1783874458311412500,2026-07-13 00:40:58.311413,0.8707553744316101,-9.756522178649902,1232.4301719665527,2035.205364227295,1453.9728164672852,2010.6134414672852,37.5,1.5,1,1,0,0
1783874458343851800,2026-07-13 00:40:58.343852,0.9097605347633362,-9.795075416564941,1245.553207397461,2087.3148441314697,1453.9728164672852,2010.6134414672852,36.0,5.5,1,1,0,0
1783874458382419900,2026-07-13 00:40:58.382420,0.9926173686981201,-9.182585716247559,1227.4760246276855,1990.0777339935303,1245.553207397461,1990.0777339935303,31.5,4.0,1,1,0,0
1783874458419510000,2026-07-13 00:40:58.419510,0.7940787076950073,-9.093846321105957,1175.4328727722168,1895.89262008667,1245.553207397461,2010.6134414672852,38.0,12.5,1,1,0,0
1783874458451455900,2026-07-13 00:40:58.451456,1.1285258531570435,-8.965404510498047,1406.7085266113281,1902.5992155075073,1406.7085266113281,1990.0777339935303,32.5,0.5,1,1,0,0
1783874458480360100,2026-07-13 00:40:58.480360,0.9702267646789551,-9.227477073669434,1284.1533660888672,1924.8778820037842,1245.553207397461,1990.0777339935303,30.0,3.0,1,1,0,0
1783874458521029100,2026-07-13 00:40:58.521029,0.8849946856498718,-8.893153190612793,1193.1964874267578,1839.6244049072266,1245.553207397461,1924.8778820037842,26.0,0.5,1,1,0,0
1783874458550718100,2026-07-13 00:40:58.550718,1.1176506280899048,-8.711945533752441,1266.3418769836426,1824.4534730911255,1266.3418769836426,1924.8778820037842,32.0,1.5,1,1,0,0
1783874458586148800,2026-07-13 00:40:58.586149,0.77801913022995,-8.9622163772583,1181.3831329345703,1841.4580821990967,1245.553207397461,1924.8778820037842,34.5,9.0,1,1,0,0
1783874458615861300,2026-07-13 00:40:58.615861,1.0666992664337158,-8.792819023132324,1531.3665390014648,2019.4239616394043,1245.553207397461,1924.8778820037842,32.0,2.0,1,1,0,0
1783874458654312800,2026-07-13 00:40:58.654313,0.7911806702613831,-8.194602012634277,1291.5471076965332,1945.0156688690186,1266.3418769836426,1924.8778820037842,33.5,7.5,1,1,0,0
1783874458683764200,2026-07-13 00:40:58.683764,0.5029217004776001,-8.520954132080078,1184.001636505127,2048.0260848999023,1245.553207397461,1924.8778820037842,37.5,4.5,1,1,0,0
1783874458725416200,2026-07-13 00:40:58.725416,0.7604139447212219,-8.947504997253418,1205.653953552246,1983.8008880615234,1245.553207397461,1945.0156688690186,36.0,3.5,1,1,0,0
1783874458753289600,2026-07-13 00:40:58.753290,1.0047739744186401,-8.959379196166992,1393.1514739990234,2031.8622589111328,1266.3418769836426,1945.0156688690186,30.0,6.5,1,1,0,0
1783874458787738100,2026-07-13 00:40:58.787738,1.036067247390747,-8.847572326660156,1404.4053077697754,1939.1359090805054,1245.553207397461,1939.1359090805054,30.0,6.5,1,1,0,0
1783874458822752300,2026-07-13 00:40:58.822752,0.976026713848114,-9.183794021606445,1352.806568145752,1882.6262950897217,1266.3418769836426,1945.0156688690186,30.5,8.0,1,1,0,0
1783874458856002300,2026-07-13 00:40:58.856002,0.8722873330116272,-9.214221954345703,1225.5033493041992,1858.536958694458,1266.3418769836426,1939.1359090805054,30.5,6.5,1,1,0,0
1783874458893632400,2026-07-13 00:40:58.893632,0.8694012761116028,-8.974886894226074,1377.6884078979492,1965.436577796936,1266.3418769836426,1939.1359090805054,34.5,8.0,1,1,0,0
1783874458922788200,2026-07-13 00:40:58.922788,1.1058104038238525,-9.11812973022461,1056.3236236572266,1742.579460144043,1266.3418769836426,1939.1359090805054,34.0,8.5,1,1,0,0
1783874458960846800,2026-07-13 00:40:58.960847,1.0867658853530884,-8.962016105651855,1295.0927734375,1827.9255628585815,1266.3418769836426,1939.1359090805054,27.0,8.0,1,1,0,0
1783874458991622100,2026-07-13 00:40:58.991622,1.043954610824585,-9.09998607635498,1117.4717903137207,1794.7510480880737,1266.3418769836426,1939.1359090805054,32.5,3.5,1,1,0,0
1783874459030369200,2026-07-13 00:40:59.030369,0.9960879683494568,-8.579928398132324,1304.1738510131836,1883.2706212997437,1266.3418769836426,1883.2706212997437,30.5,12.0,1,1,0,0
1783874459058672900,2026-07-13 00:40:59.058673,1.0050127506256104,-8.87418270111084,1353.5901069641113,1860.7717752456665,1266.3418769836426,1883.2706212997437,32.0,12.0,1,1,0,0
1783874459088528600,2026-07-13 00:40:59.088529,0.6287261843681335,-9.027512550354004,1225.3019332885742,1892.0966386795044,1266.3418769836426,1892.0966386795044,31.0,12.0,1,1,0,0
1783874459118182400,2026-07-13 00:40:59.118182,0.8370066285133362,-8.361194610595703,1385.7779502868652,1959.0469598770142,1266.3418769836426,1883.2706212997437,33.0,15.0,1,1,0,0
1783874459155195100,2026-07-13 00:40:59.155195,0.935839831829071,-7.770664691925049,1429.3392181396484,1903.4082889556885,1266.3418769836426,1892.0966386795044,30.0,15.0,1,1,0,0
1783874459186077600,2026-07-13 00:40:59.186078,0.89012610912323,-8.128620147705078,1404.3241500854492,1891.0906314849854,1266.3418769836426,1892.0966386795044,32.5,13.0,1,1,0,0
1783874459214372200,2026-07-13 00:40:59.214372,0.5711913704872131,-8.211033821105957,1177.6812553405762,1833.163857460022,1266.3418769836426,1883.2706212997437,35.0,12.0,1,1,0,0
1783874459244122200,2026-07-13 00:40:59.244122,0.5768765807151794,-8.691069602966309,1209.6169471740723,1847.808599472046,1266.3418769836426,1891.0906314849854,32.0,3.0,1,1,0,0
1783874459276437700,2026-07-13 00:40:59.276438,0.8814812898635864,-8.620621681213379,1410.2437019348145,1955.5306434631348,1266.3418769836426,1892.0966386795044,31.0,3.0,1,1,0,0
1783874459305725100,2026-07-13 00:40:59.305725,0.6779575943946838,-8.233113288879395,1270.9529876708984,1926.324725151062,1266.3418769836426,1891.0906314849854,32.5,1.0,1,1,0,0
1783874459340354600,2026-07-13 00:40:59.340354,0.9079148173332214,-8.393340110778809,1352.025032043457,1827.3732662200928,1266.3418769836426,1891.0906314849854,30.0,11.0,1,1,0,0
1783874459367704100,2026-07-13 00:40:59.367704,0.9070376753807068,-8.292244911193848,1380.0884246826172,1815.8574104309082,1270.9529876708984,1891.0906314849854,27.5,1.0,1,1,0,0
1783874459398778600,2026-07-13 00:40:59.398779,1.034407377243042,-8.432047843933105,1262.372875213623,1698.953628540039,1266.3418769836426,1891.0906314849854,39.0,13.0,1,1,0,0
1783874459437365700,2026-07-13 00:40:59.437366,0.9602460265159607,-7.939804553985596,1247.3846435546875,1677.35755443573,1266.3418769836426,1827.3732662200928,40.0,8.0,1,1,0,0
1783874459468412000,2026-07-13 00:40:59.468412,1.1488834619522095,-7.962800979614258,1228.116512298584,1618.4982061386108,1266.3418769836426,1815.8574104309082,45.0,8.0,1,1,0,0
1783874459507754100,2026-07-13 00:40:59.507754,1.3473458290100098,-7.531835079193115,1133.8939666748047,1431.3472509384155,1262.372875213623,1698.953628540039,38.5,17.0,1,1,0,0
1783874459536158000,2026-07-13 00:40:59.536158,1.3746408224105835,-7.9830708503723145,1233.870029449463,1494.049072265625,1247.3846435546875,1677.35755443573,37.5,7.0,1,1,0,0
1783874459575795000,2026-07-13 00:40:59.575795,1.3415721654891968,-8.358805656433105,1387.5720024108887,1519.1820859909058,1266.3418769836426,1618.4982061386108,43.0,16.0,1,1,0,0
1783874459603966200,2026-07-13 00:40:59.603966,1.268882155418396,-7.233959197998047,1151.2516975402832,1297.6549863815308,1247.3846435546875,1519.1820859909058,39.5,20.5,1,1,0,0
1783874459636027000,2026-07-13 00:40:59.636027,1.7412978410720825,-5.432392597198486,1148.8898277282715,1281.1176776885986,1247.3846435546875,1519.1820859909058,41.0,19.0,1,1,0,0
1783874459676336200,2026-07-13 00:40:59.676336,1.7979761362075806,-4.739595890045166,682.2271347045898,914.1972064971924,1247.3846435546875,1519.1820859909058,44.5,25.0,1,1,0,0
1783874459706390300,2026-07-13 00:40:59.706390,1.0939117670059204,-5.665444374084473,836.0200881958008,924.0080714225769,1151.2516975402832,1297.6549863815308,47.0,15.0,1,1,0,0
1783874459737696500,2026-07-13 00:40:59.737696,0.6382151246070862,-4.745661735534668,763.2259845733643,871.3474869728088,1148.8898277282715,1281.1176776885986,51.5,11.5,1,1,0,0
1783874459775159500,2026-07-13 00:40:59.775160,1.143496036529541,-5.436965465545654,964.9265289306641,887.412428855896,964.9265289306641,924.0080714225769,52.0,30.5,1,1,0,0
1783874459805414800,2026-07-13 00:40:59.805415,0.8772279620170593,-3.99151873588562,557.8606128692627,556.7870140075684,964.9265289306641,924.0080714225769,49.5,20.5,1,1,0,0
1783874459840535300,2026-07-13 00:40:59.840535,1.4594744443893433,-3.5146024227142334,648.881721496582,485.1769506931305,964.9265289306641,887.412428855896,49.0,25.0,1,1,0,0
1783874459877073400,2026-07-13 00:40:59.877074,1.1911506652832031,-3.858243942260742,752.4065971374512,623.9954233169556,964.9265289306641,887.412428855896,53.0,21.5,1,1,0,0
1783874459906763300,2026-07-13 00:40:59.906763,0.9863305687904358,-3.1666975021362305,403.19504737854004,427.45426297187805,752.4065971374512,623.9954233169556,48.5,29.5,1,1,0,0
1783874459946331100,2026-07-13 00:40:59.946331,0.8818530440330505,-2.53286075592041,347.7534770965576,324.5139718055725,752.4065971374512,623.9954233169556,47.5,30.5,1,1,0,0
1783874459975065900,2026-07-13 00:40:59.975066,0.862026035785675,-2.9630703926086426,294.92480754852295,321.5676546096802,752.4065971374512,623.9954233169556,48.0,27.5,1,1,0,0
1783874460008547400,2026-07-13 00:41:00.008547,0.7119153738021851,-3.171949863433838,220.95637321472168,338.6807441711426,403.19504737854004,427.45426297187805,48.0,33.5,1,1,0,0
1783874460039590500,2026-07-13 00:41:00.039590,0.6048012971878052,-3.8176097869873047,201.77392959594727,362.6220226287842,347.7534770965576,362.6220226287842,51.0,22.5,1,1,0,0
1783874460079198400,2026-07-13 00:41:00.079198,0.6553263068199158,-4.010354518890381,218.46764087677002,415.7958924770355,294.92480754852295,415.7958924770355,48.0,19.5,1,1,0,0
1783874460108417300,2026-07-13 00:41:00.108417,0.8448477983474731,-2.514934778213501,405.23457527160645,315.0204122066498,403.19504737854004,362.6220226287842,48.5,19.5,1,1,0,0
1783874460143082600,2026-07-13 00:41:00.143082,1.5197938680648804,-3.6678380966186523,510.6137752532959,363.2422685623169,347.7534770965576,362.6220226287842,50.0,23.5,1,1,0,0
1783874460183996700,2026-07-13 00:41:00.183997,0.7800902724266052,-3.2847394943237305,362.32945919036865,265.13391733169556,362.32945919036865,362.6220226287842,53.5,16.0,1,1,0,0
1783874460213487500,2026-07-13 00:41:00.213488,-0.33890223503112793,-5.15548849105835,448.83813858032227,627.0732879638672,403.19504737854004,362.6220226287842,51.0,19.0,1,1,0,0
1783874460246237700,2026-07-13 00:41:00.246238,-0.13981126248836517,-4.271092891693115,289.34547901153564,437.1092915534973,347.7534770965576,362.6220226287842,55.5,12.5,1,1,0,0
1783874460285206700,2026-07-13 00:41:00.285207,-0.08354440331459045,-4.168216228485107,413.92712593078613,523.4060287475586,362.32945919036865,362.6220226287842,55.0,12.5,1,1,0,0
1783874460313954300,2026-07-13 00:41:00.313954,0.335696816444397,-4.088235378265381,314.5404100418091,464.8500680923462,362.32945919036865,437.1092915534973,52.0,13.0,1,1,0,0
1783874460354514800,2026-07-13 00:41:00.354515,0.9559713006019592,-3.918978214263916,493.4831142425537,503.5342574119568,362.32945919036865,437.1092915534973,56.0,24.0,1,1,0,0
1783874460386182700,2026-07-13 00:41:00.386183,1.331705927848816,-3.1368231773376465,624.3931293487549,349.37041997909546,362.32945919036865,362.6220226287842,55.5,18.5,1,1,0,0
1783874460420156600,2026-07-13 00:41:00.420157,0.9554262757301331,-4.685903549194336,444.88391876220703,607.3187589645386,362.32945919036865,437.1092915534973,54.5,16.5,1,1,0,0
1783874460467420200,2026-07-13 00:41:00.467420,-0.03692730888724327,-3.8147919178009033,365.24784564971924,489.08182978630066,365.24784564971924,437.1092915534973,54.0,20.5,1,1,0,0
1783874460498570800,2026-07-13 00:41:00.498571,0.9090765118598938,-2.847377300262451,440.82207679748535,271.90783619880676,365.24784564971924,362.6220226287842,54.5,12.0,1,1,0,0
1783874460526878600,2026-07-13 00:41:00.526879,-0.5939202904701233,-3.5219931602478027,233.1573486328125,394.18700337409973,362.32945919036865,437.1092915534973,54.0,19.5,1,1,0,0
1783874460555237700,2026-07-13 00:41:00.555238,0.3232423663139343,-2.8473377227783203,266.65024757385254,280.66349029541016,365.24784564971924,394.18700337409973,54.5,14.0,1,1,0,0
1783874460591680700,2026-07-13 00:41:00.591681,0.7391857504844666,-2.612842321395874,384.82820987701416,201.58393681049347,365.24784564971924,362.6220226287842,59.0,23.0,1,1,0,0
1783874460621643800,2026-07-13 00:41:00.621644,-0.24446247518062592,-3.428910255432129,119.25725936889648,363.581120967865,362.32945919036865,363.581120967865,59.0,30.0,1,1,0,0
1783874460662966200,2026-07-13 00:41:00.662966,-0.02431299164891243,-3.30263614654541,191.39989614486694,225.6653755903244,362.32945919036865,362.6220226287842,54.0,25.5,1,1,0,0
1783874460689367200,2026-07-13 00:41:00.689367,-0.14558245241641998,-3.083975315093994,266.06831550598145,126.77352130413055,362.32945919036865,362.6220226287842,59.0,26.0,1,1,0,0
1783874460733255200,2026-07-13 00:41:00.733255,-0.5751801133155823,-2.2539429664611816,62.86332607269287,294.76410150527954,266.06831550598145,362.6220226287842,57.0,34.5,1,1,0,0
1783874460767283700,2026-07-13 00:41:00.767284,-0.3634833097457886,-2.7383275032043457,208.67712497711182,148.70847761631012,266.06831550598145,294.76410150527954,54.0,32.5,1,1,0,0
1783874460795482500,2026-07-13 00:41:00.795483,-0.5636701583862305,-2.6737494468688965,68.61245632171631,255.41505217552185,266.06831550598145,294.76410150527954,57.0,29.5,1,1,0,0
1783874460826745600,2026-07-13 00:41:00.826746,-0.5376676917076111,-2.3533830642700195,44.204482436180115,278.11381220817566,208.67712497711182,294.76410150527954,57.0,30.0,1,1,0,0
1783874460861068500,2026-07-13 00:41:00.861068,-0.44056054949760437,-2.6454126834869385,127.4986743927002,167.15724766254425,208.67712497711182,278.11381220817566,56.0,31.5,1,1,0,0
1783874460895895900,2026-07-13 00:41:00.895896,-0.2746303975582123,-3.306206226348877,212.64488697052002,151.56662464141846,212.64488697052002,278.11381220817566,53.5,31.0,1,1,0,0
1783874460923112500,2026-07-13 00:41:00.923112,-0.4567505717277527,-2.602339744567871,157.4294924736023,256.85515999794006,208.67712497711182,278.11381220817566,54.5,28.0,1,1,0,0
1783874460951425000,2026-07-13 00:41:00.951425,-0.5372671484947205,-2.825857400894165,163.08501958847046,198.0133056640625,208.67712497711182,256.85515999794006,53.5,30.5,1,1,0,0
1783874460979490900,2026-07-13 00:41:00.979491,-0.5831184983253479,-2.8438520431518555,127.01948881149292,243.20700764656067,208.67712497711182,256.85515999794006,53.0,32.5,1,1,0,0
1783874461007933700,2026-07-13 00:41:01.007934,-0.20916937291622162,-3.4973790645599365,226.8441915512085,130.86718320846558,208.67712497711182,256.85515999794006,55.0,30.5,1,1,0,0
1783874461036345500,2026-07-13 00:41:01.036345,-0.5826800465583801,-2.7936182022094727,189.90355730056763,161.33150458335876,208.67712497711182,243.20700764656067,51.5,29.0,1,1,0,0
1783874461064180900,2026-07-13 00:41:01.064181,-0.48958784341812134,-3.4415271282196045,172.44622707366943,168.34886372089386,208.67712497711182,243.20700764656067,57.5,23.0,1,1,0,0
1783874461101485200,2026-07-13 00:41:01.101485,-0.38232725858688354,-2.8097383975982666,182.18261003494263,147.03990519046783,208.67712497711182,168.34886372089386,51.5,27.0,1,1,0,0
1783874461136347500,2026-07-13 00:41:01.136347,-0.5425183773040771,-3.0297796726226807,124.72313642501831,192.5247758626938,189.90355730056763,192.5247758626938,57.0,26.0,1,1,0,0
1783874461167281500,2026-07-13 00:41:01.167281,-0.5271181464195251,-2.6614162921905518,147.66253232955933,203.13191413879395,182.18261003494263,203.13191413879395,54.5,33.0,1,1,0,0
1783874461211979300,2026-07-13 00:41:01.211979,-0.3873884677886963,-3.2818121910095215,75.10260343551636,324.3851661682129,182.18261003494263,192.5247758626938,57.0,32.0,1,1,0,0
1783874461242346300,2026-07-13 00:41:01.242346,-0.5878828167915344,-2.6108672618865967,140.8228039741516,190.52323698997498,147.66253232955933,192.5247758626938,59.5,26.0,1,1,0,0
1783874461277490300,2026-07-13 00:41:01.277490,-0.4226311445236206,-3.231720209121704,111.41544580459595,311.8087351322174,147.66253232955933,203.13191413879395,53.5,34.5,1,1,0,0
1783874461306089000,2026-07-13 00:41:01.306089,-0.8092862963676453,-2.3521716594696045,203.32365036010742,209.60885286331177,182.18261003494263,203.13191413879395,60.0,27.5,1,1,0,0
1783874461345096200,2026-07-13 00:41:01.345096,-0.6061751246452332,-2.6090641021728516,68.26539039611816,249.87848103046417,147.66253232955933,203.13191413879395,59.5,28.0,1,1,0,0
1783874461373996400,2026-07-13 00:41:01.373996,-0.6569538712501526,-2.5343799591064453,95.09794116020203,239.9521917104721,147.66253232955933,209.60885286331177,60.0,28.0,1,1,0,0
1783874461409338300,2026-07-13 00:41:01.409338,-0.7770183682441711,-2.5236639976501465,186.092209815979,239.21900987625122,182.18261003494263,209.60885286331177,56.0,28.0,1,1,0,0
1783874461445552400,2026-07-13 00:41:01.445552,-0.6723524928092957,-2.994274377822876,107.0719838142395,291.8300926685333,147.66253232955933,239.21900987625122,56.5,23.5,1,1,0,0
1783874461476081300,2026-07-13 00:41:01.476081,-0.16301138699054718,-5.419400691986084,227.2541046142578,728.4728288650513,147.66253232955933,239.21900987625122,50.0,23.0,1,1,0,0
1783874461517355300,2026-07-13 00:41:01.517355,-0.08544446527957916,-5.418721675872803,214.42983150482178,720.3219532966614,182.18261003494263,239.21900987625122,50.0,26.0,1,1,0,0
1783874461547140300,2026-07-13 00:41:01.547140,-0.08544446527957916,-5.418721675872803,214.42983150482178,720.3219532966614,182.18261003494263,291.8300926685333,50.0,24.5,1,1,0,0
1783874461578230700,2026-07-13 00:41:01.578231,-0.10589011013507843,-5.630882740020752,259.0141534805298,850.9782552719116,214.42983150482178,720.3219532966614,53.5,23.5,1,1,0,0
1783874461613594900,2026-07-13 00:41:01.613595,0.05244385078549385,-5.534265995025635,174.30120706558228,847.4067449569702,182.18261003494263,720.3219532966614,51.0,27.0,1,1,0,0
1783874461643507000,2026-07-13 00:41:01.643507,-0.08438427746295929,-6.0695929527282715,322.98431396484375,754.5316815376282,214.42983150482178,720.3219532966614,50.5,27.5,1,1,0,0
1783874461680547400,2026-07-13 00:41:01.680547,-0.040146540850400925,-5.519629955291748,204.1186809539795,670.3656911849976,214.42983150482178,720.3219532966614,48.0,28.5,1,1,0,0
1783874461712101300,2026-07-13 00:41:01.712101,-0.18763692677021027,-4.897525310516357,167.24966764450073,589.785099029541,182.18261003494263,720.3219532966614,49.0,31.0,1,1,0,0
1783874461750187700,2026-07-13 00:41:01.750188,0.7741084694862366,-5.996646881103516,683.7655067443848,1174.7044324874878,214.42983150482178,720.3219532966614,37.0,15.0,1,1,0,0
1783874461780354800,2026-07-13 00:41:01.780355,1.2630302906036377,-7.482333660125732,1055.6989669799805,1343.930721282959,214.42983150482178,720.3219532966614,43.0,8.0,1,1,0,0
1783874461813473900,2026-07-13 00:41:01.813474,1.129684329032898,-8.217530250549316,1169.3851470947266,1588.922619819641,214.42983150482178,720.3219532966614,46.0,16.0,1,1,0,0
1783874461852470600,2026-07-13 00:41:01.852471,1.1018205881118774,-7.473451137542725,1138.6226654052734,1614.56298828125,683.7655067443848,1174.7044324874878,37.5,18.5,1,1,0,0
1783874461883611200,2026-07-13 00:41:01.883611,1.5453088283538818,-7.898776054382324,971.5632438659668,1429.1307926177979,971.5632438659668,1343.930721282959,46.0,5.0,1,1,0,0
1783874461914232200,2026-07-13 00:41:01.914232,1.0922023057937622,-7.474677562713623,1132.6774597167969,1608.0951690673828,971.5632438659668,1429.1307926177979,37.0,16.0,1,1,0,0
1783874461953925500,2026-07-13 00:41:01.953925,1.4250062704086304,-7.611794471740723,1151.9631385803223,1483.6597442626953,971.5632438659668,1429.1307926177979,43.5,8.5,1,1,0,0
1783874461984349900,2026-07-13 00:41:01.984350,0.9523588418960571,-7.138942241668701,1016.1547660827637,1616.9342994689941,971.5632438659668,1429.1307926177979,33.0,15.0,1,1,0,0
1783874462025289400,2026-07-13 00:41:02.025290,0.9862725138664246,-7.399402141571045,975.1792907714844,1565.3198957443237,975.1792907714844,1483.6597442626953,42.5,12.5,1,1,0,0
1783874462058513200,2026-07-13 00:41:02.058513,1.4091074466705322,-8.23049259185791,1352.8178215026855,1585.4072570800781,975.1792907714844,1483.6597442626953,38.5,11.0,1,1,0,0
1783874462088426200,2026-07-13 00:41:02.088426,1.457388997077942,-8.19210147857666,1419.3172454833984,1662.2120141983032,975.1792907714844,1565.3198957443237,42.5,10.5,1,1,0,0
1783874462127666700,2026-07-13 00:41:02.127667,1.4255222082138062,-7.744441509246826,1285.6507301330566,1498.4798431396484,975.1792907714844,1498.4798431396484,45.0,12.5,1,1,0,0
1783874462155362600,2026-07-13 00:41:02.155363,0.8685325980186462,-7.581491947174072,869.5404052734375,1518.286943435669,975.1792907714844,1518.286943435669,36.0,8.5,1,1,0,0
1783874462187536200,2026-07-13 00:41:02.187536,0.25403809547424316,-8.502463340759277,796.0648059844971,1541.2510633468628,975.1792907714844,1541.2510633468628,44.5,11.0,1,1,0,0
1783874462231163100,2026-07-13 00:41:02.231163,0.32303375005722046,-8.83505916595459,1068.4345245361328,1740.9138679504395,975.1792907714844,1518.286943435669,41.5,9.5,1,1,0,0
1783874462258097800,2026-07-13 00:41:02.258098,0.6274765133857727,-7.2444233894348145,649.528980255127,1409.8995923995972,975.1792907714844,1518.286943435669,43.0,16.5,1,1,0,0
1783874462288551800,2026-07-13 00:41:02.288552,0.33133465051651,-8.591361999511719,844.2461967468262,1651.262879371643,975.1792907714844,1541.2510633468628,41.5,14.0,1,1,0,0
1783874462329318500,2026-07-13 00:41:02.329318,0.061785925179719925,-6.719930171966553,764.8966789245605,1526.7658233642578,975.1792907714844,1526.7658233642578,39.0,12.5,1,1,0,0
1783874462358613300,2026-07-13 00:41:02.358613,0.31493276357650757,-8.690999031066895,979.8125267028809,1706.7174911499023,975.1792907714844,1526.7658233642578,44.5,7.0,1,1,0,0
1783874462398607300,2026-07-13 00:41:02.398607,0.4218013882637024,-8.870562553405762,1262.643051147461,1828.8315534591675,975.1792907714844,1541.2510633468628,43.0,17.5,1,1,0,0
1783874462426227600,2026-07-13 00:41:02.426228,0.9813592433929443,-8.413610458374023,1387.7154350280762,1761.474609375,975.1792907714844,1541.2510633468628,43.5,17.0,1,1,0,0
1783874462455587400,2026-07-13 00:41:02.455587,0.712974488735199,-9.47696590423584,1319.4145202636719,1948.413610458374,979.8125267028809,1706.7174911499023,41.5,8.5,1,1,0,0
1783874462481801400,2026-07-13 00:41:02.481802,0.3519253134727478,-8.103487014770508,1393.5893058776855,1944.1571235656738,1262.643051147461,1761.474609375,41.5,8.5,1,1,0,0
1783874462511776600,2026-07-13 00:41:02.511776,0.3637513518333435,-8.209243774414062,1281.609058380127,1853.663444519043,1281.609058380127,1761.474609375,43.5,6.5,1,1,0,0
1783874462548464800,2026-07-13 00:41:02.548465,0.2764889597892761,-8.0205078125,1033.6812019348145,1853.378415107727,1033.6812019348145,1853.378415107727,41.5,17.5,1,1,0,0
1783874462576651900,2026-07-13 00:41:02.576652,0.5220293998718262,-8.436673164367676,1070.8016395568848,1789.8787260055542,1262.643051147461,1789.8787260055542,41.5,15.5,1,1,0,0
1783874462603246400,2026-07-13 00:41:02.603246,0.37056952714920044,-7.572904109954834,965.2527809143066,1611.8335723876953,1070.8016395568848,1761.474609375,44.5,11.5,1,1,0,0
1783874462632327200,2026-07-13 00:41:02.632327,0.3775172233581543,-8.050582885742188,949.638557434082,1776.3105630874634,1033.6812019348145,1789.8787260055542,37.5,16.5,1,1,0,0
1783874462663348300,2026-07-13 00:41:02.663348,0.4534633755683899,-7.851759433746338,895.3502655029297,1543.1089401245117,1033.6812019348145,1776.3105630874634,39.0,11.5,1,1,0,0
1783874462703295400,2026-07-13 00:41:02.703295,0.33920276165008545,-8.317267417907715,1143.653678894043,1869.4640398025513,1070.8016395568848,1776.3105630874634,36.0,12.5,1,1,0,0
1783874462733829200,2026-07-13 00:41:02.733829,0.49748772382736206,-9.379103660583496,1006.5811157226562,1702.4996280670166,1033.6812019348145,1776.3105630874634,41.5,10.0,1,1,0,0
1783874462771357900,2026-07-13 00:41:02.771358,0.39547425508499146,-9.201576232910156,994.4546699523926,1883.6076259613037,1033.6812019348145,1776.3105630874634,38.5,18.0,1,1,0,0
1783874462799634100,2026-07-13 00:41:02.799634,0.8019376397132874,-9.642526626586914,924.7438430786133,1510.2673768997192,1033.6812019348145,1776.3105630874634,43.0,4.0,1,1,0,0
1783874462834194100,2026-07-13 00:41:02.834194,0.6807260513305664,-7.830678462982178,1052.049732208252,1635.7070207595825,1033.6812019348145,1776.3105630874634,35.0,17.0,1,1,0,0
1783874462871039100,2026-07-13 00:41:02.871039,0.5589755773544312,-8.60167407989502,1084.723949432373,1710.931658744812,1033.6812019348145,1776.3105630874634,29.0,18.0,1,1,0,0
1783874462899384500,2026-07-13 00:41:02.899384,0.5227580070495605,-8.235123634338379,1004.3679237365723,1633.638620376587,1033.6812019348145,1710.931658744812,44.5,17.0,1,1,0,0
1783874462940749300,2026-07-13 00:41:02.940749,0.48404252529144287,-8.937539100646973,999.4258880615234,1777.9380083084106,1033.6812019348145,1776.3105630874634,33.5,18.5,1,1,0,0
1783874462971829600,2026-07-13 00:41:02.971829,0.373896062374115,-8.021759986877441,985.079288482666,1670.9094047546387,1033.6812019348145,1710.931658744812,37.5,14.0,1,1,0,0
1783874463004967000,2026-07-13 00:41:03.004967,0.9958791136741638,-8.92792797088623,1044.4491386413574,1579.6539783477783,1033.6812019348145,1710.931658744812,35.5,12.5,1,1,0,0
1783874463037263200,2026-07-13 00:41:03.037263,0.547857940196991,-9.6133451461792,1069.5645332336426,1705.0538063049316,1033.6812019348145,1710.931658744812,43.0,13.0,1,1,0,0
1783874463072821200,2026-07-13 00:41:03.072821,0.4681107997894287,-9.518595695495605,1000.7584571838379,1718.2786464691162,1033.6812019348145,1710.931658744812,44.5,17.0,1,1,0,0
1783874463103150400,2026-07-13 00:41:03.103150,0.9496304988861084,-8.707738876342773,803.7570953369141,1617.0053482055664,1033.6812019348145,1710.931658744812,43.5,8.0,1,1,0,0
1783874463142436900,2026-07-13 00:41:03.142437,0.7582314610481262,-8.366726875305176,1104.1831970214844,1711.6869688034058,1033.6812019348145,1710.931658744812,39.0,14.0,1,1,0,0
1783874463170553000,2026-07-13 00:41:03.170553,1.1744900941848755,-8.562079429626465,906.9192886352539,1571.7874765396118,1033.6812019348145,1710.931658744812,35.5,12.5,1,1,0,0
1783874463211187200,2026-07-13 00:41:03.211187,0.6447749733924866,-9.38198471069336,866.6051864624023,1702.4236917495728,1033.6812019348145,1710.931658744812,34.5,8.0,1,1,0,0
1783874463242678000,2026-07-13 00:41:03.242678,0.6183309555053711,-9.829390525817871,1022.6961135864258,1680.349588394165,1033.6812019348145,1710.931658744812,37.0,11.0,1,1,0,0
1783874463273413200,2026-07-13 00:41:03.273413,0.893919050693512,-8.74577522277832,1021.469783782959,1538.3529663085938,1022.6961135864258,1702.4236917495728,43.0,11.5,1,1,0,0
1783874463309395800,2026-07-13 00:41:03.309396,0.4762471914291382,-8.859583854675293,1041.42484664917,1769.2068815231323,1033.6812019348145,1710.931658744812,31.5,21.5,1,1,0,0
1783874463340639400,2026-07-13 00:41:03.340640,0.6567004919052124,-9.053200721740723,1018.9468383789062,1591.9175148010254,1022.6961135864258,1702.4236917495728,42.0,11.5,1,1,0,0
1783874463373983100,2026-07-13 00:41:03.373983,1.2838114500045776,-8.96967601776123,1095.7265853881836,1581.3082456588745,1022.6961135864258,1702.4236917495728,38.5,9.0,1,1,0,0
1783874463408686800,2026-07-13 00:41:03.408687,0.5392305254936218,-8.89894962310791,1014.5060539245605,1912.6465320587158,1022.6961135864258,1710.931658744812,41.5,18.0,1,1,0,0
1783874463450309700,2026-07-13 00:41:03.450310,0.8831356167793274,-7.803153991699219,1145.960807800293,1785.9793901443481,1022.6961135864258,1702.4236917495728,42.0,14.5,1,1,0,0
1783874463477232300,2026-07-13 00:41:03.477232,0.9825507998466492,-7.741914749145508,916.0154342651367,1668.9280271530151,1022.6961135864258,1702.4236917495728,46.5,12.0,1,1,0,0
1783874463519624600,2026-07-13 00:41:03.519625,1.3185522556304932,-8.804078102111816,1588.1016731262207,1883.328914642334,1022.6961135864258,1710.931658744812,30.0,11.0,1,1,0,0
1783874463546438600,2026-07-13 00:41:03.546439,1.7502949237823486,-8.745194435119629,1654.806900024414,1809.5097541809082,1022.6961135864258,1710.931658744812,38.5,14.5,1,1,0,0
1783874463577746500,2026-07-13 00:41:03.577746,1.281281590461731,-7.299036026000977,1406.9713592529297,1755.3761005401611,1022.6961135864258,1710.931658744812,37.5,11.5,1,1,0,0
1783874463618611800,2026-07-13 00:41:03.618612,1.4029768705368042,-8.248061180114746,1615.6684875488281,1818.0245161056519,1406.9713592529297,1755.3761005401611,31.0,11.0,1,1,0,0
1783874463649582300,2026-07-13 00:41:03.649582,1.1046967506408691,-9.333024978637695,1229.297924041748,1711.5360498428345,1229.297924041748,1711.5360498428345,44.5,11.5,1,1,0,0
1783874463681652000,2026-07-13 00:41:03.681652,0.8533932566642761,-8.539725303649902,1044.4437980651855,1795.5516576766968,1044.4437980651855,1755.3761005401611,25.0,14.0,1,1,0,0
1783874463722121300,2026-07-13 00:41:03.722121,1.1594783067703247,-9.041120529174805,1371.6375350952148,1723.3482599258423,1371.6375350952148,1755.3761005401611,34.5,11.0,1,1,0,0
1783874463750371600,2026-07-13 00:41:03.750372,1.6086064577102661,-8.392926216125488,1452.113437652588,1529.2720794677734,1229.297924041748,1711.5360498428345,38.5,7.5,1,1,0,0
1783874463785005700,2026-07-13 00:41:03.785006,1.1426501274108887,-8.390219688415527,1357.051658630371,1625.6935596466064,1357.051658630371,1723.3482599258423,38.0,14.5,1,1,0,0
1783874463826506500,2026-07-13 00:41:03.826507,1.534500241279602,-8.23426628112793,1108.1730842590332,1465.1161432266235,1357.051658630371,1711.5360498428345,37.5,15.0,1,1,0,0
1783874463854157100,2026-07-13 00:41:03.854157,0.8892725110054016,-8.969761848449707,1197.480869293213,1774.0596532821655,1229.297924041748,1711.5360498428345,38.5,17.0,1,1,0,0
1783874463884894100,2026-07-13 00:41:03.884894,1.771560788154602,-8.10107421875,1550.8127212524414,1648.2511758804321,1357.051658630371,1711.5360498428345,30.5,8.0,1,1,0,0
1783874463925704100,2026-07-13 00:41:03.925704,1.5584778785705566,-8.368415832519531,1538.737392425537,1659.009337425232,1357.051658630371,1711.5360498428345,33.5,9.0,1,1,0,0
1783874463959539800,2026-07-13 00:41:03.959540,0.8109577298164368,-9.517699241638184,1375.9113311767578,1727.5692224502563,1357.051658630371,1711.5360498428345,33.5,9.0,1,1,0,0
1783874463988489400,2026-07-13 00:41:03.988489,1.1639782190322876,-7.964663505554199,1595.4601287841797,1742.063045501709,1375.9113311767578,1711.5360498428345,35.5,16.0,1,1,0,0
1783874464029484300,2026-07-13 00:41:04.029484,1.2485747337341309,-8.249449729919434,1695.0685501098633,1779.5066833496094,1375.9113311767578,1711.5360498428345,38.5,17.0,1,1,0,0
1783874464058304300,2026-07-13 00:41:04.058304,1.2440847158432007,-8.430161476135254,1720.796775817871,1851.097822189331,1375.9113311767578,1727.5692224502563,32.5,16.0,1,1,0,0
1783874464093448700,2026-07-13 00:41:04.093449,1.245357871055603,-7.957723140716553,1596.3763236999512,1772.1054553985596,1595.4601287841797,1742.063045501709,32.5,13.0,1,1,0,0
1783874464130492400,2026-07-13 00:41:04.130492,1.3250305652618408,-8.050971031188965,1630.5625915527344,1725.627064704895,1596.3763236999512,1725.627064704895,41.5,9.5,1,1,0,0
1783874464159288200,2026-07-13 00:41:04.159288,1.332945466041565,-7.114609718322754,1520.2728271484375,1544.8153018951416,1520.2728271484375,1727.5692224502563,41.5,10.5,1,1,0,0
1783874464187926200,2026-07-13 00:41:04.187926,1.1089892387390137,-8.155670166015625,1637.0489120483398,1762.6909017562866,1596.3763236999512,1742.063045501709,37.5,7.5,1,1,0,0
1783874464219393800,2026-07-13 00:41:04.219394,1.334761619567871,-6.794374465942383,1181.4251899719238,1469.5708751678467,1596.3763236999512,1725.627064704895,41.0,12.0,1,1,0,0
1783874464244718700,2026-07-13 00:41:04.244719,1.269831657409668,-6.793181896209717,1355.6635856628418,1611.249327659607,1520.2728271484375,1725.627064704895,31.5,13.0,1,1,0,0
1783874464272476900,2026-07-13 00:41:04.272477,1.0020016431808472,-7.343141078948975,1391.1599159240723,1465.8796787261963,1520.2728271484375,1725.627064704895,39.0,13.5,1,1,0,0
1783874464307719500,2026-07-13 00:41:04.307719,1.2687604427337646,-7.829663276672363,1699.4470596313477,1794.2594289779663,1596.3763236999512,1725.627064704895,31.5,13.5,1,1,0,0
1783874464346863400,2026-07-13 00:41:04.346863,1.2895852327346802,-8.166081428527832,1669.8774337768555,1836.2654447555542,1520.2728271484375,1725.627064704895,41.5,17.0,1,1,0,0
1783874464377955900,2026-07-13 00:41:04.377956,1.4523776769638062,-7.1267619132995605,1943.223762512207,1782.8097343444824,1596.3763236999512,1725.627064704895,43.5,16.0,1,1,0,0
1783874464413582200,2026-07-13 00:41:04.413582,1.7670197486877441,-7.791368007659912,1988.5086059570312,1826.4048099517822,1669.8774337768555,1782.8097343444824,33.0,11.0,1,1,0,0
1783874464444325400,2026-07-13 00:41:04.444325,1.5911874771118164,-7.429619789123535,2051.169967651367,1940.4382705688477,1669.8774337768555,1782.8097343444824,44.5,15.0,1,1,0,0
1783874464471933200,2026-07-13 00:41:04.471933,1.8915563821792603,-8.032711029052734,2184.3582153320312,1834.3979120254517,1943.223762512207,1782.8097343444824,36.0,13.5,1,1,0,0
1783874464501782600,2026-07-13 00:41:04.501782,1.7093186378479004,-7.97135066986084,2218.069267272949,1981.1358451843262,1988.5086059570312,1826.4048099517822,44.5,23.0,1,1,0,0
1783874464532402700,2026-07-13 00:41:04.532403,1.7092939615249634,-7.563849925994873,2129.4544219970703,1887.345790863037,2051.169967651367,1834.3979120254517,43.0,16.5,1,1,0,0
1783874464566047600,2026-07-13 00:41:04.566047,1.6730505228042603,-8.670949935913086,2279.189682006836,2056.520462036133,2129.4544219970703,1834.3979120254517,36.0,14.0,1,1,0,0
1783874464604029600,2026-07-13 00:41:04.604030,1.8472174406051636,-7.7614874839782715,2216.0484313964844,1933.2923889160156,2129.4544219970703,1887.345790863037,36.5,17.5,1,1,0,0
1783874464633091700,2026-07-13 00:41:04.633092,1.7917386293411255,-7.744508266448975,2278.2026290893555,1825.7461786270142,2129.4544219970703,1834.3979120254517,44.5,22.5,1,1,0,0
1783874464669257700,2026-07-13 00:41:04.669258,1.9695985317230225,-8.017134666442871,2359.5544815063477,1928.235411643982,2216.0484313964844,1887.345790863037,44.0,8.5,1,1,0,0
1783874464705684200,2026-07-13 00:41:04.705684,1.8241053819656372,-8.6748628616333,2376.255416870117,1968.8379764556885,2216.0484313964844,1887.345790863037,47.5,16.5,1,1,0,0
1783874464734018100,2026-07-13 00:41:04.734018,1.6186527013778687,-7.970085620880127,2232.9856872558594,2038.398027420044,2232.9856872558594,1887.345790863037,44.5,22.0,1,1,0,0
1783874464776058400,2026-07-13 00:41:04.776058,1.9616645574569702,-8.21138858795166,2479.0111541748047,1675.2407550811768,2232.9856872558594,1887.345790863037,42.5,23.0,1,1,0,0
1783874464804966100,2026-07-13 00:41:04.804966,1.9754990339279175,-7.708276748657227,2536.6207122802734,1858.1843376159668,2232.9856872558594,1887.345790863037,42.5,21.5,1,1,0,0
1783874464836784500,2026-07-13 00:41:04.836784,2.0445384979248047,-8.109891891479492,2544.989013671875,1895.6122398376465,2232.9856872558594,1887.345790863037,40.5,23.0,1,1,0,0
1783874464871721900,2026-07-13 00:41:04.871722,1.9841039180755615,-8.063112258911133,2287.515449523926,1922.00767993927,2287.515449523926,1887.345790863037,43.5,26.0,1,1,0,0
1783874464907194300,2026-07-13 00:41:04.907194,2.032749652862549,-7.94204568862915,2415.1901245117188,1960.010290145874,2287.515449523926,1887.345790863037,43.0,16.5,1,1,0,0
1783874464938837600,2026-07-13 00:41:04.938838,1.4351578950881958,-8.86623477935791,2301.287269592285,2121.652841567993,2287.515449523926,1895.6122398376465,41.5,16.0,1,1,0,0
1783874464977024800,2026-07-13 00:41:04.977025,1.8838684558868408,-8.265448570251465,2313.3277893066406,1905.5651426315308,2287.515449523926,1905.5651426315308,46.0,15.5,1,1,0,0
1783874465006063900,2026-07-13 00:41:05.006064,2.0761947631835938,-8.375418663024902,2582.0016860961914,1826.0337114334106,2301.287269592285,1887.345790863037,41.0,22.0,1,1,0,0
1783874465047160600,2026-07-13 00:41:05.047161,1.3620647192001343,-8.974760055541992,2282.5687408447266,2116.2192821502686,2287.515449523926,1905.5651426315308,44.0,15.5,1,1,0,0
1783874465073460700,2026-07-13 00:41:05.073461,1.261863112449646,-8.095050811767578,2323.494529724121,2159.003734588623,2301.287269592285,1905.5651426315308,47.5,15.5,1,1,0,0
1783874465117082500,2026-07-13 00:41:05.117083,1.8537425994873047,-8.04399299621582,2363.3630752563477,1955.3511142730713,2301.287269592285,1905.5651426315308,44.0,12.0,1,1,0,0
1783874465146561500,2026-07-13 00:41:05.146562,1.8371198177337646,-8.374075889587402,2489.442825317383,2002.9704570770264,2301.287269592285,1955.3511142730713,42.5,21.5,1,1,0,0
1783874465177009400,2026-07-13 00:41:05.177009,1.2825284004211426,-8.827630043029785,2331.22501373291,2150.5465507507324,2323.494529724121,1955.3511142730713,43.5,15.5,1,1,0,0
1783874465213827200,2026-07-13 00:41:05.213827,1.5526800155639648,-8.562928199768066,2267.9582595825195,2060.0831508636475,2301.287269592285,1955.3511142730713,39.0,15.0,1,1,0,0
1783874465245363300,2026-07-13 00:41:05.245363,1.389805555343628,-9.018476486206055,2413.1210327148438,2129.343032836914,2323.494529724121,2002.9704570770264,47.0,18.0,1,1,0,0
1783874465285043500,2026-07-13 00:41:05.285043,1.6695711612701416,-8.50184154510498,2434.3761444091797,2012.6407146453857,2323.494529724121,2012.6407146453857,53.5,17.5,1,1,0,0
1783874465312571900,2026-07-13 00:41:05.312572,1.7377126216888428,-8.403529167175293,2441.8737411499023,1931.3335418701172,2323.494529724121,1955.3511142730713,50.5,19.0,1,1,0,0
1783874465353752200,2026-07-13 00:41:05.353752,1.8502835035324097,-8.104968070983887,2164.4947052001953,1832.5458765029907,2323.494529724121,2002.9704570770264,43.0,17.0,1,1,0,0
1783874465380606700,2026-07-13 00:41:05.380607,1.934126615524292,-7.797876834869385,2115.1588439941406,1813.2156133651733,2323.494529724121,1955.3511142730713,44.0,18.5,1,1,0,0
1783874465413712800,2026-07-13 00:41:05.413713,1.8257571458816528,-7.857985019683838,2096.4357376098633,1862.8158569335938,2323.494529724121,1931.3335418701172,41.5,13.5,1,1,0,0
1783874465451991700,2026-07-13 00:41:05.451992,1.8257571458816528,-7.857985019683838,2096.4357376098633,1862.8158569335938,2164.4947052001953,1862.8158569335938,44.5,16.5,1,1,0,0
1783874465480634700,2026-07-13 00:41:05.480635,1.7727372646331787,-8.189367294311523,2355.0491333007812,1977.6803255081177,2323.494529724121,1955.3511142730713,39.0,11.5,1,1,0,0
1783874465513460200,2026-07-13 00:41:05.513460,1.8775146007537842,-8.4358549118042,2589.73445892334,2029.3638706207275,2323.494529724121,1931.3335418701172,45.5,19.0,1,1,0,0
1783874465548442600,2026-07-13 00:41:05.548443,1.9062539339065552,-7.831542491912842,2537.649726867676,1903.0452966690063,2323.494529724121,1903.0452966690063,43.0,16.5,1,1,0,0
1783874465580944400,2026-07-13 00:41:05.580944,1.8313814401626587,-7.706141471862793,2436.5734100341797,1941.1098957061768,2355.0491333007812,1941.1098957061768,54.5,16.5,1,1,0,0
1783874465615356700,2026-07-13 00:41:05.615357,1.7959407567977905,-7.795205593109131,2520.339584350586,1855.5933237075806,2436.5734100341797,1931.3335418701172,49.0,13.5,1,1,0,0
1783874465651396700,2026-07-13 00:41:05.651397,1.7802207469940186,-8.578507423400879,2589.7769927978516,2112.421989440918,2436.5734100341797,1931.3335418701172,43.5,19.0,1,1,0,0
1783874465681144300,2026-07-13 00:41:05.681144,1.9813404083251953,-7.936781883239746,2549.6139526367188,1915.9345626831055,2436.5734100341797,1931.3335418701172,46.5,17.0,1,1,0,0
1783874465721007100,2026-07-13 00:41:05.721007,1.8754154443740845,-8.016345977783203,2413.4342193603516,1967.505693435669,2436.5734100341797,1931.3335418701172,42.0,14.5,1,1,0,0
1783874465749410400,2026-07-13 00:41:05.749410,1.992571234703064,-8.405428886413574,2448.73046875,1817.1855211257935,2436.5734100341797,1931.3335418701172,43.0,18.0,1,1,0,0
1783874465782064200,2026-07-13 00:41:05.782064,1.91097092628479,-8.574393272399902,2494.7078704833984,1909.1522693634033,2436.5734100341797,1931.3335418701172,50.0,17.5,1,1,0,0
1783874465818126200,2026-07-13 00:41:05.818126,1.8620706796646118,-7.708000659942627,2530.0050735473633,2060.40096282959,2436.5734100341797,1931.3335418701172,41.0,19.0,1,1,0,0
1783874465852295800,2026-07-13 00:41:05.852296,1.791169285774231,-8.44737434387207,2466.360282897949,2066.4994716644287,2448.73046875,1931.3335418701172,44.5,19.5,1,1,0,0
1783874465889492500,2026-07-13 00:41:05.889493,1.8411399126052856,-8.412393569946289,2621.4611053466797,2226.423501968384,2466.360282897949,1931.3335418701172,47.5,15.5,1,1,0,0
1783874465917489700,2026-07-13 00:41:05.917490,2.099656105041504,-8.918993949890137,2782.2616577148438,1949.588656425476,2466.360282897949,1949.588656425476,49.5,14.0,1,1,0,0
1783874465948484800,2026-07-13 00:41:05.948485,1.764764666557312,-8.576155662536621,2518.231773376465,2185.593605041504,2466.360282897949,1949.588656425476,38.5,22.0,1,1,0,0
1783874465987838700,2026-07-13 00:41:05.987839,1.7255257368087769,-8.044158935546875,2446.531105041504,2131.659984588623,2466.360282897949,1949.588656425476,47.5,12.0,1,1,0,0
1783874466017902700,2026-07-13 00:41:06.017903,1.0039215087890625,-8.800945281982422,2359.4934463500977,2326.200246810913,2466.360282897949,1949.588656425476,50.0,20.0,1,1,0,0
1783874466056164500,2026-07-13 00:41:06.056165,1.483238697052002,-8.498046875,2436.70654296875,2202.956438064575,2466.360282897949,2131.659984588623,44.5,12.5,1,1,0,0
1783874466086440600,2026-07-13 00:41:06.086441,1.479422688484192,-10.069145202636719,2452.810478210449,2250.314235687256,2452.810478210449,2131.659984588623,42.5,20.5,1,1,0,0
1783874466128330500,2026-07-13 00:41:06.128330,1.7737994194030762,-9.091784477233887,2325.0133514404297,1858.2165241241455,2452.810478210449,1949.588656425476,45.5,10.0,1,1,0,0
1783874466156106100,2026-07-13 00:41:06.156106,1.987906813621521,-9.17172908782959,2391.5863037109375,1974.798083305359,2452.810478210449,2131.659984588623,46.5,18.5,1,1,0,0
1783874466190289500,2026-07-13 00:41:06.190289,1.6310251951217651,-8.862166404724121,2204.0475845336914,2094.1152572631836,2452.810478210449,2094.1152572631836,39.5,17.5,1,1,0,0
1783874466225666500,2026-07-13 00:41:06.225667,1.9540361166000366,-8.619711875915527,2141.843032836914,1719.0682888031006,2391.5863037109375,1949.588656425476,40.0,15.0,1,1,0,0
1783874466254974100,2026-07-13 00:41:06.254974,1.8357537984848022,-8.304875373840332,2190.846633911133,1774.5161056518555,2391.5863037109375,1974.798083305359,43.0,16.0,1,1,0,0
1783874466289412200,2026-07-13 00:41:06.289412,1.7747914791107178,-8.34315013885498,2073.903465270996,1871.5119361877441,2204.0475845336914,1949.588656425476,45.5,13.5,1,1,0,0
1783874466328492100,2026-07-13 00:41:06.328492,2.0670180320739746,-8.785212516784668,2305.773162841797,1883.2465410232544,2305.773162841797,1883.2465410232544,44.0,15.5,1,1,0,0
1783874466356996500,2026-07-13 00:41:06.356997,1.9502732753753662,-8.241682052612305,2310.224723815918,1727.636456489563,2310.224723815918,1883.2465410232544,41.5,18.5,1,1,0,0
1783874466397887700,2026-07-13 00:41:06.397888,1.939611554145813,-8.35904312133789,2345.0515747070312,1894.1357135772705,2305.773162841797,1894.1357135772705,40.5,11.5,1,1,0,0
1783874466426717800,2026-07-13 00:41:06.426718,1.5772478580474854,-7.8521013259887695,2131.197929382324,2007.030963897705,2305.773162841797,1883.2465410232544,36.0,12.0,1,1,0,0
1783874466467701300,2026-07-13 00:41:06.467701,1.9312576055526733,-8.176475524902344,2269.4286346435547,1820.0061321258545,2305.773162841797,1883.2465410232544,42.0,21.0,1,1,0,0
1783874466496240100,2026-07-13 00:41:06.496240,1.987449049949646,-8.610671997070312,2251.055335998535,1850.3732681274414,2305.773162841797,1883.2465410232544,40.5,12.0,1,1,0,0
1783874466522375100,2026-07-13 00:41:06.522375,1.685713768005371,-8.2199068069458,2165.187644958496,1889.9027109146118,2269.4286346435547,1883.2465410232544,44.5,12.5,1,1,0,0
1783874466551664700,2026-07-13 00:41:06.551665,1.5908055305480957,-8.772960662841797,2025.4035949707031,2045.5224514007568,2269.4286346435547,1883.2465410232544,49.0,12.5,1,1,0,0
1783874466581617400,2026-07-13 00:41:06.581617,1.9660242795944214,-8.622933387756348,2255.175018310547,1859.1902256011963,2255.175018310547,1883.2465410232544,41.5,15.5,1,1,0,0
1783874466608548400,2026-07-13 00:41:06.608548,1.4748802185058594,-7.962803840637207,2060.515022277832,2033.4136486053467,2255.175018310547,1883.2465410232544,41.5,9.5,1,1,0,0
1783874466636210500,2026-07-13 00:41:06.636210,1.6560314893722534,-8.427876472473145,1958.0883026123047,1892.8797245025635,2255.175018310547,1883.2465410232544,44.5,11.5,1,1,0,0
1783874466667362500,2026-07-13 00:41:06.667362,1.7155028581619263,-8.5233736038208,1973.1285095214844,1831.1306238174438,2255.175018310547,1883.2465410232544,41.5,14.5,1,1,0,0
1783874466695327500,2026-07-13 00:41:06.695328,1.7155028581619263,-8.5233736038208,1973.1285095214844,1831.1306238174438,2060.515022277832,1883.2465410232544,41.5,10.5,1,1,0,0
1783874466736117400,2026-07-13 00:41:06.736118,1.5159379243850708,-8.518123626708984,1914.4983291625977,1892.004132270813,1973.1285095214844,1883.2465410232544,33.5,12.5,1,1,0,0
1783874466766027200,2026-07-13 00:41:06.766027,1.45413339138031,-8.734848976135254,1915.3676986694336,1908.22172164917,1973.1285095214844,1883.2465410232544,41.5,11.5,1,1,0,0
1783874466797144200,2026-07-13 00:41:06.797144,1.5834577083587646,-8.665952682495117,1889.497947692871,1751.9639730453491,1973.1285095214844,1883.2465410232544,36.0,6.0,1,1,0,0
1783874466837604100,2026-07-13 00:41:06.837604,1.4059339761734009,-8.071907997131348,1696.966552734375,1577.3133039474487,1915.3676986694336,1883.2465410232544,35.0,8.0,1,1,0,0
1783874466870742500,2026-07-13 00:41:06.870743,1.4484339952468872,-8.031179428100586,1841.0503387451172,1703.8044929504395,1915.3676986694336,1883.2465410232544,35.0,10.5,1,1,0,0
1783874466899229000,2026-07-13 00:41:06.899229,1.4012339115142822,-7.894577503204346,1774.5811462402344,1608.837366104126,1889.497947692871,1751.9639730453491,35.0,8.0,1,1,0,0
1783874466936568400,2026-07-13 00:41:06.936568,1.1618400812149048,-8.023305892944336,1680.9473037719727,1661.0323190689087,1841.0503387451172,1703.8044929504395,34.0,10.5,1,1,0,0
1783874466969552600,2026-07-13 00:41:06.969553,1.4069007635116577,-7.370629787445068,1947.0346450805664,1788.1020307540894,1915.3676986694336,1788.1020307540894,38.5,13.5,1,1,0,0
1783874467010400800,2026-07-13 00:41:07.010401,1.2889833450317383,-7.41639518737793,1913.2171630859375,1796.0160970687866,1889.497947692871,1751.9639730453491,44.5,22.0,1,1,0,0
1783874467043730600,2026-07-13 00:41:07.043731,1.2080649137496948,-7.144535064697266,1862.6583099365234,1878.8676261901855,1862.6583099365234,1788.1020307540894,43.0,23.0,1,1,0,0
1783874467073743200,2026-07-13 00:41:07.073743,1.044993281364441,-7.839115619659424,1874.6612548828125,2014.5595073699951,1889.497947692871,1788.1020307540894,44.5,16.0,1,1,0,0
1783874467112856900,2026-07-13 00:41:07.112857,1.6803573369979858,-8.413426399230957,2121.6859817504883,1902.3709297180176,1889.497947692871,1796.0160970687866,40.0,16.5,1,1,0,0
1783874467140652100,2026-07-13 00:41:07.140652,1.9456207752227783,-9.116010665893555,1893.5111999511719,1619.9864149093628,1889.497947692871,1788.1020307540894,34.5,6.5,1,1,0,0
1783874467172764800,2026-07-13 00:41:07.172765,1.6544760465621948,-10.185365676879883,1901.1493682861328,1808.9401721954346,1889.497947692871,1796.0160970687866,32.0,11.0,1,1,0,0
1783874467206420200,2026-07-13 00:41:07.206420,2.024507999420166,-8.150110244750977,1871.104621887207,1617.4923181533813,1889.497947692871,1796.0160970687866,28.5,14.5,1,1,0,0
1783874467242913800,2026-07-13 00:41:07.242914,1.7691295146942139,-7.929905414581299,2118.695640563965,1788.454294204712,1889.497947692871,1788.454294204712,29.5,12.0,1,1,0,0
1783874467276967800,2026-07-13 00:41:07.276968,1.6800496578216553,-7.694349765777588,1871.1469650268555,1830.4287195205688,1889.497947692871,1796.0160970687866,34.5,19.0,1,1,0,0
1783874467309599800,2026-07-13 00:41:07.309600,1.7070568799972534,-8.568794250488281,1661.9548797607422,1720.5697298049927,1889.497947692871,1788.454294204712,34.0,16.0,1,1,0,0
1783874467341265300,2026-07-13 00:41:07.341265,1.6037966012954712,-7.1655497550964355,1858.9258193969727,1837.140679359436,1889.497947692871,1788.454294204712,32.0,9.5,1,1,0,0
1783874467375888400,2026-07-13 00:41:07.375888,1.4932787418365479,-7.4728569984436035,1481.6664695739746,1668.948769569397,1871.1469650268555,1788.454294204712,29.0,18.5,1,1,0,0
1783874467412835500,2026-07-13 00:41:07.412836,1.7078622579574585,-7.539940357208252,1895.5322265625,1817.8486824035645,1889.497947692871,1788.454294204712,25.0,13.5,1,1,0,0
1783874467443213900,2026-07-13 00:41:07.443214,1.7470334768295288,-7.64185094833374,1984.9868774414062,1873.368740081787,1889.497947692871,1788.454294204712,28.5,7.0,1,1,0,0
1783874467483015200,2026-07-13 00:41:07.483015,1.849982500076294,-8.19597053527832,1776.1070251464844,1712.162733078003,1871.1469650268555,1788.454294204712,26.0,14.0,1,1,0,0
1783874467512131500,2026-07-13 00:41:07.512132,1.9154661893844604,-8.091647148132324,2042.165184020996,1774.7178077697754,1889.497947692871,1788.454294204712,33.0,7.5,1,1,0,0
1783874467552746300,2026-07-13 00:41:07.552746,1.7342324256896973,-7.893734455108643,1667.2277450561523,1735.1610660552979,1889.497947692871,1788.454294204712,41.0,7.5,1,1,0,0
1783874467583237200,2026-07-13 00:41:07.583237,1.9953120946884155,-8.324019432067871,1969.2304611206055,1833.7478637695312,1889.497947692871,1788.454294204712,29.0,10.0,1,1,0,0
1783874467614557400,2026-07-13 00:41:07.614558,1.9387837648391724,-8.429622650146484,1931.2170028686523,1838.3293151855469,1889.497947692871,1788.454294204712,32.5,12.0,1,1,0,0
1783874467648565000,2026-07-13 00:41:07.648565,1.800236701965332,-8.506834030151367,2044.0805435180664,1922.5338697433472,1889.497947692871,1788.454294204712,37.0,12.0,1,1,0,0
1783874467683844100,2026-07-13 00:41:07.683844,1.7762058973312378,-8.514440536499023,2062.1402740478516,1951.757550239563,1931.2170028686523,1833.7478637695312,32.0,12.0,1,1,0,0
1783874467716076100,2026-07-13 00:41:07.716076,1.7584806680679321,-8.716282844543457,1963.1158828735352,1840.5064344406128,1931.2170028686523,1838.3293151855469,29.0,12.0,1,1,0,0
1783874467752392600,2026-07-13 00:41:07.752393,1.460832953453064,-8.098776817321777,1799.9675750732422,1935.523271560669,1889.497947692871,1840.5064344406128,29.0,8.0,1,1,0,0
1783874467783879200,2026-07-13 00:41:07.783879,1.6524606943130493,-8.374051094055176,1775.429916381836,1920.6448793411255,1931.2170028686523,1840.5064344406128,32.0,7.5,1,1,0,0
1783874467824005100,2026-07-13 00:41:07.824005,1.5148919820785522,-9.677577018737793,1790.1361465454102,2030.1015377044678,1889.497947692871,1840.5064344406128,26.5,14.0,1,1,0,0
1783874467850465300,2026-07-13 00:41:07.850465,1.776257038116455,-8.703022003173828,2056.814765930176,1954.4333219528198,1889.497947692871,1920.6448793411255,32.0,11.5,1,1,0,0
1783874467885775500,2026-07-13 00:41:07.885776,1.7576624155044556,-8.697546005249023,2081.0836791992188,1911.756992340088,1931.2170028686523,1911.756992340088,33.5,17.0,1,1,0,0
1783874467920332900,2026-07-13 00:41:07.920333,2.0449607372283936,-9.651097297668457,2137.518310546875,1747.7452754974365,1931.2170028686523,1840.5064344406128,30.5,20.5,1,1,0,0
1783874467952703700,2026-07-13 00:41:07.952704,1.3305647373199463,-9.349040031433105,1738.8778686523438,1964.8048877716064,1889.497947692871,1920.6448793411255,29.0,8.0,1,1,0,0
1783874467991021300,2026-07-13 00:41:07.991021,1.9693889617919922,-9.506081581115723,2139.3333435058594,1836.6247415542603,1931.2170028686523,1911.756992340088,27.5,17.0,1,1,0,0
1783874468019289800,2026-07-13 00:41:08.019290,1.8448939323425293,-9.76669979095459,1437.9316329956055,1767.0936584472656,1931.2170028686523,1840.5064344406128,26.0,16.0,1,1,0,0
1783874468057633400,2026-07-13 00:41:08.057633,0.8444730043411255,-8.036542892456055,777.5076866149902,1545.996904373169,1889.497947692871,1840.5064344406128,29.0,18.5,1,1,0,0
1783874468088412700,2026-07-13 00:41:08.088413,0.49823349714279175,-8.630807876586914,839.635181427002,1573.906660079956,1889.497947692871,1836.6247415542603,35.5,15.0,1,1,0,0
1783874468128662800,2026-07-13 00:41:08.128663,0.284362256526947,-7.909121513366699,725.0519275665283,1527.1875858306885,1437.9316329956055,1767.0936584472656,41.5,17.0,1,1,0,0
1783874468158523500,2026-07-13 00:41:08.158523,0.07432185113430023,-7.798720836639404,605.0648212432861,1318.8896179199219,839.635181427002,1573.906660079956,39.5,17.0,1,1,0,0
1783874468197515400,2026-07-13 00:41:08.197515,0.1587950438261032,-8.271452903747559,819.2819595336914,1330.646276473999,839.635181427002,1573.906660079956,46.5,17.5,1,1,0,0
1783874468228551300,2026-07-13 00:41:08.228551,0.10371415317058563,-7.734935283660889,617.7779674530029,1256.765365600586,819.2819595336914,1527.1875858306885,45.5,24.0,1,1,0,0
1783874468261722500,2026-07-13 00:41:08.261723,0.6230680346488953,-7.720117092132568,721.1816787719727,1340.7576084136963,819.2819595336914,1340.7576084136963,45.5,15.0,1,1,0,0
1783874468295987900,2026-07-13 00:41:08.295988,-0.06406302750110626,-7.491498947143555,619.7659969329834,1166.6033267974854,819.2819595336914,1340.7576084136963,46.5,17.5,1,1,0,0
1783874468331837600,2026-07-13 00:41:08.331838,0.7291301488876343,-6.866593360900879,610.8133316040039,1200.20592212677,721.1816787719727,1340.7576084136963,43.0,17.0,1,1,0,0
1783874468360195500,2026-07-13 00:41:08.360196,-0.29637411236763,-6.337711811065674,500.1624584197998,1008.44407081604,721.1816787719727,1340.7576084136963,43.0,23.5,1,1,0,0
1783874468386739200,2026-07-13 00:41:08.386739,1.533791184425354,-7.736719608306885,1096.0290908813477,1494.905710220337,819.2819595336914,1340.7576084136963,37.0,16.0,1,1,0,0
1783874468415442000,2026-07-13 00:41:08.415442,1.5607359409332275,-8.09637451171875,1520.6361770629883,1791.041612625122,721.1816787719727,1340.7576084136963,35.0,6.5,1,1,0,0
1783874468445842900,2026-07-13 00:41:08.445843,1.3720223903656006,-8.183989524841309,1311.2220764160156,1769.4231271743774,819.2819595336914,1340.7576084136963,27.0,7.0,1,1,0,0
1783874468473150700,2026-07-13 00:41:08.473151,1.2557991743087769,-7.738719940185547,1406.6632270812988,1689.7200345993042,1096.0290908813477,1494.905710220337,33.0,13.0,1,1,0,0
1783874468501098700,2026-07-13 00:41:08.501099,1.1698676347732544,-7.114445209503174,1221.5582847595215,1584.7759246826172,1221.5582847595215,1584.7759246826172,32.5,12.0,1,1,0,0
1783874468531038500,2026-07-13 00:41:08.531039,1.0109766721725464,-8.122578620910645,1234.8176002502441,1657.4534177780151,1221.5582847595215,1584.7759246826172,31.0,15.5,1,1,0,0
1783874468567452600,2026-07-13 00:41:08.567453,1.3060107231140137,-8.380614280700684,1391.4556503295898,1674.3030548095703,1221.5582847595215,1584.7759246826172,39.5,5.5,1,1,0,0
1783874468607327400,2026-07-13 00:41:08.607327,1.3672596216201782,-7.787170886993408,1486.9827270507812,1714.4150733947754,1221.5582847595215,1584.7759246826172,29.0,17.0,1,1,0,0
1783874468634601100,2026-07-13 00:41:08.634601,1.3912078142166138,-8.463959693908691,1494.1208839416504,1680.3243160247803,1234.8176002502441,1657.4534177780151,34.5,9.5,1,1,0,0
1783874468667278600,2026-07-13 00:41:08.667279,1.1767152547836304,-8.138157844543457,1249.5079040527344,1756.3892602920532,1249.5079040527344,1674.3030548095703,26.0,8.0,1,1,0,0
1783874468707699700,2026-07-13 00:41:08.707700,1.2871884107589722,-9.817068099975586,1008.2217216491699,1725.4678010940552,1221.5582847595215,1680.3243160247803,25.0,8.0,1,1,0,0
1783874468734381100,2026-07-13 00:41:08.734381,0.9488638639450073,-8.668055534362793,1352.275562286377,1969.0266847610474,1249.5079040527344,1680.3243160247803,25.0,8.5,1,1,0,0
1783874468767667900,2026-07-13 00:41:08.767668,1.3816571235656738,-8.911154747009277,1630.5986404418945,1857.2924137115479,1249.5079040527344,1725.4678010940552,25.5,12.0,1,1,0,0
1783874468806377800,2026-07-13 00:41:08.806378,0.8323602080345154,-9.539586067199707,1390.3290748596191,1914.202332496643,1249.5079040527344,1725.4678010940552,26.0,12.5,1,1,0,0
1783874468835468700,2026-07-13 00:41:08.835469,1.0088218450546265,-8.898821830749512,1462.642002105713,1907.3431491851807,1352.275562286377,1857.2924137115479,26.0,12.0,1,1,0,0
1783874468874755200,2026-07-13 00:41:08.874755,1.099094271659851,-9.206244468688965,1515.1863098144531,1922.4361181259155,1390.3290748596191,1857.2924137115479,26.0,13.0,1,1,0,0
1783874468904097100,2026-07-13 00:41:08.904097,1.248336911201477,-9.908103942871094,1364.0955924987793,1773.464560508728,1364.0955924987793,1773.464560508728,26.0,7.5,1,1,0,0
1783874468938707100,2026-07-13 00:41:08.938707,1.3014479875564575,-8.507241249084473,1319.5778846740723,1868.2178258895874,1352.275562286377,1857.2924137115479,20.5,6.5,1,1,0,0
1783874468973303400,2026-07-13 00:41:08.973303,1.2443888187408447,-8.957033157348633,1324.7241020202637,1946.4622735977173,1364.0955924987793,1857.2924137115479,21.5,1.0,1,1,0,0
1783874469005384000,2026-07-13 00:41:09.005384,1.3662928342819214,-9.012455940246582,1420.3683853149414,1888.6867761611938,1364.0955924987793,1857.2924137115479,18.0,3.0,1,1,0,0
1783874469039571100,2026-07-13 00:41:09.039571,1.117296814918518,-8.045988082885742,1593.183422088623,1961.695671081543,1364.0955924987793,1868.2178258895874,21.5,8.5,1,1,0,0
1783874469075162300,2026-07-13 00:41:09.075162,1.6216850280761719,-8.827960968017578,1711.9503021240234,1749.1896152496338,1364.0955924987793,1857.2924137115479,26.0,12.5,1,1,0,0
1783874469107236000,2026-07-13 00:41:09.107236,1.3959529399871826,-8.637022018432617,1574.7771263122559,1857.7592372894287,1420.3683853149414,1857.7592372894287,31.0,6.5,1,1,0,0
1783874469148371100,2026-07-13 00:41:09.148371,1.302511215209961,-6.842480659484863,1313.3936882019043,1648.9267349243164,1364.0955924987793,1857.7592372894287,32.0,14.5,1,1,0,0
1783874469178464200,2026-07-13 00:41:09.178464,1.5456867218017578,-5.794291019439697,1371.4056968688965,1485.7456684112549,1371.4056968688965,1857.2924137115479,34.5,10.0,1,1,0,0
1783874469209854300,2026-07-13 00:41:09.209854,1.7958141565322876,-5.686644077301025,1361.230754852295,1292.122721672058,1371.4056968688965,1857.2924137115479,36.0,34.5,1,1,0,0
1783874469249532800,2026-07-13 00:41:09.249533,1.6536688804626465,-6.728775501251221,1478.2156944274902,1349.496841430664,1371.4056968688965,1648.9267349243164,36.0,16.0,1,1,0,0
1783874469278433700,2026-07-13 00:41:09.278434,2.1182432174682617,-6.533040523529053,1627.4866104125977,1216.9886827468872,1371.4056968688965,1485.7456684112549,35.5,29.0,1,1,0,0
1783874469309355600,2026-07-13 00:41:09.309355,1.5761610269546509,-5.875800132751465,1148.3262062072754,1093.1860208511353,1371.4056968688965,1349.496841430664,40.0,14.5,1,1,0,0
1783874469343904000,2026-07-13 00:41:09.343904,1.8439003229141235,-5.8340229988098145,1354.074478149414,982.7537536621094,1371.4056968688965,1349.496841430664,40.5,13.0,1,1,0,0
1783874469383073300,2026-07-13 00:41:09.383073,1.3822591304779053,-4.408891201019287,890.4273986816406,723.4585881233215,1371.4056968688965,1216.9886827468872,44.0,18.0,1,1,0,0
1783874469410707300,2026-07-13 00:41:09.410707,1.614941954612732,-5.584207534790039,1205.204963684082,852.4816632270813,1354.074478149414,1093.1860208511353,47.5,17.0,1,1,0,0
1783874469454155300,2026-07-13 00:41:09.454155,1.22409188747406,-3.946530342102051,928.8790702819824,621.7273473739624,1354.074478149414,982.7537536621094,42.5,21.5,1,1,0,0
1783874469495930800,2026-07-13 00:41:09.495931,0.8822633624076843,-3.641355037689209,765.8663272857666,554.6174049377441,1205.204963684082,852.4816632270813,43.0,21.5,1,1,0,0
1783874469524227500,2026-07-13 00:41:09.524228,1.085518717765808,-4.012643814086914,868.2568550109863,641.5861248970032,1205.204963684082,852.4816632270813,48.0,17.5,1,1,0,0
1783874469552890000,2026-07-13 00:41:09.552890,2.1093149185180664,-4.415185451507568,1299.6393203735352,894.0195441246033,1299.6393203735352,894.0195441246033,47.0,21.0,1,1,0,0
1783874469588908200,2026-07-13 00:41:09.588908,2.066195249557495,-5.755051612854004,1530.3679466247559,975.2282500267029,1205.204963684082,852.4816632270813,40.0,19.5,1,1,0,0
1783874469616264900,2026-07-13 00:41:09.616265,1.6470495462417603,-4.196262836456299,1047.2232818603516,718.8987135887146,1205.204963684082,852.4816632270813,39.0,12.5,1,1,0,0
1783874469648730000,2026-07-13 00:41:09.648730,2.06593918800354,-5.7429070472717285,1459.8213195800781,925.9782433509827,1299.6393203735352,894.0195441246033,34.0,16.0,1,1,0,0
1783874469684930500,2026-07-13 00:41:09.684931,1.953797459602356,-5.761138439178467,1518.1894302368164,972.8728532791138,1299.6393203735352,894.0195441246033,45.5,15.0,1,1,0,0
1783874469714342900,2026-07-13 00:41:09.714343,1.837471842765808,-6.185018062591553,1438.812255859375,984.7878217697144,1299.6393203735352,894.0195441246033,44.5,19.5,1,1,0,0
1783874469758412300,2026-07-13 00:41:09.758412,1.7831109762191772,-4.499574661254883,1256.0547828674316,881.056010723114,1299.6393203735352,894.0195441246033,46.0,11.5,1,1,0,0
1783874469785663700,2026-07-13 00:41:09.785664,2.031529664993286,-5.761777400970459,1500.1508712768555,987.9930019378662,1299.6393203735352,894.0195441246033,47.5,31.0,1,1,0,0
1783874469815576900,2026-07-13 00:41:09.815577,2.025001049041748,-5.4688720703125,1385.5359077453613,938.8952255249023,1299.6393203735352,894.0195441246033,45.0,22.5,1,1,0,0
1783874469856899800,2026-07-13 00:41:09.856900,1.9601434469223022,-5.638691425323486,1532.443904876709,1011.9208097457886,1299.6393203735352,894.0195441246033,48.5,11.5,1,1,0,0
1783874469886891200,2026-07-13 00:41:09.886891,1.599252462387085,-5.732272624969482,1170.8477020263672,995.814323425293,1299.6393203735352,938.8952255249023,51.0,14.0,1,1,0,0
1783874469924742800,2026-07-13 00:41:09.924743,1.7591966390609741,-5.3520588874816895,1214.8666381835938,913.5981798171997,1299.6393203735352,913.5981798171997,47.0,11.5,1,1,0,0
1783874469954510300,2026-07-13 00:41:09.954510,1.4859399795532227,-4.008355140686035,967.9595947265625,748.4098672866821,1299.6393203735352,894.0195441246033,48.5,17.5,1,1,0,0
1783874469986708200,2026-07-13 00:41:09.986708,1.6144839525222778,-3.503328800201416,1002.4959564208984,638.2121443748474,1214.8666381835938,913.5981798171997,44.0,18.5,1,1,0,0
1783874470026715900,2026-07-13 00:41:10.026716,1.6030193567276,-3.918272018432617,990.1979446411133,645.2189683914185,1214.8666381835938,894.0195441246033,46.0,18.5,1,1,0,0
1783874470069252200,2026-07-13 00:41:10.069252,1.8461596965789795,-4.934491157531738,1224.5261192321777,811.6693496704102,1224.5261192321777,811.6693496704102,45.5,17.5,1,1,0,0
1783874470097088400,2026-07-13 00:41:10.097089,1.9100714921951294,-5.099574565887451,1279.804801940918,834.8495364189148,1214.8666381835938,834.8495364189148,34.0,10.5,1,1,0,0
1783874470125614800,2026-07-13 00:41:10.125615,1.6829637289047241,-3.729496717453003,1055.3378105163574,704.671323299408,1214.8666381835938,811.6693496704102,52.0,22.0,1,1,0,0
1783874470157369900,2026-07-13 00:41:10.157370,1.4553745985031128,-3.953434467315674,986.3234519958496,742.7452802658081,1214.8666381835938,811.6693496704102,43.0,22.5,1,1,0,0
1783874470202819100,2026-07-13 00:41:10.202819,2.223005533218384,-5.617920398712158,1567.6440238952637,930.2155375480652,1214.8666381835938,834.8495364189148,42.5,21.0,1,1,0,0
1783874470235474200,2026-07-13 00:41:10.235474,1.8990951776504517,-4.397265911102295,1390.6566619873047,807.664155960083,1214.8666381835938,811.6693496704102,48.5,24.0,1,1,0,0
1783874470263071000,2026-07-13 00:41:10.263071,2.2570009231567383,-5.862097263336182,1649.1701126098633,926.4463186264038,1214.8666381835938,811.6693496704102,45.5,22.5,1,1,0,0
1783874470293969300,2026-07-13 00:41:10.293969,1.6427892446517944,-4.773992538452148,1272.69926071167,761.0746622085571,1272.69926071167,811.6693496704102,48.5,18.0,1,1,0,0
1783874470320735500,2026-07-13 00:41:10.320735,2.467646598815918,-5.568883419036865,1713.1196975708008,893.3963179588318,1272.69926071167,811.6693496704102,44.0,19.5,1,1,0,0
1783874470348423700,2026-07-13 00:41:10.348424,1.5764728784561157,-5.3909010887146,1264.5276069641113,942.8690671920776,1264.5276069641113,811.6693496704102,51.5,17.5,1,1,0,0
1783874470379244800,2026-07-13 00:41:10.379245,1.549770712852478,-5.368409633636475,1245.9220886230469,927.4371266365051,1272.69926071167,811.6693496704102,47.0,22.0,1,1,0,0
1783874470412611700,2026-07-13 00:41:10.412611,1.6863189935684204,-4.948448657989502,1189.439868927002,797.1031665802002,1264.5276069641113,811.6693496704102,46.5,23.5,1,1,0,0
1783874470439513400,2026-07-13 00:41:10.439513,1.6883774995803833,-5.696707248687744,1267.1135902404785,900.6198048591614,1264.5276069641113,811.6693496704102,47.0,26.0,1,1,0,0
1783874470468658900,2026-07-13 00:41:10.468659,1.7874537706375122,-5.661559581756592,1248.4050750732422,930.3717017173767,1264.5276069641113,811.6693496704102,45.5,29.0,1,1,0,0
1783874470495905500,2026-07-13 00:41:10.495906,1.9806312322616577,-5.749450206756592,1421.1969375610352,910.8641743659973,1264.5276069641113,811.6693496704102,50.5,30.5,1,1,0,0
1783874470539551500,2026-07-13 00:41:10.539551,1.891132116317749,-7.2855000495910645,1794.3191528320312,1198.5421180725098,1264.5276069641113,900.6198048591614,45.5,32.5,1,1,0,0
1783874470567571800,2026-07-13 00:41:10.567572,1.9586704969406128,-7.596106052398682,2220.1650619506836,1350.328803062439,1264.5276069641113,910.8641743659973,46.0,23.0,1,1,0,0
1783874470599239800,2026-07-13 00:41:10.599240,1.5605212450027466,-9.25379467010498,1990.4596328735352,1535.3678464889526,1421.1969375610352,910.8641743659973,53.5,24.0,1,1,0,0
1783874470639781800,2026-07-13 00:41:10.639782,1.7103644609451294,-8.834430694580078,2104.1086196899414,1444.7962045669556,1794.3191528320312,1198.5421180725098,45.5,22.0,1,1,0,0
1783874470673089900,2026-07-13 00:41:10.673090,1.6570709943771362,-8.768797874450684,2069.660758972168,1508.8948011398315,1990.4596328735352,1350.328803062439,51.0,21.5,1,1,0,0
1783874470709489500,2026-07-13 00:41:10.709489,1.7092366218566895,-8.795958518981934,1970.078468322754,1598.07288646698,1970.078468322754,1444.7962045669556,56.5,17.5,1,1,0,0
1783874470738547500,2026-07-13 00:41:10.738548,1.8398702144622803,-8.748492240905762,2346.450996398926,1609.4058752059937,1990.4596328735352,1444.7962045669556,56.5,20.5,1,1,0,0
1783874470774417700,2026-07-13 00:41:10.774418,1.5383533239364624,-8.084980010986328,2288.042449951172,1794.2155599594116,1990.4596328735352,1508.8948011398315,59.5,26.5,1,1,0,0
1783874470804352100,2026-07-13 00:41:10.804352,1.6070224046707153,-7.542455196380615,2288.180923461914,1654.584288597107,1990.4596328735352,1598.07288646698,57.0,25.0,1,1,0,0
1783874470835329700,2026-07-13 00:41:10.835330,1.6425504684448242,-7.521538734436035,2482.9343795776367,1607.5775623321533,2288.042449951172,1607.5775623321533,55.5,28.5,1,1,0,0
1783874470875345600,2026-07-13 00:41:10.875346,1.6793251037597656,-7.740429878234863,2563.8961791992188,1588.649034500122,2288.042449951172,1588.649034500122,54.5,31.5,1,1,0,0
1783874470904639300,2026-07-13 00:41:10.904639,1.7420469522476196,-8.67374324798584,2543.2497024536133,1660.7011556625366,2288.180923461914,1607.5775623321533,51.5,23.5,1,1,0,0
1783874470947216900,2026-07-13 00:41:10.947217,1.8564789295196533,-8.447901725769043,2770.5812454223633,1595.024585723877,2482.9343795776367,1607.5775623321533,59.5,26.0,1,1,0,0
1783874470975404000,2026-07-13 00:41:10.975404,1.54080069065094,-8.083158493041992,2489.7003173828125,1506.453275680542,2489.7003173828125,1588.649034500122,61.0,22.0,1,1,0,0
1783874471006156200,2026-07-13 00:41:11.006156,1.8970434665679932,-8.283995628356934,2845.2476501464844,1564.414620399475,2489.7003173828125,1595.024585723877,58.5,24.5,1,1,0,0
1783874471044221800,2026-07-13 00:41:11.044222,1.742854356765747,-8.871844291687012,2892.5525665283203,1538.006067276001,2489.7003173828125,1588.649034500122,57.0,23.5,1,1,0,0
1783874471073614500,2026-07-13 00:41:11.073615,1.6183630228042603,-8.929971694946289,2913.5921478271484,1371.1098432540894,2489.7003173828125,1564.414620399475,60.0,28.0,1,1,0,0
1783874471117295500,2026-07-13 00:41:11.117296,1.731855034828186,-8.875360488891602,2838.079261779785,1534.9804162979126,2838.079261779785,1564.414620399475,50.0,26.5,1,1,0,0
1783874471144194500,2026-07-13 00:41:11.144195,1.6404472589492798,-8.34415340423584,2896.0968017578125,1365.5232191085815,2838.079261779785,1538.006067276001,50.0,24.0,1,1,0,0
1783874471176426300,2026-07-13 00:41:11.176426,1.8740208148956299,-8.050643920898438,2168.5243606567383,1506.8875551223755,2489.7003173828125,1534.9804162979126,32.5,19.0,1,1,0,0
1783874471215863000,2026-07-13 00:41:11.215863,1.7520390748977661,-8.458186149597168,2045.5997467041016,1608.567714691162,2838.079261779785,1564.414620399475,29.0,17.0,1,1,0,0
1783874471245336700,2026-07-13 00:41:11.245337,1.838334083557129,-8.035655975341797,1873.875617980957,1576.6927003860474,2489.7003173828125,1538.006067276001,24.0,11.5,1,1,0,0
1783874471278243400,2026-07-13 00:41:11.278243,1.6232296228408813,-8.285117149353027,1648.0159759521484,1727.1863222122192,2168.5243606567383,1564.414620399475,24.5,18.5,1,1,0,0
1783874471317069500,2026-07-13 00:41:11.317070,1.562255620956421,-7.568175792694092,1589.0766143798828,1599.6588468551636,2045.5997467041016,1576.6927003860474,24.5,12.0,1,1,0,0
1783874471347138200,2026-07-13 00:41:11.347138,1.6011688709259033,-7.122951030731201,1569.5385932922363,1594.7219133377075,1873.875617980957,1576.6927003860474,24.0,13.5,1,1,0,0
1783874471388215800,2026-07-13 00:41:11.388216,1.734614372253418,-7.663302898406982,1761.341667175293,1831.0372829437256,1761.341667175293,1594.7219133377075,33.5,11.5,1,1,0,0
1783874471417151100,2026-07-13 00:41:11.417151,1.734614372253418,-7.663302898406982,1761.341667175293,1831.0372829437256,1761.341667175293,1594.7219133377075,32.0,10.0,1,1,0,0
1783874471450463100,2026-07-13 00:41:11.450463,1.379629373550415,-7.877411842346191,1587.7687454223633,1868.0741786956787,1761.341667175293,1594.7219133377075,34.5,17.0,1,1,0,0
1783874471489175000,2026-07-13 00:41:11.489175,1.8036595582962036,-7.445608615875244,1893.8465118408203,1760.4471445083618,1761.341667175293,1760.4471445083618,34.5,15.0,1,1,0,0
1783874471517484300,2026-07-13 00:41:11.517484,1.2966670989990234,-7.407674312591553,1675.7535934448242,1848.7557172775269,1761.341667175293,1760.4471445083618,34.5,15.0,1,1,0,0
1783874471551095700,2026-07-13 00:41:11.551096,1.734562873840332,-7.666434288024902,1711.6226196289062,1783.1953763961792,1761.341667175293,1760.4471445083618,38.0,14.0,1,1,0,0
1783874471587278600,2026-07-13 00:41:11.587279,1.774382472038269,-7.690943717956543,1790.4619216918945,1596.5088605880737,1761.341667175293,1760.4471445083618,40.0,19.5,1,1,0,0
1783874471623218000,2026-07-13 00:41:11.623218,1.815083384513855,-8.224835395812988,1756.7741394042969,1628.630518913269,1761.341667175293,1760.4471445083618,39.0,23.5,1,1,0,0
1783874471652783900,2026-07-13 00:41:11.652784,1.6855897903442383,-8.171479225158691,1756.955909729004,1677.0089864730835,1761.341667175293,1760.4471445083618,41.0,16.5,1,1,0,0
1783874471692815300,2026-07-13 00:41:11.692815,1.680559515953064,-7.075549602508545,1825.2872467041016,1798.0186939239502,1761.341667175293,1760.4471445083618,36.0,18.5,1,1,0,0
1783874471719395600,2026-07-13 00:41:11.719396,1.6799955368041992,-7.447325706481934,1775.2132415771484,1780.4025411605835,1761.341667175293,1760.4471445083618,36.0,16.5,1,1,0,0
1783874471752827700,2026-07-13 00:41:11.752828,1.6414029598236084,-7.465086460113525,1882.9130172729492,1884.580135345459,1761.341667175293,1760.4471445083618,34.5,15.5,1,1,0,0
1783874471794945800,2026-07-13 00:41:11.794946,1.7131292819976807,-7.646144390106201,1673.6183166503906,1654.6552181243896,1761.341667175293,1760.4471445083618,36.0,14.0,1,1,0,0
1783874471826583300,2026-07-13 00:41:11.826583,1.7323739528656006,-7.653997898101807,1882.2221755981445,1613.7421131134033,1761.341667175293,1760.4471445083618,29.0,6.0,1,1,0,0
1783874471856852000,2026-07-13 00:41:11.856852,1.6808191537857056,-7.375571250915527,1815.3314590454102,1611.363172531128,1761.341667175293,1760.4471445083618,25.0,8.0,1,1,0,0
1783874471888902400,2026-07-13 00:41:11.888902,1.6810396909713745,-7.344100475311279,1890.7926559448242,1716.9287204742432,1761.341667175293,1716.9287204742432,21.5,6.0,1,1,0,0
1783874471927828000,2026-07-13 00:41:11.927828,1.6577941179275513,-8.068828582763672,1965.9429550170898,1832.4028253555298,1815.3314590454102,1760.4471445083618,32.5,24.0,1,1,0,0
1783874471956950800,2026-07-13 00:41:11.956951,1.5485024452209473,-7.916860580444336,1891.6210174560547,1853.8029193878174,1815.3314590454102,1760.4471445083618,36.0,15.0,1,1,0,0
1783874471994530900,2026-07-13 00:41:11.994531,1.5836493968963623,-7.998222827911377,1826.4570236206055,1756.9663524627686,1826.4570236206055,1756.9663524627686,33.5,23.5,1,1,0,0
1783874472026121100,2026-07-13 00:41:12.026121,1.741410255432129,-7.913776874542236,2050.4650115966797,1801.784873008728,1826.4570236206055,1760.4471445083618,35.5,20.5,1,1,0,0
1783874472064882500,2026-07-13 00:41:12.064883,1.598332405090332,-7.922107219696045,2077.371597290039,1957.7957391738892,1826.4570236206055,1760.4471445083618,33.5,25.0,1,1,0,0
1783874472085414400,2026-07-13 00:41:12.085414,1.5808452367782593,-7.734877109527588,2004.7731399536133,1920.494556427002,1826.4570236206055,1760.4471445083618,36.0,23.5,1,1,0,0
1783874472120494100,2026-07-13 00:41:12.120494,1.767186164855957,-7.559253215789795,2107.5637817382812,1792.4339771270752,2004.7731399536133,1792.4339771270752,36.5,25.0,1,1,0,0
1783874472148407500,2026-07-13 00:41:12.148407,1.8326939344406128,-8.34447193145752,2246.072578430176,1729.8989295959473,2004.7731399536133,1760.4471445083618,28.5,25.5,1,1,0,0
1783874472175621600,2026-07-13 00:41:12.175622,1.8691743612289429,-7.383853912353516,2174.1973876953125,1652.0696878433228,2004.7731399536133,1760.4471445083618,35.5,12.0,1,1,0,0
1783874472206415700,2026-07-13 00:41:12.206416,1.3335798978805542,-8.00927734375,1572.172737121582,1828.0878067016602,2004.7731399536133,1792.4339771270752,35.0,18.5,1,1,0,0
1783874472235729300,2026-07-13 00:41:12.235729,1.5364331007003784,-8.773394584655762,1823.4077453613281,1823.3505487442017,2004.7731399536133,1760.4471445083618,31.5,18.5,1,1,0,0
1783874472263628100,2026-07-13 00:41:12.263628,1.5906435251235962,-9.126713752746582,1852.491569519043,1846.428632736206,2004.7731399536133,1792.4339771270752,35.0,25.0,1,1,0,0
1783874472299501000,2026-07-13 00:41:12.299501,1.3277851343154907,-7.512878894805908,1602.5997161865234,1770.3181505203247,1852.491569519043,1792.4339771270752,33.5,24.5,1,1,0,0
1783874472331029500,2026-07-13 00:41:12.331029,1.2697538137435913,-7.082647323608398,1588.3613586425781,1789.1918420791626,1852.491569519043,1789.1918420791626,30.5,23.5,1,1,0,0
1783874472370477600,2026-07-13 00:41:12.370478,1.3885563611984253,-8.521681785583496,1670.9281921386719,1785.211682319641,1852.491569519043,1789.1918420791626,36.0,23.5,1,1,0,0
1783874472400220300,2026-07-13 00:41:12.400220,0.8915366530418396,-7.802168369293213,1491.3907051086426,1951.2815475463867,1670.9281921386719,1792.4339771270752,33.5,21.5,1,1,0,0
1783874472433993100,2026-07-13 00:41:12.433993,1.721028447151184,-7.867193222045898,1559.5645904541016,1657.9586267471313,1670.9281921386719,1789.1918420791626,33.5,20.0,1,1,0,0
1783874472470178600,2026-07-13 00:41:12.470179,1.145579218864441,-8.032061576843262,1672.9999542236328,1922.8657484054565,1672.9999542236328,1789.1918420791626,34.5,15.0,1,1,0,0
1783874472500852600,2026-07-13 00:41:12.500853,1.6567835807800293,-8.300293922424316,2000.4697799682617,1843.69695186615,1670.9281921386719,1792.4339771270752,33.5,16.5,1,1,0,0
1783874472535414400,2026-07-13 00:41:12.535414,1.7489575147628784,-9.240019798278809,2085.066795349121,1900.5659818649292,1672.9999542236328,1792.4339771270752,31.5,18.5,1,1,0,0
1783874472570528800,2026-07-13 00:41:12.570529,1.8623764514923096,-9.558536529541016,2154.3113708496094,1865.7324314117432,1672.9999542236328,1843.69695186615,32.0,21.0,1,1,0,0
1783874472611186900,2026-07-13 00:41:12.611187,1.8084579706192017,-8.759916305541992,2286.2281799316406,1872.1206188201904,2000.4697799682617,1843.69695186615,38.5,25.5,1,1,0,0
1783874472638542700,2026-07-13 00:41:12.638543,1.4607691764831543,-8.742608070373535,2074.8966217041016,2072.683811187744,2074.8966217041016,1865.7324314117432,36.0,10.0,1,1,0,0
1783874472671995600,2026-07-13 00:41:12.671996,1.887184739112854,-8.634461402893066,2318.9804077148438,1858.5799932479858,2074.8966217041016,1858.5799932479858,35.5,24.0,1,1,0,0
1783874472705468800,2026-07-13 00:41:12.705469,1.6804478168487549,-8.471661567687988,2217.2937393188477,2017.1899795532227,2074.8966217041016,1865.7324314117432,35.5,18.5,1,1,0,0
1783874472742296100,2026-07-13 00:41:12.742296,1.510036587715149,-8.478598594665527,1949.521255493164,1926.4917373657227,2074.8966217041016,1865.7324314117432,39.0,25.0,1,1,0,0
1783874472773476500,2026-07-13 00:41:12.773477,1.4030901193618774,-9.07691764831543,1818.670654296875,1881.582498550415,2074.8966217041016,1865.7324314117432,36.5,15.0,1,1,0,0
1783874472806608300,2026-07-13 00:41:12.806608,1.0409077405929565,-8.215312004089355,1638.1772994995117,1948.2266902923584,2074.8966217041016,1881.582498550415,35.0,16.5,1,1,0,0
1783874472847369500,2026-07-13 00:41:12.847369,1.1625343561172485,-8.453923225402832,1830.5471420288086,1979.8649549484253,1949.521255493164,1881.582498550415,33.5,15.5,1,1,0,0
1783874472880611500,2026-07-13 00:41:12.880612,1.4438074827194214,-8.075875282287598,1958.5506439208984,1917.7172183990479,1958.5506439208984,1881.582498550415,30.5,22.5,1,1,0,0
1783874472911243000,2026-07-13 00:41:12.911243,1.2236961126327515,-8.382908821105957,1875.311279296875,1971.6596603393555,1949.521255493164,1917.7172183990479,30.5,18.5,1,1,0,0
1783874472944006300,2026-07-13 00:41:12.944006,1.5450987815856934,-8.963629722595215,1818.1535720825195,1803.9097785949707,1949.521255493164,1881.582498550415,30.5,19.0,1,1,0,0
1783874472979315100,2026-07-13 00:41:12.979315,1.173836588859558,-9.129048347473145,1842.8796768188477,1967.7876234054565,1949.521255493164,1917.7172183990479,33.0,20.0,1,1,0,0
1783874473010554000,2026-07-13 00:41:13.010554,1.0447856187820435,-8.63887882232666,1733.2881927490234,1956.3249349594116,1875.311279296875,1917.7172183990479,30.5,18.5,1,1,0,0
1783874473044658500,2026-07-13 00:41:13.044658,1.6660605669021606,-8.67974853515625,1998.1735229492188,1828.911542892456,1949.521255493164,1881.582498550415,33.0,14.0,1,1,0,0
1783874473080357400,2026-07-13 00:41:13.080357,1.6035592555999756,-8.820455551147461,2047.3554611206055,1801.0843992233276,1949.521255493164,1917.7172183990479,30.5,21.0,1,1,0,0
1783874473112761400,2026-07-13 00:41:13.112761,1.5298525094985962,-8.2885103225708,2091.986656188965,1827.7390003204346,1949.521255493164,1881.582498550415,29.5,13.5,1,1,0,0
