timestamp,datetime,raw_gaze_position_x,raw_gaze_position_y,calibrated_gaze_position_x,calibrated_gaze_position_y,filtered_gaze_position_x,filtered_gaze_position_y,left_eye_openness,right_eye_openness,tracking_status,status,event,trigger
1783872655057889100,2026-07-13 00:10:55.057889,NA,NA,NA,NA,NA,NA,0.0,0.0,0,0,0,1
1783872655094828800,2026-07-13 00:10:55.094829,NA,NA,NA,NA,NA,NA,0.0,0.0,0,0,0,0
1783872655133020500,2026-07-13 00:10:55.133020,NA,NA,NA,NA,NA,NA,0.0,0.0,0,0,0,0
1783872655158574000,2026-07-13 00:10:55.158574,NA,NA,NA,NA,NA,NA,0.0,0.0,0,0,0,0
1783872655189729300,2026-07-13 00:10:55.189729,NA,NA,NA,NA,NA,NA,0.0,0.0,0,0,0,0
1783872655225858300,2026-07-13 00:10:55.225858,NA,NA,NA,NA,NA,NA,0.0,0.0,0,0,0,0
1783872655261915600,2026-07-13 00:10:55.261916,NA,NA,NA,NA,NA,NA,0.0,0.0,0,0,0,0
1783872655299594900,2026-07-13 00:10:55.299595,NA,NA,NA,NA,NA,NA,0.0,0.0,0,0,0,0
1783872655327800900,2026-07-13 00:10:55.327801,NA,NA,NA,NA,NA,NA,0.0,0.0,0,0,0,0
1783872655359401100,2026-07-13 00:10:55.359401,NA,NA,NA,NA,NA,NA,0.0,0.0,0,0,0,0
1783872655394151100,2026-07-13 00:10:55.394151,NA,NA,NA,NA,NA,NA,0.0,0.0,0,0,0,0
1783872655436882500,2026-07-13 00:10:55.436882,NA,NA,NA,NA,NA,NA,0.0,0.0,0,0,0,0
1783872655460110800,2026-07-13 00:10:55.460111,NA,NA,NA,NA,NA,NA,0.0,0.0,0,0,0,0
1783872655498815600,2026-07-13 00:10:55.498816,NA,NA,NA,NA,NA,NA,0.0,0.0,0,0,0,0
1783872655529131700,2026-07-13 00:10:55.529132,NA,NA,NA,NA,NA,NA,0.0,0.0,0,0,0,0
1783872655568058200,2026-07-13 00:10:55.568058,NA,NA,NA,NA,NA,NA,0.0,0.0,0,0,0,0
1783872655606156900,2026-07-13 00:10:55.606157,NA,NA,NA,NA,NA,NA,0.0,0.0,0,0,0,0
1783872655630288300,2026-07-13 00:10:55.630288,NA,NA,NA,NA,NA,NA,0.0,0.0,0,0,0,0
1783872655668995500,2026-07-13 00:10:55.668996,NA,NA,NA,NA,NA,NA,0.0,0.0,0,0,0,0
1783872655703274400,2026-07-13 00:10:55.703274,NA,NA,NA,NA,NA,NA,0.0,0.0,0,0,0,0
1783872655732031800,2026-07-13 00:10:55.732032,NA,NA,NA,NA,NA,NA,0.0,0.0,0,0,0,0
1783872655768867100,2026-07-13 00:10:55.768867,NA,NA,NA,NA,NA,NA,0.0,0.0,0,0,0,0
1783872655803752500,2026-07-13 00:10:55.803752,NA,NA,NA,NA,NA,NA,0.0,0.0,0,0,0,0
1783872655831255100,2026-07-13 00:10:55.831255,NA,NA,NA,NA,NA,NA,0.0,0.0,0,0,0,0
1783872655865585900,2026-07-13 00:10:55.865586,NA,NA,NA,NA,NA,NA,0.0,0.0,0,0,0,0
1783872655906287100,2026-07-13 00:10:55.906287,NA,NA,NA,NA,NA,NA,0.0,0.0,0,0,0,0
1783872655934653000,2026-07-13 00:10:55.934653,NA,NA,NA,NA,NA,NA,0.0,0.0,0,0,0,0
1783872655972470700,2026-07-13 00:10:55.972471,NA,NA,NA,NA,NA,NA,0.0,0.0,0,0,0,0
1783872656002228400,2026-07-13 00:10:56.002228,NA,NA,NA,NA,NA,NA,0.0,0.0,0,0,0,0
1783872656033274800,2026-07-13 00:10:56.033275,NA,NA,NA,NA,NA,NA,0.0,0.0,0,0,0,0
1783872656075031300,2026-07-13 00:10:56.075031,NA,NA,NA,NA,NA,NA,0.0,0.0,0,0,0,0
1783872656105293400,2026-07-13 00:10:56.105293,NA,NA,NA,NA,NA,NA,0.0,0.0,0,0,0,0
1783872656142642500,2026-07-13 00:10:56.142642,2.449812173843384,-6.8831706047058105,1552.7778625488281,1233.4740161895752,1552.7778625488281,1233.4740161895752,58.5,43.5,1,1,0,0
1783872656184403100,2026-07-13 00:10:56.184403,2.2541494369506836,-7.196376800537109,1434.0957641601562,1163.0414724349976,1434.0957641601562,1163.0414724349976,51.0,30.0,1,1,0,0
1783872656218030900,2026-07-13 00:10:56.218031,2.2659270763397217,-6.901833534240723,1621.5333938598633,1215.2929306030273,1621.5333938598633,1215.2929306030273,52.0,44.5,1,1,0,0
1783872656250055200,2026-07-13 00:10:56.250055,2.436694860458374,-7.272086143493652,1671.1471557617188,1207.9390287399292,1671.1471557617188,1207.9390287399292,41.5,38.0,1,1,0,0
1783872656281597600,2026-07-13 00:10:56.281598,2.717132806777954,-7.0176005363464355,1666.7089462280273,1133.4140300750732,1666.7089462280273,1133.4140300750732,50.0,41.5,1,1,0,0
1783872656314980900,2026-07-13 00:10:56.314981,2.703528642654419,-6.541494846343994,1687.8347396850586,1032.366394996643,1687.8347396850586,1032.366394996643,58.0,38.5,1,1,0,0
1783872656344770700,2026-07-13 00:10:56.344771,2.7393229007720947,-6.657416343688965,1490.3703689575195,1053.8008213043213,1552.7778625488281,1163.0414724349976,57.5,38.0,1,1,0,0
1783872656375360200,2026-07-13 00:10:56.375360,2.695326089859009,-7.162081241607666,1697.3526000976562,1137.1532678604126,1621.5333938598633,1137.1532678604126,57.0,46.0,1,1,0,0
1783872656405154800,2026-07-13 00:10:56.405155,2.5916788578033447,-7.056746482849121,1600.2370834350586,1139.2014026641846,1621.5333938598633,1139.2014026641846,56.5,34.0,1,1,0,0
1783872656448341300,2026-07-13 00:10:56.448341,2.687574625015259,-8.020249366760254,1715.1086807250977,1239.092469215393,1621.5333938598633,1163.0414724349976,48.5,43.0,1,1,0,0
1783872656471075700,2026-07-13 00:10:56.471076,2.687574625015259,-8.020249366760254,1715.1086807250977,1239.092469215393,1621.5333938598633,1139.2014026641846,44.0,37.5,1,1,0,0
1783872656500849900,2026-07-13 00:10:56.500850,2.563816547393799,-7.194352149963379,1562.1746063232422,1192.8683519363403,1621.5333938598633,1163.0414724349976,47.0,40.5,1,1,0,0
1783872656531228300,2026-07-13 00:10:56.531228,2.5612246990203857,-7.137359142303467,1705.9770584106445,1141.8890953063965,1621.5333938598633,1163.0414724349976,44.0,38.5,1,1,0,0
1783872656561601000,2026-07-13 00:10:56.561601,2.5095274448394775,-6.722995281219482,1834.929084777832,1089.9986028671265,1621.5333938598633,1139.2014026641846,46.0,33.0,1,1,0,0
1783872656591211400,2026-07-13 00:10:56.591212,2.5959625244140625,-6.702071666717529,1767.078971862793,1116.1733865737915,1621.5333938598633,1141.8890953063965,54.5,47.0,1,1,0,0
1783872656620924600,2026-07-13 00:10:56.620925,2.648613691329956,-5.638388156890869,1635.737419128418,892.5272226333618,1635.737419128418,1139.2014026641846,43.5,36.0,1,1,0,0
1783872656650145900,2026-07-13 00:10:56.650146,2.864244222640991,-5.181131839752197,1508.682918548584,885.9434723854065,1621.5333938598633,1116.1733865737915,46.5,46.0,1,1,0,0
1783872656680466000,2026-07-13 00:10:56.680466,2.9653146266937256,-5.018680572509766,1523.2745170593262,889.6397948265076,1621.5333938598633,1116.1733865737915,39.5,47.5,1,1,0,0
1783872656709409000,2026-07-13 00:10:56.709409,2.7403995990753174,-5.373601913452148,1533.2013130187988,935.8675479888916,1621.5333938598633,935.8675479888916,49.5,45.5,1,1,0,0
1783872656741948200,2026-07-13 00:10:56.741948,2.846580743789673,-6.509413242340088,1514.497947692871,1077.74019241333,1533.2013130187988,1077.74019241333,51.0,38.5,1,1,0,0
1783872656773386700,2026-07-13 00:10:56.773387,2.846580743789673,-6.509413242340088,1514.497947692871,1077.74019241333,1533.2013130187988,1077.74019241333,50.0,38.0,1,1,0,0
1783872656817065600,2026-07-13 00:10:56.817065,2.8276894092559814,-5.484798908233643,1404.1288375854492,949.7061371803284,1533.2013130187988,949.7061371803284,56.5,38.0,1,1,0,0
1783872656851989100,2026-07-13 00:10:56.851989,2.8528757095336914,-4.840875625610352,1433.110523223877,769.5190906524658,1514.497947692871,1077.74019241333,54.5,41.5,1,1,0,0
1783872656883784400,2026-07-13 00:10:56.883785,2.9876925945281982,-5.247349262237549,1353.873634338379,940.4007196426392,1514.497947692871,949.7061371803284,50.0,46.0,1,1,0,0
1783872656916506400,2026-07-13 00:10:56.916506,2.912869691848755,-4.973755359649658,1361.8550300598145,864.9905920028687,1433.110523223877,949.7061371803284,56.0,52.0,1,1,0,0
1783872656948009300,2026-07-13 00:10:56.948009,2.8917973041534424,-5.8212409019470215,1383.6559295654297,1040.6967401504517,1433.110523223877,1040.6967401504517,52.5,47.0,1,1,0,0
1783872656979179000,2026-07-13 00:10:56.979179,2.968703508377075,-5.461019992828369,1432.657241821289,957.7013850212097,1432.657241821289,949.7061371803284,56.5,45.5,1,1,0,0
1783872657016185600,2026-07-13 00:10:57.016186,2.941494941711426,-5.150818347930908,1514.5906448364258,922.7742552757263,1433.110523223877,949.7061371803284,56.0,46.0,1,1,0,0
1783872657056976000,2026-07-13 00:10:57.056976,2.941494941711426,-5.150818347930908,1514.5906448364258,922.7742552757263,1433.110523223877,949.7061371803284,56.5,42.5,1,1,0,0
1783872657089656600,2026-07-13 00:10:57.089657,2.9189069271087646,-5.006007194519043,1513.8028144836426,861.6138100624084,1433.110523223877,949.7061371803284,58.0,42.0,1,1,0,0
1783872657121222200,2026-07-13 00:10:57.121222,2.8296878337860107,-5.014016628265381,1472.800064086914,845.0679779052734,1472.800064086914,922.7742552757263,50.0,50.5,1,1,0,0
1783872657149889800,2026-07-13 00:10:57.149890,2.8788979053497314,-5.997146129608154,1503.13081741333,1030.7831764221191,1472.800064086914,949.7061371803284,47.5,41.0,1,1,0,0
1783872657183103000,2026-07-13 00:10:57.183103,3.027527332305908,-5.655632972717285,1273.0018615722656,973.3732342720032,1433.110523223877,949.7061371803284,51.0,53.0,1,1,0,0
1783872657217159800,2026-07-13 00:10:57.217160,3.02323317527771,-5.795323848724365,1353.6650657653809,976.0664105415344,1472.800064086914,949.7061371803284,56.5,34.5,1,1,0,0
1783872657251126300,2026-07-13 00:10:57.251126,2.700045347213745,-5.959892749786377,1379.1716575622559,1016.4679288864136,1433.110523223877,973.3732342720032,53.5,36.5,1,1,0,0
1783872657284130100,2026-07-13 00:10:57.284130,2.8040640354156494,-6.892235279083252,1436.4322662353516,1181.720495223999,1433.110523223877,973.3732342720032,51.0,34.0,1,1,0,0
1783872657324258300,2026-07-13 00:10:57.324258,2.5677669048309326,-6.0363078117370605,1352.6739120483398,1072.1646547317505,1433.110523223877,976.0664105415344,57.0,37.0,1,1,0,0
1783872657354896800,2026-07-13 00:10:57.354897,2.85292649269104,-6.471180438995361,1379.5217514038086,1142.0222520828247,1433.110523223877,1016.4679288864136,52.0,30.0,1,1,0,0
1783872657385362900,2026-07-13 00:10:57.385363,2.6332805156707764,-5.985043525695801,1318.0365562438965,1059.9931478500366,1433.110523223877,1059.9931478500366,58.0,37.0,1,1,0,0
1783872657419664300,2026-07-13 00:10:57.419664,2.7588748931884766,-5.9398274421691895,1176.8333435058594,1094.0290689468384,1379.5217514038086,1059.9931478500366,49.5,33.5,1,1,0,0
1783872657451111700,2026-07-13 00:10:57.451112,2.6133837699890137,-6.165098190307617,1327.4682998657227,1114.2247915267944,1379.5217514038086,1059.9931478500366,52.5,30.5,1,1,0,0
1783872657482863500,2026-07-13 00:10:57.482864,2.743464946746826,-5.189344882965088,1255.189037322998,970.1082706451416,1327.4682998657227,1059.9931478500366,51.0,40.5,1,1,0,0
1783872657525196400,2026-07-13 00:10:57.525196,2.673349618911743,-5.4962944984436035,1086.8507385253906,982.8391671180725,1327.4682998657227,1059.9931478500366,55.5,32.0,1,1,0,0
1783872657556984400,2026-07-13 00:10:57.556984,2.7044780254364014,-5.203291416168213,1096.6828346252441,1017.6615715026855,1327.4682998657227,1059.9931478500366,50.0,27.5,1,1,0,0
1783872657587009800,2026-07-13 00:10:57.587010,2.6762337684631348,-5.721733570098877,1125.1683235168457,1083.4563970565796,1255.189037322998,1059.9931478500366,50.0,34.5,1,1,0,0
1783872657618064300,2026-07-13 00:10:57.618064,2.6499598026275635,-6.4658203125,1241.834831237793,1202.176570892334,1241.834831237793,1059.9931478500366,48.0,24.0,1,1,0,0
1783872657649395200,2026-07-13 00:10:57.649395,1.4694676399230957,-8.894354820251465,1154.1666984558105,1638.8490200042725,1241.834831237793,1059.9931478500366,20.0,5.0,1,1,0,0
1783872657685400900,2026-07-13 00:10:57.685401,1.0868327617645264,-10.587536811828613,712.2935771942139,1840.6217098236084,1241.834831237793,1083.4563970565796,12.0,3.0,1,1,0,0
1783872657724073800,2026-07-13 00:10:57.724074,1.17734694480896,-9.536086082458496,1198.3455657958984,1758.25035572052,1241.834831237793,1202.176570892334,17.5,3.0,1,1,0,0
1783872657755171400,2026-07-13 00:10:57.755171,1.156013011932373,-9.605341911315918,1133.5965156555176,1751.663327217102,1198.3455657958984,1638.8490200042725,16.5,5.0,1,1,0,0
1783872657784173700,2026-07-13 00:10:57.784174,1.4077706336975098,-7.043612003326416,1481.8796157836914,1369.9548244476318,1241.834831237793,1369.9548244476318,22.5,15.0,1,1,0,0
1783872657816824800,2026-07-13 00:10:57.816825,1.7576572895050049,-7.375380039215088,1548.2749938964844,1364.3423318862915,1241.834831237793,1364.3423318862915,25.5,23.5,1,1,0,0
1783872657850419700,2026-07-13 00:10:57.850420,2.2942099571228027,-7.204309940338135,1662.7775192260742,1224.4586944580078,1241.834831237793,1369.9548244476318,26.0,28.0,1,1,0,0
1783872657883863700,2026-07-13 00:10:57.883864,2.4043023586273193,-7.022348403930664,1648.3823776245117,1137.9426717758179,1481.8796157836914,1364.3423318862915,42.5,30.5,1,1,0,0
1783872657917995600,2026-07-13 00:10:57.917995,2.3624212741851807,-6.525662899017334,1672.201156616211,1097.537636756897,1548.2749938964844,1364.3423318862915,34.5,30.5,1,1,0,0
1783872657962455900,2026-07-13 00:10:57.962456,2.4156155586242676,-6.470217227935791,1666.5185928344727,1112.182855606079,1648.3823776245117,1224.4586944580078,41.5,35.5,1,1,0,0
1783872657994325600,2026-07-13 00:10:57.994325,2.4156155586242676,-6.470217227935791,1666.5185928344727,1112.182855606079,1648.3823776245117,1137.9426717758179,45.0,31.5,1,1,0,0
1783872658025335400,2026-07-13 00:10:58.025335,2.7834584712982178,-5.624689102172852,1524.6508598327637,914.4376516342163,1548.2749938964844,1112.182855606079,44.5,37.5,1,1,0,0
1783872658055717000,2026-07-13 00:10:58.055717,2.6356089115142822,-6.710226058959961,1479.6701431274414,1083.690881729126,1648.3823776245117,1112.182855606079,51.0,21.5,1,1,0,0
1783872658088131600,2026-07-13 00:10:58.088132,2.5102145671844482,-6.401805400848389,1573.7704277038574,1082.7537775039673,1573.7704277038574,1112.182855606079,51.5,27.0,1,1,0,0
1783872658119620500,2026-07-13 00:10:58.119621,2.657871723175049,-7.791955947875977,1826.1598587036133,1265.2881145477295,1573.7704277038574,1112.182855606079,44.5,28.0,1,1,0,0
1783872658158070400,2026-07-13 00:10:58.158070,2.541364908218384,-6.173801422119141,1535.7253074645996,1019.3102359771729,1573.7704277038574,1112.182855606079,50.5,21.5,1,1,0,0
1783872658187216100,2026-07-13 00:10:58.187216,2.62866473197937,-7.0095438957214355,1838.3613586425781,1122.5097179412842,1573.7704277038574,1112.182855606079,43.0,47.5,1,1,0,0
1783872658224559800,2026-07-13 00:10:58.224560,2.653980016708374,-6.15472412109375,1496.9587326049805,994.5616722106934,1573.7704277038574,1112.182855606079,56.5,35.0,1,1,0,0
1783872658264564000,2026-07-13 00:10:58.264564,2.9633901119232178,-5.238661289215088,1477.966594696045,889.7747993469238,1573.7704277038574,1112.182855606079,42.5,36.5,1,1,0,0
1783872658295787300,2026-07-13 00:10:58.295787,2.5867931842803955,-5.782707214355469,1561.6219520568848,890.9991979598999,1573.7704277038574,1112.182855606079,54.5,38.0,1,1,0,0
1783872658325735100,2026-07-13 00:10:58.325735,2.65604567527771,-5.881962776184082,1522.7588653564453,999.6039271354675,1561.6219520568848,999.6039271354675,53.5,26.5,1,1,0,0
1783872658358514900,2026-07-13 00:10:58.358515,2.814220666885376,-6.399330139160156,1530.3760528564453,1026.0590314865112,1561.6219520568848,1026.0590314865112,64.0,31.5,1,1,0,0
1783872658388850200,2026-07-13 00:10:58.388850,2.709029197692871,-5.613535404205322,1495.5384254455566,993.7734603881836,1561.6219520568848,999.6039271354675,55.5,37.5,1,1,0,0
1783872658422945200,2026-07-13 00:10:58.422945,2.621377944946289,-6.463138103485107,1790.4726028442383,1057.0379495620728,1561.6219520568848,999.6039271354675,56.0,43.0,1,1,0,0
1783872658467191500,2026-07-13 00:10:58.467191,2.6555960178375244,-5.743652820587158,1712.2932434082031,948.917806148529,1561.6219520568848,999.6039271354675,44.5,53.5,1,1,0,0
1783872658498195300,2026-07-13 00:10:58.498195,2.7431113719940186,-6.388721466064453,1714.884376525879,1071.0572004318237,1561.6219520568848,999.6039271354675,53.5,46.5,1,1,0,0
1783872658531021800,2026-07-13 00:10:58.531022,3.009671449661255,-5.51307487487793,1593.443489074707,934.5735311508179,1593.443489074707,999.6039271354675,56.5,41.0,1,1,0,0
1783872658561323800,2026-07-13 00:10:58.561324,2.770474672317505,-5.69182825088501,1749.0222930908203,947.4297761917114,1593.443489074707,999.6039271354675,54.0,48.5,1,1,0,0
1783872658592089300,2026-07-13 00:10:58.592089,2.906841993331909,-5.912177562713623,1588.8486862182617,1006.8725347518921,1588.8486862182617,999.6039271354675,62.5,50.5,1,1,0,0
1783872658623406100,2026-07-13 00:10:58.623406,2.7146060466766357,-6.021233558654785,1551.163101196289,1044.593334197998,1593.443489074707,999.6039271354675,58.0,48.0,1,1,0,0
1783872658656153800,2026-07-13 00:10:58.656154,2.6487045288085938,-5.978428840637207,1729.1078567504883,992.3792481422424,1593.443489074707,999.6039271354675,57.5,52.5,1,1,0,0
1783872658692242800,2026-07-13 00:10:58.692243,3.13167142868042,-6.91295862197876,1660.342025756836,1087.4923467636108,1593.443489074707,999.6039271354675,58.0,41.0,1,1,0,0
1783872658728994600,2026-07-13 00:10:58.728995,2.693585157394409,-5.880828380584717,1696.6388702392578,966.1046266555786,1593.443489074707,999.6039271354675,56.0,49.0,1,1,0,0
1783872658759936500,2026-07-13 00:10:58.759937,2.551278829574585,-5.9899749755859375,1661.1824035644531,1015.1617527008057,1660.342025756836,999.6039271354675,57.5,49.0,1,1,0,0
1783872658791264900,2026-07-13 00:10:58.791265,2.9527008533477783,-6.863173007965088,1544.044589996338,1112.4029159545898,1593.443489074707,999.6039271354675,55.0,44.0,1,1,0,0
1783872658835066700,2026-07-13 00:10:58.835067,2.938166379928589,-6.049413204193115,1571.2313652038574,1004.52721118927,1593.443489074707,999.6039271354675,54.5,43.0,1,1,0,0
1783872658867077800,2026-07-13 00:10:58.867078,2.816157341003418,-6.184486389160156,1672.0355987548828,1000.015139579773,1660.342025756836,1000.015139579773,57.5,38.5,1,1,0,0
1783872658897206700,2026-07-13 00:10:58.897207,3.046510934829712,-6.363161087036133,1696.0914611816406,1010.8115673065186,1593.443489074707,1000.015139579773,50.0,48.5,1,1,0,0
1783872658927862700,2026-07-13 00:10:58.927863,2.840874433517456,-6.285568714141846,1639.7918701171875,1068.2350397109985,1639.7918701171875,1000.015139579773,49.0,46.5,1,1,0,0
1783872658961085800,2026-07-13 00:10:58.961086,3.063537836074829,-5.608096599578857,1596.3624000549316,927.5173544883728,1639.7918701171875,1000.015139579773,44.5,49.5,1,1,0,0
1783872658994613900,2026-07-13 00:10:58.994614,2.9536266326904297,-6.6461639404296875,1595.3213691711426,1146.4805603027344,1595.3213691711426,1000.015139579773,54.5,52.0,1,1,0,0
1783872659027855500,2026-07-13 00:10:59.027856,2.653859853744507,-8.537480354309082,1684.761619567871,1522.662878036499,1639.7918701171875,1000.015139579773,31.5,35.0,1,1,0,0
1783872659061170500,2026-07-13 00:10:59.061170,2.325770616531372,-8.102193832397461,1831.300926208496,1490.748643875122,1639.7918701171875,1000.015139579773,36.0,23.5,1,1,0,0
1783872659099693000,2026-07-13 00:10:59.099693,2.210646629333496,-8.115551948547363,1772.8954315185547,1528.0274152755737,1639.7918701171875,1146.4805603027344,43.0,21.0,1,1,0,0
1783872659129192100,2026-07-13 00:10:59.129192,2.255099058151245,-7.59776496887207,1721.2404251098633,1460.4371786117554,1684.761619567871,1460.4371786117554,42.0,18.5,1,1,0,0
1783872659160918500,2026-07-13 00:10:59.160918,2.392918348312378,-8.64352798461914,1743.3670043945312,1602.258563041687,1721.2404251098633,1460.4371786117554,34.5,36.0,1,1,0,0
1783872659196968800,2026-07-13 00:10:59.196969,2.4401955604553223,-9.077574729919434,1700.5125045776367,1642.5763368606567,1700.5125045776367,1460.4371786117554,31.0,27.0,1,1,0,0
1783872659236927300,2026-07-13 00:10:59.236927,2.407810688018799,-8.077563285827637,1701.2517929077148,1494.4301843643188,1701.2517929077148,1460.4371786117554,30.5,29.5,1,1,0,0
1783872659267980800,2026-07-13 00:10:59.267981,2.389119863510132,-8.217422485351562,1712.0000839233398,1534.0782403945923,1712.0000839233398,1494.4301843643188,28.5,27.0,1,1,0,0
1783872659299602300,2026-07-13 00:10:59.299602,2.34059476852417,-8.2714262008667,1696.4792251586914,1504.0017366409302,1700.5125045776367,1494.4301843643188,28.0,19.0,1,1,0,0
1783872659330928400,2026-07-13 00:10:59.330928,2.356752634048462,-7.5090131759643555,1712.575340270996,1449.9648809432983,1701.2517929077148,1460.4371786117554,33.5,34.0,1,1,0,0
1783872659364648100,2026-07-13 00:10:59.364648,2.4973104000091553,-8.693121910095215,1760.1299285888672,1583.4044218063354,1712.0000839233398,1494.4301843643188,33.5,28.5,1,1,0,0
1783872659399018100,2026-07-13 00:10:59.399018,2.586871862411499,-8.760895729064941,1692.1165466308594,1616.053581237793,1700.5125045776367,1494.4301843643188,33.0,35.5,1,1,0,0
1783872659439309000,2026-07-13 00:10:59.439309,2.6493582725524902,-8.525508880615234,1696.1332321166992,1549.2208003997803,1701.2517929077148,1494.4301843643188,39.0,31.0,1,1,0,0
1783872659469821500,2026-07-13 00:10:59.469821,2.5610315799713135,-9.16318416595459,1793.0152893066406,1628.484606742859,1712.0000839233398,1549.2208003997803,38.5,27.5,1,1,0,0
1783872659499772800,2026-07-13 00:10:59.499773,2.5612714290618896,-9.424039840698242,1908.254051208496,1667.998194694519,1701.2517929077148,1549.2208003997803,36.5,43.0,1,1,0,0
1783872659533829500,2026-07-13 00:10:59.533829,2.3024227619171143,-6.4937005043029785,1672.4788665771484,1227.3708581924438,1701.2517929077148,1494.4301843643188,36.5,29.5,1,1,0,0
1783872659576784900,2026-07-13 00:10:59.576785,2.5419750213623047,-6.852654933929443,1633.5636138916016,1282.567858695984,1701.2517929077148,1549.2208003997803,44.0,33.0,1,1,0,0
1783872659607381100,2026-07-13 00:10:59.607381,2.4201204776763916,-4.788970470428467,1617.5416946411133,819.2631602287292,1701.2517929077148,1494.4301843643188,42.5,38.5,1,1,0,0
1783872659642318300,2026-07-13 00:10:59.642318,2.655081033706665,-6.4368577003479,1640.907859802246,1127.1436214447021,1672.4788665771484,1282.567858695984,34.5,40.0,1,1,0,0
1783872659671460600,2026-07-13 00:10:59.671461,2.6255829334259033,-5.007455348968506,1510.6430053710938,859.2467904090881,1640.907859802246,1282.567858695984,33.5,39.0,1,1,0,0
1783872659704109000,2026-07-13 00:10:59.704109,2.7554948329925537,-5.142879962921143,1521.3021278381348,840.0192260742188,1640.907859802246,1127.1436214447021,43.5,38.5,1,1,0,0
1783872659739910800,2026-07-13 00:10:59.739911,2.589165687561035,-5.341895580291748,1582.785701751709,887.4982595443726,1640.907859802246,1127.1436214447021,43.0,42.0,1,1,0,0
1783872659778004100,2026-07-13 00:10:59.778004,2.689100503921509,-5.3290791511535645,1556.4640998840332,874.4833469390869,1582.785701751709,887.4982595443726,37.5,38.5,1,1,0,0
1783872659807103300,2026-07-13 00:10:59.807103,2.747257947921753,-4.734297752380371,1416.3698196411133,810.0071549415588,1582.785701751709,887.4982595443726,43.5,37.0,1,1,0,0
1783872659839524900,2026-07-13 00:10:59.839525,2.7874162197113037,-5.262566089630127,1476.8390655517578,888.090193271637,1582.785701751709,888.090193271637,37.5,38.0,1,1,0,0
1783872659872345700,2026-07-13 00:10:59.872346,2.7874162197113037,-5.262566089630127,1476.8390655517578,888.090193271637,1556.4640998840332,887.4982595443726,47.0,35.0,1,1,0,0
1783872659905366300,2026-07-13 00:10:59.905366,2.7874162197113037,-5.262566089630127,1476.8390655517578,888.090193271637,1476.8390655517578,888.090193271637,41.0,44.0,1,1,0,0
1783872659936882000,2026-07-13 00:10:59.936882,2.881486654281616,-5.236100673675537,1437.7985954284668,907.0994853973389,1476.8390655517578,888.090193271637,46.5,44.0,1,1,0,0
1783872659967154600,2026-07-13 00:10:59.967155,2.8950953483581543,-5.2681708335876465,1393.7867164611816,951.6910910606384,1476.8390655517578,888.090193271637,43.5,37.5,1,1,0,0
1783872660002127100,2026-07-13 00:11:00.002127,2.9333627223968506,-5.891718864440918,1321.9415664672852,1040.5232906341553,1476.8390655517578,888.090193271637,42.5,34.5,1,1,0,0
1783872660037122800,2026-07-13 00:11:00.037123,2.9094953536987305,-5.558764457702637,1346.88720703125,991.3445711135864,1437.7985954284668,907.0994853973389,46.0,39.0,1,1,0,0
1783872660067273600,2026-07-13 00:11:00.067274,2.9946353435516357,-5.689951419830322,1376.872444152832,1003.206729888916,1393.7867164611816,951.6910910606384,53.0,38.5,1,1,0,0
1783872660106325300,2026-07-13 00:11:00.106325,3.0216662883758545,-5.698944568634033,1430.5418014526367,996.9445466995239,1430.5418014526367,991.3445711135864,53.0,37.0,1,1,0,0
1783872660149437300,2026-07-13 00:11:00.149437,3.0793588161468506,-5.719672679901123,1405.6888580322266,1007.0079565048218,1405.6888580322266,991.3445711135864,46.0,41.5,1,1,0,0
1783872660184779100,2026-07-13 00:11:00.184779,3.0793588161468506,-5.719672679901123,1405.6888580322266,1007.0079565048218,1405.6888580322266,996.9445466995239,46.0,37.0,1,1,0,0
1783872660216079000,2026-07-13 00:11:00.216079,3.1184351444244385,-6.03087854385376,1418.4250831604004,1042.489767074585,1418.4250831604004,996.9445466995239,54.0,40.0,1,1,0,0
1783872660241216300,2026-07-13 00:11:00.241216,3.102978467941284,-6.255898952484131,1522.5082397460938,987.1930480003357,1405.6888580322266,991.3445711135864,46.5,42.0,1,1,0,0
1783872660271782300,2026-07-13 00:11:00.271782,3.150280475616455,-6.776669025421143,1512.6667022705078,1082.3702812194824,1418.4250831604004,996.9445466995239,42.5,43.5,1,1,0,0
1783872660311708800,2026-07-13 00:11:00.311709,3.162010908126831,-6.570312023162842,1479.9226760864258,1056.5710067749023,1418.4250831604004,996.9445466995239,43.0,46.0,1,1,0,0
1783872660347921000,2026-07-13 00:11:00.347921,3.153118371963501,-6.365306377410889,1495.9281921386719,1035.525918006897,1479.9226760864258,996.9445466995239,42.5,43.0,1,1,0,0
1783872660387994900,2026-07-13 00:11:00.387995,3.1006033420562744,-6.175867080688477,1492.2225952148438,1041.0257577896118,1479.9226760864258,1035.525918006897,42.5,42.5,1,1,0,0
1783872660418384700,2026-07-13 00:11:00.418385,3.085364580154419,-5.406352519989014,1483.2918167114258,970.1988101005554,1479.9226760864258,996.9445466995239,43.0,40.5,1,1,0,0
1783872660454547300,2026-07-13 00:11:00.454547,2.949265956878662,-5.240295886993408,1422.2031593322754,952.397346496582,1479.9226760864258,996.9445466995239,43.0,39.0,1,1,0,0
1783872660489670700,2026-07-13 00:11:00.489671,3.0380961894989014,-6.2664361000061035,1466.0798072814941,1076.1206150054932,1479.9226760864258,1035.525918006897,43.0,33.0,1,1,0,0
1783872660529243100,2026-07-13 00:11:00.529243,2.9760096073150635,-6.130480766296387,1497.4008560180664,1097.1037149429321,1479.9226760864258,996.9445466995239,43.0,33.0,1,1,0,0
1783872660570987700,2026-07-13 00:11:00.570988,2.868529796600342,-4.775519371032715,1405.9380531311035,943.9786672592163,1479.9226760864258,996.9445466995239,42.5,34.5,1,1,0,0
1783872660605657400,2026-07-13 00:11:00.605657,2.752237319946289,-4.924481391906738,1387.6912117004395,968.8861966133118,1479.9226760864258,996.9445466995239,46.5,39.0,1,1,0,0
1783872660645717400,2026-07-13 00:11:00.645718,2.7160751819610596,-5.349722862243652,1488.5754585266113,1039.084792137146,1479.9226760864258,996.9445466995239,46.0,40.5,1,1,0,0
1783872660678909200,2026-07-13 00:11:00.678909,3.069044828414917,-6.7156476974487305,1371.299171447754,1153.5742282867432,1479.9226760864258,996.9445466995239,42.0,39.5,1,1,0,0
1783872660708317000,2026-07-13 00:11:00.708317,2.6922647953033447,-9.577649116516113,1308.792495727539,1691.0138130187988,1479.9226760864258,996.9445466995239,38.5,25.0,1,1,0,0
1783872660741029800,2026-07-13 00:11:00.741030,2.4473023414611816,-7.944303512573242,1437.5313758850098,1537.4020338058472,1479.9226760864258,1039.084792137146,27.5,22.5,1,1,0,0
1783872660776846000,2026-07-13 00:11:00.776846,2.170464515686035,-6.954042911529541,1329.652500152588,1400.6097316741943,1437.5313758850098,1153.5742282867432,28.0,10.0,1,1,0,0
1783872660829819800,2026-07-13 00:11:00.829820,2.436378240585327,-8.314446449279785,1477.3125648498535,1593.3775901794434,1477.3125648498535,1400.6097316741943,21.0,19.5,1,1,0,0
1783872660862693800,2026-07-13 00:11:00.862694,2.393385171890259,-7.298824787139893,1492.7299499511719,1435.8819723129272,1479.9226760864258,1400.6097316741943,22.5,20.0,1,1,0,0
1783872660918070100,2026-07-13 00:11:00.918070,2.496967315673828,-8.013297080993652,1487.785816192627,1547.2842454910278,1477.3125648498535,1400.6097316741943,21.5,19.5,1,1,0,0
1783872660959045400,2026-07-13 00:11:00.959045,2.354194164276123,-7.6574482917785645,1404.4581413269043,1502.7742385864258,1477.3125648498535,1435.8819723129272,26.5,24.5,1,1,0,0
1783872661013340600,2026-07-13 00:11:01.013341,2.2665903568267822,-6.890581130981445,1325.8224487304688,1324.601173400879,1477.3125648498535,1400.6097316741943,26.5,21.0,1,1,0,0
1783872661036231600,2026-07-13 00:11:01.036232,2.2907328605651855,-6.323610782623291,1256.9260597229004,1198.2030868530273,1477.3125648498535,1400.6097316741943,26.5,38.5,1,1,0,0
1783872661071901600,2026-07-13 00:11:01.071902,2.2685959339141846,-7.114959716796875,1265.547275543213,1292.4827337265015,1404.4581413269043,1400.6097316741943,26.5,29.5,1,1,0,0
1783872661104638700,2026-07-13 00:11:01.104639,2.8401682376861572,-7.089007377624512,1515.6617164611816,1263.5068893432617,1477.3125648498535,1324.601173400879,36.5,35.5,1,1,0,0
1783872661150282600,2026-07-13 00:11:01.150282,2.6199440956115723,-6.319214344024658,1639.6820068359375,1175.1912832260132,1477.3125648498535,1292.4827337265015,36.0,37.5,1,1,0,0
1783872661187824900,2026-07-13 00:11:01.187825,2.6956825256347656,-6.372369289398193,1636.0967636108398,1162.3772382736206,1477.3125648498535,1292.4827337265015,34.0,42.0,1,1,0,0
1783872661224202600,2026-07-13 00:11:01.224202,2.8801305294036865,-6.020719051361084,1511.2564086914062,1110.2818250656128,1511.2564086914062,1263.5068893432617,41.5,33.5,1,1,0,0
1783872661260133900,2026-07-13 00:11:01.260134,2.7517950534820557,-5.9221086502075195,1570.3569412231445,1118.1353330612183,1511.2564086914062,1175.1912832260132,31.5,38.0,1,1,0,0
1783872661298057400,2026-07-13 00:11:01.298058,2.328538417816162,-5.769083499908447,1775.7482528686523,1075.6971836090088,1511.2564086914062,1162.3772382736206,31.5,44.5,1,1,0,0
1783872661332371700,2026-07-13 00:11:01.332372,2.332937002182007,-6.170513153076172,1824.6984481811523,1129.4565200805664,1511.2564086914062,1129.4565200805664,31.0,40.5,1,1,0,0
1783872661363078300,2026-07-13 00:11:01.363078,2.5597264766693115,-6.446279048919678,1858.836555480957,1154.6165943145752,1570.3569412231445,1154.6165943145752,31.0,32.5,1,1,0,0
1783872661393331800,2026-07-13 00:11:01.393332,2.6186482906341553,-7.221311092376709,1798.8716125488281,1272.7032899856567,1775.7482528686523,1162.3772382736206,36.5,34.0,1,1,0,0
1783872661426988600,2026-07-13 00:11:01.426989,2.6511685848236084,-6.783371448516846,1779.6411514282227,1189.444899559021,1779.6411514282227,1154.6165943145752,39.5,31.0,1,1,0,0
1783872661457209100,2026-07-13 00:11:01.457209,2.7216670513153076,-7.226954936981201,1636.688232421875,1322.2891092300415,1636.688232421875,1162.3772382736206,41.5,34.0,1,1,0,0
1783872661490028900,2026-07-13 00:11:01.490029,2.787764549255371,-6.426737308502197,1605.1984786987305,1203.9391994476318,1775.7482528686523,1189.444899559021,46.0,31.0,1,1,0,0
1783872661525469300,2026-07-13 00:11:01.525469,2.9244658946990967,-7.587841987609863,1717.3040390014648,1317.9786205291748,1717.3040390014648,1189.444899559021,46.0,39.0,1,1,0,0
1783872661556201800,2026-07-13 00:11:01.556202,2.699103355407715,-7.965888023376465,1777.9510498046875,1402.8102159500122,1717.3040390014648,1203.9391994476318,56.5,27.5,1,1,0,0
1783872661599563400,2026-07-13 00:11:01.599564,2.584869146347046,-7.4443583488464355,1755.0823211669922,1331.2543630599976,1755.0823211669922,1203.9391994476318,42.5,43.5,1,1,0,0
1783872661633881100,2026-07-13 00:11:01.633881,2.820308208465576,-7.233565807342529,1608.9115142822266,1286.12220287323,1717.3040390014648,1286.12220287323,43.0,36.5,1,1,0,0
1783872661673036600,2026-07-13 00:11:01.673037,2.7763116359710693,-7.103038787841797,1638.2919311523438,1282.6052904129028,1717.3040390014648,1282.6052904129028,46.0,26.5,1,1,0,0
1783872661705250700,2026-07-13 00:11:01.705251,3.017953634262085,-6.9501752853393555,1662.1789932250977,1237.6943826675415,1717.3040390014648,1237.6943826675415,51.5,34.5,1,1,0,0
1783872661735708400,2026-07-13 00:11:01.735708,2.8354880809783936,-6.767411708831787,1538.206958770752,1219.0572023391724,1662.1789932250977,1282.6052904129028,57.5,28.0,1,1,0,0
1783872661764894300,2026-07-13 00:11:01.764894,2.781095504760742,-7.1269354820251465,1607.9401016235352,1264.748454093933,1662.1789932250977,1264.748454093933,53.5,29.5,1,1,0,0
1783872661795305700,2026-07-13 00:11:01.795306,2.521385431289673,-6.745914459228516,1766.0579681396484,1186.7936849594116,1717.3040390014648,1237.6943826675415,42.5,41.5,1,1,0,0
1783872661823418400,2026-07-13 00:11:01.823418,3.185593843460083,-6.845333576202393,1612.2631072998047,1132.9843997955322,1662.1789932250977,1237.6943826675415,53.0,36.0,1,1,0,0
1783872661853509900,2026-07-13 00:11:01.853510,2.8693313598632812,-6.807815074920654,1676.5495300292969,1184.828758239746,1662.1789932250977,1237.6943826675415,54.0,27.0,1,1,0,0
1783872661885753000,2026-07-13 00:11:01.885753,2.8623850345611572,-6.427608966827393,1696.5065002441406,1098.3316898345947,1696.5065002441406,1186.7936849594116,43.0,31.5,1,1,0,0
1783872661918949100,2026-07-13 00:11:01.918949,3.1068356037139893,-6.539460182189941,1684.1325759887695,1095.493197441101,1676.5495300292969,1184.828758239746,46.0,34.0,1,1,0,0
1783872661998052600,2026-07-13 00:11:01.998053,3.2422802448272705,-6.214051723480225,1568.2448387145996,1045.728325843811,1662.1789932250977,1184.828758239746,42.0,29.5,1,1,0,0
1783872662025708400,2026-07-13 00:11:02.025708,3.104457139968872,-6.254180431365967,1674.5708465576172,1087.2913599014282,1676.5495300292969,1098.3316898345947,55.5,31.0,1,1,0,0
1783872662054030300,2026-07-13 00:11:02.054030,3.2223737239837646,-7.307814598083496,1736.161231994629,1242.8725957870483,1676.5495300292969,1184.828758239746,54.5,29.0,1,1,0,0
1783872662086892800,2026-07-13 00:11:02.086893,3.19705867767334,-8.258402824401855,1842.136573791504,1357.1916818618774,1676.5495300292969,1184.828758239746,61.0,36.5,1,1,0,0
1783872662127897800,2026-07-13 00:11:02.127898,2.8606464862823486,-8.93493366241455,1838.1925582885742,1490.167737007141,1676.5495300292969,1184.828758239746,56.5,54.0,1,1,0,0
1783872662158106800,2026-07-13 00:11:02.158107,2.794625997543335,-7.50918436050415,1791.2368774414062,1296.7215776443481,1736.161231994629,1242.8725957870483,64.0,48.5,1,1,0,0
1783872662185411400,2026-07-13 00:11:02.185411,3.2044503688812256,-8.026415824890137,1757.3694229125977,1314.6438598632812,1757.3694229125977,1296.7215776443481,60.0,44.0,1,1,0,0
1783872662215220800,2026-07-13 00:11:02.215221,3.180722713470459,-9.079482078552246,1718.4558868408203,1436.587929725647,1718.4558868408203,1296.7215776443481,61.0,39.5,1,1,0,0
1783872662244255900,2026-07-13 00:11:02.244256,2.958109140396118,-7.18206262588501,1688.9766693115234,1242.5180673599243,1736.161231994629,1242.8725957870483,59.5,48.0,1,1,0,0
1783872662273502000,2026-07-13 00:11:02.273502,3.1331217288970947,-7.279030799865723,1633.6137771606445,1230.30686378479,1718.4558868408203,1296.7215776443481,57.0,24.5,1,1,0,0
1783872662344885300,2026-07-13 00:11:02.344885,3.1679394245147705,-6.9124932289123535,1613.7767791748047,1137.5867128372192,1718.4558868408203,1242.8725957870483,51.0,37.0,1,1,0,0
1783872662378870700,2026-07-13 00:11:02.378871,3.1568124294281006,-7.328908443450928,1625.1333236694336,1178.774118423462,1688.9766693115234,1242.5180673599243,54.5,27.0,1,1,0,0
1783872662407975200,2026-07-13 00:11:02.407975,2.9748566150665283,-7.945099353790283,1753.6109924316406,1330.400824546814,1718.4558868408203,1296.7215776443481,55.5,37.0,1,1,0,0
1783872662441176000,2026-07-13 00:11:02.441176,2.706879138946533,-7.67090368270874,1806.6753387451172,1319.2996978759766,1718.4558868408203,1242.8725957870483,52.0,43.5,1,1,0,0
1783872662473035700,2026-07-13 00:11:02.473036,2.916633129119873,-7.621803283691406,1846.1641311645508,1284.9892377853394,1718.4558868408203,1284.9892377853394,62.0,36.0,1,1,0,0
1783872662539251200,2026-07-13 00:11:02.539251,2.896923065185547,-7.448119163513184,1635.1350784301758,1307.7702522277832,1718.4558868408203,1296.7215776443481,46.0,27.0,1,1,0,0
1783872662575081600,2026-07-13 00:11:02.575082,2.5499751567840576,-8.124470710754395,1928.3485412597656,1399.5020389556885,1718.4558868408203,1296.7215776443481,43.0,43.0,1,1,0,0
1783872662611037000,2026-07-13 00:11:02.611037,3.05131459236145,-8.800553321838379,1705.9886932373047,1436.1677169799805,1718.4558868408203,1296.7215776443481,38.0,30.0,1,1,0,0
1783872662643766300,2026-07-13 00:11:02.643766,3.041372060775757,-8.082813262939453,1576.008701324463,1322.1064805984497,1718.4558868408203,1307.7702522277832,47.0,27.0,1,1,0,0
1783872662676225900,2026-07-13 00:11:02.676226,2.964711904525757,-7.867772579193115,1715.3779983520508,1296.5693473815918,1718.4558868408203,1296.7215776443481,38.5,31.0,1,1,0,0
1783872662708311200,2026-07-13 00:11:02.708311,2.578075647354126,-7.582553863525391,1824.6017456054688,1307.060956954956,1718.4558868408203,1307.060956954956,45.5,48.0,1,1,0,0
1783872662743849800,2026-07-13 00:11:02.743850,2.7912914752960205,-7.153299331665039,1532.0387840270996,1219.2168235778809,1718.4558868408203,1307.060956954956,42.0,30.5,1,1,0,0
1783872662778309600,2026-07-13 00:11:02.778310,2.632556200027466,-7.124032020568848,1802.602195739746,1227.9608249664307,1718.4558868408203,1296.7215776443481,42.5,31.5,1,1,0,0
1783872662813333600,2026-07-13 00:11:02.813334,2.9081852436065674,-7.015437126159668,1708.7392807006836,1196.394443511963,1718.4558868408203,1296.7215776443481,46.5,30.0,1,1,0,0
1783872662844135100,2026-07-13 00:11:02.844135,2.622748613357544,-7.104838848114014,1845.1143264770508,1203.7131786346436,1718.4558868408203,1227.9608249664307,41.5,46.0,1,1,0,0
1783872662878030200,2026-07-13 00:11:02.878030,2.5436551570892334,-9.413701057434082,1909.8255157470703,1650.979995727539,1718.4558868408203,1296.7215776443481,31.0,33.5,1,1,0,0
1783872662910954300,2026-07-13 00:11:02.910954,2.7378525733947754,-9.370530128479004,1626.2489318847656,1684.2666864395142,1718.4558868408203,1296.7215776443481,13.0,29.0,1,1,0,0
1783872662944146800,2026-07-13 00:11:02.944147,2.6090586185455322,-9.363926887512207,1634.3446731567383,1648.2503414154053,1718.4558868408203,1296.7215776443481,15.5,27.5,1,1,0,0
1783872662994998400,2026-07-13 00:11:02.994998,2.484912872314453,-9.437010765075684,1764.7825241088867,1698.7546682357788,1718.4558868408203,1648.2503414154053,23.0,19.5,1,1,0,0
1783872663038762900,2026-07-13 00:11:03.038763,2.4005677700042725,-7.649693965911865,1780.9211730957031,1485.8849048614502,1718.4558868408203,1485.8849048614502,23.0,18.5,1,1,0,0
1783872663079923900,2026-07-13 00:11:03.079924,2.7108521461486816,-9.573935508728027,1693.6960220336914,1662.1638536453247,1718.4558868408203,1648.2503414154053,19.5,30.0,1,1,0,0
1783872663123080800,2026-07-13 00:11:03.123081,2.435701847076416,-9.116312026977539,1913.791275024414,1641.9707536697388,1718.4558868408203,1648.2503414154053,20.0,22.0,1,1,0,0
1783872663178550100,2026-07-13 00:11:03.178550,2.8581154346466064,-10.398632049560547,1750.2408981323242,1754.6684741973877,1718.4558868408203,1648.2503414154053,23.0,20.5,1,1,0,0
1783872663213304100,2026-07-13 00:11:03.213304,2.8152105808258057,-10.393402099609375,1739.4737243652344,1775.9921550750732,1718.4558868408203,1648.2503414154053,31.0,21.5,1,1,0,0
1783872663247129400,2026-07-13 00:11:03.247129,2.6516594886779785,-10.023215293884277,1752.9613494873047,1748.0781078338623,1739.4737243652344,1648.2503414154053,26.5,19.0,1,1,0,0
1783872663269397100,2026-07-13 00:11:03.269397,2.6827380657196045,-9.698210716247559,1656.7764282226562,1767.2680616378784,1718.4558868408203,1748.0781078338623,23.5,23.5,1,1,0,0
1783872663324218300,2026-07-13 00:11:03.324218,2.8174612522125244,-9.407011985778809,1681.1897277832031,1699.0375518798828,1718.4558868408203,1699.0375518798828,32.5,17.0,1,1,0,0
1783872663361050700,2026-07-13 00:11:03.361051,2.461656093597412,-8.376351356506348,1600.3522872924805,1567.17848777771,1718.4558868408203,1648.2503414154053,23.0,15.0,1,1,0,0
1783872663396104500,2026-07-13 00:11:03.396104,2.7984120845794678,-10.449529647827148,1538.2884979248047,1841.1879539489746,1681.1897277832031,1748.0781078338623,14.0,17.5,1,1,0,0
1783872663442132400,2026-07-13 00:11:03.442132,2.737032890319824,-8.338974952697754,1744.8747634887695,1561.3869428634644,1718.4558868408203,1699.0375518798828,14.0,26.5,1,1,0,0
1783872663477971000,2026-07-13 00:11:03.477971,2.7567341327667236,-9.916838645935059,1648.1063842773438,1759.2494487762451,1681.1897277832031,1699.0375518798828,10.5,18.0,1,1,0,0
1783872663512722500,2026-07-13 00:11:03.512722,2.9187114238739014,-10.855324745178223,1569.508171081543,1812.4525547027588,1681.1897277832031,1748.0781078338623,13.5,26.0,1,1,0,0
1783872663547069800,2026-07-13 00:11:03.547070,2.8727529048919678,-10.515905380249023,1824.417495727539,1793.9363718032837,1718.4558868408203,1748.0781078338623,27.0,19.0,1,1,0,0
1783872663580022300,2026-07-13 00:11:03.580022,2.9768035411834717,-10.637986183166504,1564.747428894043,1790.0844812393188,1681.1897277832031,1759.2494487762451,17.0,20.5,1,1,0,0
1783872663618998000,2026-07-13 00:11:03.618998,3.0676429271698,-10.873878479003906,1504.6321868896484,1801.4400005340576,1681.1897277832031,1790.0844812393188,14.5,23.0,1,1,0,0
1783872663651421500,2026-07-13 00:11:03.651422,3.0139501094818115,-10.78707504272461,1509.1361999511719,1801.1913299560547,1681.1897277832031,1790.0844812393188,20.0,20.0,1,1,0,0
1783872663684400900,2026-07-13 00:11:03.684401,2.815721273422241,-9.761080741882324,1455.167293548584,1665.5924320220947,1564.747428894043,1759.2494487762451,19.5,17.0,1,1,0,0
1783872663718993100,2026-07-13 00:11:03.718993,2.6252777576446533,-9.677325248718262,1666.2858963012695,1656.231164932251,1666.2858963012695,1790.0844812393188,22.5,21.5,1,1,0,0
1783872663752389900,2026-07-13 00:11:03.752390,2.624004364013672,-8.290177345275879,1701.4179229736328,1432.868242263794,1681.1897277832031,1759.2494487762451,32.5,25.0,1,1,0,0
1783872663798738100,2026-07-13 00:11:03.798738,2.751054525375366,-8.526192665100098,1697.186279296875,1454.9634456634521,1666.2858963012695,1665.5924320220947,27.0,31.5,1,1,0,0
1783872663833203500,2026-07-13 00:11:03.833204,2.64247727394104,-7.676774024963379,1685.7732772827148,1362.4578714370728,1681.1897277832031,1656.231164932251,28.5,28.0,1,1,0,0
1783872663865449100,2026-07-13 00:11:03.865449,2.9015614986419678,-8.060154914855957,1709.9403381347656,1352.5183200836182,1685.7732772827148,1454.9634456634521,32.5,32.0,1,1,0,0
1783872663895200000,2026-07-13 00:11:03.895200,2.894333839416504,-7.613996505737305,1725.64697265625,1300.4779815673828,1685.7732772827148,1454.9634456634521,41.0,31.5,1,1,0,0
1783872663930938700,2026-07-13 00:11:03.930939,2.7310893535614014,-7.3865647315979,1711.3693237304688,1290.6875610351562,1685.7732772827148,1362.4578714370728,41.0,28.0,1,1,0,0
1783872663966499200,2026-07-13 00:11:03.966499,2.8972558975219727,-7.744200229644775,1722.7949142456055,1306.695818901062,1709.9403381347656,1352.5183200836182,39.5,26.0,1,1,0,0
1783872664003721200,2026-07-13 00:11:04.003721,2.802095890045166,-8.14759635925293,1743.4003829956055,1361.9638681411743,1711.3693237304688,1361.9638681411743,41.0,28.0,1,1,0,0
1783872664035975300,2026-07-13 00:11:04.035975,3.0712811946868896,-8.236087799072266,1730.7600021362305,1291.2800312042236,1711.3693237304688,1352.5183200836182,50.5,36.0,1,1,0,0
1783872664071620200,2026-07-13 00:11:04.071620,3.047959327697754,-8.263445854187012,1685.567283630371,1322.3330974578857,1709.9403381347656,1352.5183200836182,42.0,26.5,1,1,0,0
1783872664105011400,2026-07-13 00:11:04.105011,3.0644891262054443,-8.453003883361816,1757.8046798706055,1331.00426197052,1711.3693237304688,1352.5183200836182,59.5,34.5,1,1,0,0
1783872664199709000,2026-07-13 00:11:04.199709,3.174844741821289,-8.385741233825684,1651.9350051879883,1341.6088819503784,1711.3693237304688,1341.6088819503784,55.5,34.5,1,1,0,0
1783872664232993300,2026-07-13 00:11:04.232993,3.137819766998291,-9.190007209777832,1724.4331359863281,1481.683611869812,1711.3693237304688,1352.5183200836182,59.0,35.5,1,1,0,0
1783872664264201500,2026-07-13 00:11:04.264201,2.8859736919403076,-8.172647476196289,1757.8710556030273,1367.4641847610474,1711.3693237304688,1352.5183200836182,60.5,47.5,1,1,0,0
1783872664295031000,2026-07-13 00:11:04.295031,2.9714229106903076,-8.789039611816406,1876.007080078125,1410.6273651123047,1711.3693237304688,1352.5183200836182,72.5,35.5,1,1,0,0
1783872664327922200,2026-07-13 00:11:04.327922,2.9174840450286865,-8.8495454788208,1960.512924194336,1397.550344467163,1724.4331359863281,1367.4641847610474,61.0,51.0,1,1,0,0
1783872664359627900,2026-07-13 00:11:04.359628,2.9561424255371094,-8.694101333618164,1879.5469284057617,1400.0343084335327,1757.8710556030273,1367.4641847610474,61.0,46.5,1,1,0,0
1783872664390165700,2026-07-13 00:11:04.390166,2.755016565322876,-8.759028434753418,2027.7530670166016,1384.5230340957642,1876.007080078125,1384.5230340957642,61.0,43.5,1,1,0,0
1783872664419733900,2026-07-13 00:11:04.419734,2.965174674987793,-7.143707752227783,1802.153205871582,1140.3905153274536,1802.153205871582,1367.4641847610474,62.5,36.0,1,1,0,0
1783872664451162600,2026-07-13 00:11:04.451163,2.9783318042755127,-7.381272315979004,1875.412940979004,1158.5060358047485,1875.412940979004,1367.4641847610474,60.0,32.0,1,1,0,0
1783872664485084500,2026-07-13 00:11:04.485085,3.1017849445343018,-8.239416122436523,1902.9409408569336,1266.2038803100586,1876.007080078125,1367.4641847610474,46.5,35.0,1,1,0,0
1783872664522624300,2026-07-13 00:11:04.522624,3.0789573192596436,-7.936534881591797,1892.7434921264648,1229.2203903198242,1875.412940979004,1266.2038803100586,47.5,34.0,1,1,0,0
1783872664563231100,2026-07-13 00:11:04.563231,2.9382622241973877,-8.37535572052002,1969.7345733642578,1277.3797512054443,1876.007080078125,1277.3797512054443,54.5,34.0,1,1,0,0
1783872664596846300,2026-07-13 00:11:04.596846,2.857654571533203,-8.095088005065918,2028.7059783935547,1238.2924556732178,1892.7434921264648,1266.2038803100586,59.0,33.5,1,1,0,0
1783872664630818500,2026-07-13 00:11:04.630819,2.8011221885681152,-8.497361183166504,2079.668617248535,1309.5074892044067,1892.7434921264648,1266.2038803100586,61.0,39.0,1,1,0,0
1783872664663283200,2026-07-13 00:11:04.663283,2.720003843307495,-7.724271774291992,2034.366798400879,1242.318034172058,1969.7345733642578,1266.2038803100586,55.0,34.5,1,1,0,0
1783872664693102000,2026-07-13 00:11:04.693102,2.735640287399292,-7.334664344787598,2002.0780563354492,1185.7494115829468,2002.0780563354492,1266.2038803100586,58.5,35.5,1,1,0,0
1783872664723253900,2026-07-13 00:11:04.723254,2.7634613513946533,-7.974806308746338,1919.955062866211,1346.5949296951294,1919.955062866211,1266.2038803100586,51.0,42.5,1,1,0,0
1783872664765937700,2026-07-13 00:11:04.765938,2.6216208934783936,-7.3465256690979,1892.4962997436523,1280.5025577545166,1969.7345733642578,1266.2038803100586,53.5,35.0,1,1,0,0
1783872664797052100,2026-07-13 00:11:04.797052,2.5932998657226562,-6.897805690765381,1886.9512557983398,1201.4033794403076,1919.955062866211,1266.2038803100586,54.5,38.5,1,1,0,0
1783872664827980000,2026-07-13 00:11:04.827980,3.0731678009033203,-7.627169132232666,1656.9766998291016,1249.6238946914673,1919.955062866211,1266.2038803100586,39.5,41.0,1,1,0,0
1783872664862344100,2026-07-13 00:11:04.862344,2.850736141204834,-7.231225490570068,1857.7472686767578,1197.4598169326782,1892.4962997436523,1266.2038803100586,36.0,35.5,1,1,0,0
1783872664895344800,2026-07-13 00:11:04.895345,2.6701414585113525,-5.771185398101807,1785.3952407836914,1005.5115222930908,1886.9512557983398,1249.6238946914673,49.0,37.5,1,1,0,0
1783872664925557700,2026-07-13 00:11:04.925558,2.7414774894714355,-5.994889736175537,1778.0946731567383,1038.5963916778564,1857.7472686767578,1249.6238946914673,40.5,34.5,1,1,0,0
1783872664957059400,2026-07-13 00:11:04.957059,3.124302625656128,-6.343625545501709,1605.4914474487305,1059.5643520355225,1857.7472686767578,1197.4598169326782,61.0,39.0,1,1,0,0
1783872664989453200,2026-07-13 00:11:04.989453,3.0808918476104736,-6.762855529785156,1644.6535110473633,1134.4125270843506,1785.3952407836914,1134.4125270843506,51.5,39.0,1,1,0,0
1783872665056833000,2026-07-13 00:11:05.056833,3.0696396827697754,-6.474462032318115,1681.6143035888672,1097.6125001907349,1778.0946731567383,1134.4125270843506,50.0,33.5,1,1,0,0
1783872665085468300,2026-07-13 00:11:05.085469,3.0704572200775146,-5.933308124542236,1601.418685913086,990.1642799377441,1681.6143035888672,1134.4125270843506,40.5,33.5,1,1,0,0
1783872665128252400,2026-07-13 00:11:05.128253,2.7856037616729736,-5.2213850021362305,1411.5525245666504,964.7660255432129,1681.6143035888672,1134.4125270843506,51.5,38.5,1,1,0,0
1783872665162777200,2026-07-13 00:11:05.162777,2.770526170730591,-5.079477787017822,1423.3465194702148,943.4641003608704,1681.6143035888672,1097.6125001907349,51.5,33.5,1,1,0,0
1783872665196188800,2026-07-13 00:11:05.196189,2.667489767074585,-5.506942272186279,1625.2525329589844,1005.9411525726318,1625.2525329589844,1005.9411525726318,45.0,33.5,1,1,0,0
1783872665229499600,2026-07-13 00:11:05.229500,2.6167209148406982,-5.937372207641602,1761.4311218261719,1021.7548608779907,1681.6143035888672,1021.7548608779907,40.5,38.5,1,1,0,0
1783872665265950000,2026-07-13 00:11:05.265950,2.809072256088257,-7.893576622009277,1868.4074401855469,1228.5869121551514,1681.6143035888672,1097.6125001907349,48.0,40.0,1,1,0,0
1783872665298333500,2026-07-13 00:11:05.298333,2.89428448677063,-8.253510475158691,1910.4909896850586,1296.127438545227,1681.6143035888672,1021.7548608779907,60.0,51.5,1,1,0,0
1783872665336343500,2026-07-13 00:11:05.336344,2.774122953414917,-8.101128578186035,1777.7334213256836,1382.2907209396362,1761.4311218261719,1097.6125001907349,54.5,48.5,1,1,0,0
1783872665373511300,2026-07-13 00:11:05.373511,2.976938009262085,-7.524824142456055,1811.650276184082,1204.9493789672852,1777.7334213256836,1204.9493789672852,64.0,43.5,1,1,0,0
1783872665403707700,2026-07-13 00:11:05.403708,3.056508779525757,-7.199650764465332,1733.1878662109375,1137.5664472579956,1733.1878662109375,1137.5664472579956,59.5,47.5,1,1,0,0
1783872665436825300,2026-07-13 00:11:05.436825,2.9507014751434326,-6.810948371887207,1746.3861465454102,1085.3474140167236,1761.4311218261719,1097.6125001907349,59.0,45.5,1,1,0,0
1783872665471608000,2026-07-13 00:11:05.471608,3.004781484603882,-7.1592512130737305,1795.6369400024414,1140.8416032791138,1777.7334213256836,1140.8416032791138,59.5,39.5,1,1,0,0
1783872665504744000,2026-07-13 00:11:05.504744,2.7745578289031982,-6.3291778564453125,1887.0716094970703,1059.6702098846436,1761.4311218261719,1137.5664472579956,58.0,36.5,1,1,0,0
1783872665538008500,2026-07-13 00:11:05.538009,2.7677173614501953,-6.19665002822876,1858.9414596557617,1030.8167934417725,1777.7334213256836,1097.6125001907349,51.0,34.5,1,1,0,0
1783872665575003600,2026-07-13 00:11:05.575004,2.684532880783081,-5.542975902557373,1855.307388305664,993.0065870285034,1795.6369400024414,1097.6125001907349,46.5,32.0,1,1,0,0
1783872665610853600,2026-07-13 00:11:05.610854,2.676872491836548,-7.578532695770264,2033.1388473510742,1262.5148296356201,1855.307388305664,1137.5664472579956,46.5,41.0,1,1,0,0
1783872665644924800,2026-07-13 00:11:05.644925,2.579836845397949,-8.7113676071167,1805.7281494140625,1555.0528764724731,1805.7281494140625,1097.6125001907349,39.5,28.5,1,1,0,0
1783872665677813600,2026-07-13 00:11:05.677814,2.3643152713775635,-8.388662338256836,1754.788589477539,1521.596908569336,1795.6369400024414,1137.5664472579956,23.0,23.0,1,1,0,0
1783872665712043200,2026-07-13 00:11:05.712043,2.408677577972412,-7.680708408355713,1691.4199829101562,1471.1099863052368,1805.7281494140625,1262.5148296356201,19.5,23.0,1,1,0,0
1783872665767759100,2026-07-13 00:11:05.767759,2.431683301925659,-8.858782768249512,1617.2637939453125,1604.3646335601807,1795.6369400024414,1471.1099863052368,20.0,26.5,1,1,0,0
1783872665813666200,2026-07-13 00:11:05.813666,2.4547317028045654,-7.894519805908203,1573.6973762512207,1519.5212364196777,1754.788589477539,1471.1099863052368,19.0,22.0,1,1,0,0
1783872665855755400,2026-07-13 00:11:05.855756,2.574897527694702,-9.111397743225098,1680.0403594970703,1668.1978702545166,1691.4199829101562,1471.1099863052368,22.5,29.5,1,1,0,0
1783872665890123400,2026-07-13 00:11:05.890124,2.4256062507629395,-7.92115592956543,1518.376064300537,1466.7671918869019,1680.0403594970703,1471.1099863052368,34.5,21.5,1,1,0,0
1783872665943630800,2026-07-13 00:11:05.943631,2.8922107219696045,-7.424646854400635,1548.9326477050781,1348.7578630447388,1680.0403594970703,1471.1099863052368,27.5,36.5,1,1,0,0
1783872665978059700,2026-07-13 00:11:05.978060,3.0181024074554443,-8.311392784118652,1638.4943008422852,1419.4666147232056,1680.0403594970703,1471.1099863052368,36.5,44.5,1,1,0,0
1783872666021320300,2026-07-13 00:11:06.021320,2.982943296432495,-7.7500996589660645,1677.5924682617188,1343.36256980896,1677.5924682617188,1466.7671918869019,43.0,40.5,1,1,0,0
1783872666044460000,2026-07-13 00:11:06.044460,2.9272420406341553,-6.952611446380615,1698.6600875854492,1225.1441478729248,1680.0403594970703,1419.4666147232056,38.0,33.0,1,1,0,0
1783872666079947600,2026-07-13 00:11:06.079947,2.9272420406341553,-6.952611446380615,1698.6600875854492,1225.1441478729248,1680.0403594970703,1419.4666147232056,39.5,37.0,1,1,0,0
1783872666120106800,2026-07-13 00:11:06.120107,3.0315582752227783,-7.896932601928711,1759.3137741088867,1362.805724143982,1680.0403594970703,1362.805724143982,42.0,29.5,1,1,0,0
1783872666156554300,2026-07-13 00:11:06.156554,2.9247372150421143,-7.993264675140381,1911.2295150756836,1330.801010131836,1698.6600875854492,1362.805724143982,42.5,27.5,1,1,0,0
1783872666189482600,2026-07-13 00:11:06.189482,2.940361261367798,-7.896315097808838,1971.6922760009766,1283.7069034576416,1698.6600875854492,1362.805724143982,45.5,32.5,1,1,0,0
1783872666231035900,2026-07-13 00:11:06.231036,3.0746219158172607,-7.493635654449463,1885.4318618774414,1229.790449142456,1759.3137741088867,1362.805724143982,46.0,28.0,1,1,0,0
1783872666269533700,2026-07-13 00:11:06.269534,2.935302734375,-7.257079601287842,1710.0276947021484,1258.4898471832275,1710.0276947021484,1330.801010131836,50.0,29.0,1,1,0,0
1783872666307957000,2026-07-13 00:11:06.307957,2.8122174739837646,-7.481895446777344,1991.468620300293,1267.1544551849365,1759.3137741088867,1283.7069034576416,49.5,35.0,1,1,0,0
1783872666351342500,2026-07-13 00:11:06.351343,2.858292579650879,-8.966752052307129,1841.4981842041016,1518.9063549041748,1759.3137741088867,1362.805724143982,43.0,49.0,1,1,0,0
1783872666396725000,2026-07-13 00:11:06.396725,3.191969633102417,-6.84421968460083,1494.4847106933594,1196.081519126892,1710.0276947021484,1283.7069034576416,35.0,28.0,1,1,0,0
1783872666433771600,2026-07-13 00:11:06.433772,3.0574896335601807,-6.963747501373291,1585.2069854736328,1236.6842031478882,1759.3137741088867,1283.7069034576416,44.0,36.5,1,1,0,0
1783872666457965300,2026-07-13 00:11:06.457965,3.0226662158966064,-7.394490718841553,1721.9318389892578,1262.8247737884521,1721.9318389892578,1283.7069034576416,39.5,39.5,1,1,0,0
1783872666489689500,2026-07-13 00:11:06.489690,2.7781267166137695,-7.404906272888184,1751.2676239013672,1313.3004903793335,1721.9318389892578,1283.7069034576416,36.5,38.0,1,1,0,0
1783872666522917300,2026-07-13 00:11:06.522917,2.8758270740509033,-7.02085542678833,1753.3048629760742,1213.1727933883667,1753.3048629760742,1283.7069034576416,43.0,38.5,1,1,0,0
1783872666568995400,2026-07-13 00:11:06.568995,2.684453248977661,-6.671281337738037,1805.9289932250977,1171.6755628585815,1751.2676239013672,1283.7069034576416,44.5,36.0,1,1,0,0
1783872666600874100,2026-07-13 00:11:06.600874,2.419006586074829,-6.9807658195495605,1861.5150451660156,1184.5184564590454,1753.3048629760742,1283.7069034576416,59.5,33.5,1,1,0,0
1783872666642443200,2026-07-13 00:11:06.642443,2.7429492473602295,-6.678555965423584,1889.046859741211,1132.594347000122,1753.3048629760742,1213.1727933883667,56.5,47.5,1,1,0,0
1783872666679631700,2026-07-13 00:11:06.679632,2.7539970874786377,-6.757970809936523,1765.3526306152344,1129.3331384658813,1765.3526306152344,1184.5184564590454,42.5,38.5,1,1,0,0
1783872666713317900,2026-07-13 00:11:06.713318,2.565809488296509,-7.924271106719971,1783.7465286254883,1406.5977334976196,1765.3526306152344,1283.7069034576416,40.0,38.0,1,1,0,0
1783872666747850100,2026-07-13 00:11:06.747850,1.7670526504516602,-11.690802574157715,870.3608512878418,1862.4314069747925,1753.3048629760742,1213.1727933883667,7.0,4.0,1,1,0,0
1783872666783563000,2026-07-13 00:11:06.783563,1.478394627571106,-11.004082679748535,1027.5304794311523,1885.484218597412,1765.3526306152344,1283.7069034576416,5.5,10.5,1,1,0,0
1783872666817969800,2026-07-13 00:11:06.817970,1.5230263471603394,-11.621746063232422,886.3788604736328,1904.4004678726196,1753.3048629760742,1406.5977334976196,5.0,3.0,1,1,0,0
1783872666853206700,2026-07-13 00:11:06.853207,1.722680926322937,-8.993021011352539,1322.8734016418457,1652.1657705307007,1322.8734016418457,1652.1657705307007,15.0,11.5,1,1,0,0
1783872666886229200,2026-07-13 00:11:06.886229,1.815508484840393,-7.722129821777344,1400.9119033813477,1447.086215019226,1400.9119033813477,1447.086215019226,10.5,6.0,1,1,0,0
1783872666971316800,2026-07-13 00:11:06.971317,2.541473865509033,-5.998471736907959,1703.2119750976562,938.9651417732239,1703.2119750976562,1406.5977334976196,36.0,36.5,1,1,0,0
1783872667011947000,2026-07-13 00:11:07.011947,2.915844202041626,-7.715443134307861,1791.4802551269531,1184.5054626464844,1400.9119033813477,1447.086215019226,39.5,52.5,1,1,0,0
1783872667046030200,2026-07-13 00:11:07.046030,2.6658456325531006,-6.22409200668335,1837.0704650878906,1005.7095289230347,1703.2119750976562,1406.5977334976196,33.0,41.5,1,1,0,0
1783872667077495400,2026-07-13 00:11:07.077495,2.553898811340332,-7.301676273345947,1935.6983184814453,1209.3398571014404,1703.2119750976562,1209.3398571014404,41.0,44.0,1,1,0,0
1783872667109683700,2026-07-13 00:11:07.109684,2.885629415512085,-7.213576793670654,1802.838134765625,1193.286418914795,1791.4802551269531,1209.3398571014404,44.5,44.5,1,1,0,0
1783872667144179800,2026-07-13 00:11:07.144180,2.802978515625,-6.657711029052734,1788.2707595825195,1091.3467407226562,1788.2707595825195,1209.3398571014404,43.5,33.5,1,1,0,0
1783872667211096000,2026-07-13 00:11:07.211096,2.864198923110962,-6.33328104019165,1566.4321899414062,1105.4003238677979,1703.2119750976562,1209.3398571014404,43.0,33.0,1,1,0,0
1783872667255262600,2026-07-13 00:11:07.255263,2.8417370319366455,-5.982540607452393,1542.3205375671387,1049.3903160095215,1788.2707595825195,1193.286418914795,43.0,37.0,1,1,0,0
1783872667285227900,2026-07-13 00:11:07.285228,2.9850730895996094,-6.740324020385742,1504.7355651855469,1142.6429748535156,1703.2119750976562,1142.6429748535156,43.0,40.5,1,1,0,0
1783872667307263400,2026-07-13 00:11:07.307263,3.001394033432007,-8.201610565185547,1661.8341445922852,1338.911771774292,1661.8341445922852,1209.3398571014404,57.0,47.0,1,1,0,0
1783872667342365200,2026-07-13 00:11:07.342365,2.8698322772979736,-8.199501037597656,1707.326889038086,1374.515175819397,1707.326889038086,1193.286418914795,54.5,46.0,1,1,0,0
1783872667373589800,2026-07-13 00:11:07.373590,2.9355456829071045,-7.475887775421143,1743.5470581054688,1243.204951286316,1703.2119750976562,1209.3398571014404,66.5,47.0,1,1,0,0
1783872667409740500,2026-07-13 00:11:07.409740,2.9610941410064697,-5.7406768798828125,1560.7959747314453,950.9684443473816,1661.8341445922852,1209.3398571014404,46.5,29.5,1,1,0,0
1783872667441075300,2026-07-13 00:11:07.441075,2.944751024246216,-5.703011989593506,1620.7574844360352,955.3385972976685,1703.2119750976562,1193.286418914795,43.0,45.5,1,1,0,0
1783872667476724800,2026-07-13 00:11:07.476725,3.1476781368255615,-6.679317951202393,1567.4723625183105,1044.8945760726929,1661.8341445922852,1193.286418914795,43.0,43.0,1,1,0,0
1783872667508360000,2026-07-13 00:11:07.508360,3.173083543777466,-6.615029811859131,1586.1695289611816,1029.047131538391,1620.7574844360352,1044.8945760726929,45.0,40.0,1,1,0,0
1783872667551460400,2026-07-13 00:11:07.551460,3.4064736366271973,-6.014264106750488,1631.471061706543,931.4391613006592,1631.471061706543,1044.8945760726929,48.0,37.0,1,1,0,0
1783872667573928500,2026-07-13 00:11:07.573928,3.014381170272827,-6.815535068511963,1682.7760696411133,1108.7677478790283,1661.8341445922852,1108.7677478790283,45.0,48.0,1,1,0,0
1783872667609840300,2026-07-13 00:11:07.609840,3.125410795211792,-6.466080188751221,1700.5098342895508,1053.5411834716797,1631.471061706543,1044.8945760726929,68.0,48.0,1,1,0,0
1783872667643514500,2026-07-13 00:11:07.643515,3.012507915496826,-5.539175033569336,1616.312599182129,903.9317965507507,1631.471061706543,1044.8945760726929,65.5,39.5,1,1,0,0
1783872667684083900,2026-07-13 00:11:07.684084,2.7323038578033447,-8.65360164642334,1495.760726928711,1555.4611682891846,1631.471061706543,1108.7677478790283,22.0,29.0,1,1,0,0
1783872667722206200,2026-07-13 00:11:07.722206,2.50178599357605,-8.50072193145752,1426.8359184265137,1574.6424198150635,1631.471061706543,1053.5411834716797,27.0,28.0,1,1,0,0
1783872667760462100,2026-07-13 00:11:07.760462,2.1089096069335938,-7.842418670654297,1383.9369773864746,1477.165937423706,1616.312599182129,1108.7677478790283,11.0,31.5,1,1,0,0
1783872667791815100,2026-07-13 00:11:07.791815,2.477198839187622,-8.640327453613281,1420.369052886963,1584.1010808944702,1495.760726928711,1477.165937423706,5.5,21.0,1,1,0,0
1783872667812808800,2026-07-13 00:11:07.812809,2.4614977836608887,-8.598600387573242,1437.072467803955,1589.6214246749878,1437.072467803955,1477.165937423706,5.5,18.5,1,1,0,0
1783872667872890700,2026-07-13 00:11:07.872891,2.4508578777313232,-10.150400161743164,1248.7130165100098,1814.9741888046265,1437.072467803955,1477.165937423706,4.0,8.5,1,1,0,0
1783872667920392700,2026-07-13 00:11:07.920393,2.31793475151062,-9.711678504943848,1211.342430114746,1780.3421020507812,1437.072467803955,1584.1010808944702,4.5,9.0,1,1,0,0
1783872667963284700,2026-07-13 00:11:07.963285,2.497727155685425,-9.003171920776367,1471.2106704711914,1662.1079444885254,1437.072467803955,1589.6214246749878,4.5,9.0,1,1,0,0
1783872668007835800,2026-07-13 00:11:08.007836,2.5233943462371826,-9.516772270202637,1407.338809967041,1744.1736459732056,1437.072467803955,1662.1079444885254,7.0,8.5,1,1,0,0
1783872668049003000,2026-07-13 00:11:08.049003,2.4691550731658936,-9.54503345489502,1350.5749702453613,1752.319574356079,1437.072467803955,1662.1079444885254,7.0,9.0,1,1,0,0
1783872668097995700,2026-07-13 00:11:08.097996,2.5896050930023193,-9.049517631530762,1345.4109191894531,1679.9639463424683,1437.072467803955,1662.1079444885254,7.0,20.0,1,1,0,0
1783872668135200600,2026-07-13 00:11:08.135201,2.696119546890259,-10.095595359802246,1396.199131011963,1779.660701751709,1407.338809967041,1679.9639463424683,18.0,21.5,1,1,0,0
1783872668180444800,2026-07-13 00:11:08.180445,2.34597110748291,-9.047471046447754,1484.759521484375,1663.5652780532837,1437.072467803955,1663.5652780532837,13.5,22.5,1,1,0,0
1783872668211638500,2026-07-13 00:11:08.211638,2.6553642749786377,-9.203474044799805,1519.7233200073242,1684.398889541626,1437.072467803955,1679.9639463424683,19.0,22.0,1,1,0,0
1783872668250901300,2026-07-13 00:11:08.250901,2.5523672103881836,-8.59582805633545,1584.2411041259766,1582.0269584655762,1437.072467803955,1679.9639463424683,20.5,29.5,1,1,0,0
1783872668296158500,2026-07-13 00:11:08.296159,2.7010068893432617,-9.045305252075195,1626.5886306762695,1639.5407915115356,1484.759521484375,1663.5652780532837,20.0,21.5,1,1,0,0
1783872668332171700,2026-07-13 00:11:08.332172,2.598022222518921,-8.91489028930664,1546.2425231933594,1606.1036586761475,1519.7233200073242,1663.5652780532837,17.5,24.0,1,1,0,0
1783872668365911200,2026-07-13 00:11:08.365911,2.598022222518921,-8.91489028930664,1546.2425231933594,1606.1036586761475,1546.2425231933594,1639.5407915115356,7.5,28.5,1,1,0,0
1783872668397965600,2026-07-13 00:11:08.397966,2.429790496826172,-8.412983894348145,1624.7406005859375,1555.824875831604,1546.2425231933594,1639.5407915115356,10.5,17.0,1,1,0,0
1783872668429480600,2026-07-13 00:11:08.429481,2.3923866748809814,-8.131999969482422,1698.9765167236328,1528.971552848816,1546.2425231933594,1606.1036586761475,26.0,13.0,1,1,0,0
1783872668467835000,2026-07-13 00:11:08.467835,2.7286088466644287,-10.372262001037598,1962.567138671875,1772.1062898635864,1546.2425231933594,1639.5407915115356,36.5,27.5,1,1,0,0
1783872668506986200,2026-07-13 00:11:08.506986,2.868781089782715,-10.845257759094238,1984.3820571899414,1807.438850402832,1624.7406005859375,1639.5407915115356,38.0,30.5,1,1,0,0
1783872668541243500,2026-07-13 00:11:08.541243,3.147047281265259,-10.992913246154785,1640.4979705810547,1793.8203811645508,1640.4979705810547,1639.5407915115356,42.0,27.0,1,1,0,0
1783872668576755900,2026-07-13 00:11:08.576756,3.0506184101104736,-11.235459327697754,1664.8759841918945,1806.3218593597412,1640.4979705810547,1772.1062898635864,38.5,34.0,1,1,0,0
1783872668619786800,2026-07-13 00:11:08.619787,2.9710214138031006,-11.156813621520996,1523.2963562011719,1846.1673259735107,1624.7406005859375,1793.8203811645508,45.0,30.0,1,1,0,0
1783872668660853000,2026-07-13 00:11:08.660853,2.6757633686065674,-10.223626136779785,1236.841106414795,1730.086088180542,1640.4979705810547,1730.086088180542,37.5,23.0,1,1,0,0
1783872668701347700,2026-07-13 00:11:08.701348,2.717799663543701,-9.808388710021973,1692.4142837524414,1661.5300178527832,1640.4979705810547,1772.1062898635864,41.0,37.0,1,1,0,0
1783872668733090900,2026-07-13 00:11:08.733091,2.7101781368255615,-10.539320945739746,1622.9496002197266,1738.3188009262085,1624.7406005859375,1738.3188009262085,29.0,55.0,1,1,0,0
1783872668769967600,2026-07-13 00:11:08.769968,3.020991325378418,-9.611811637878418,1784.5991134643555,1567.9670572280884,1640.4979705810547,1730.086088180542,49.5,35.5,1,1,0,0
1783872668807793100,2026-07-13 00:11:08.807793,2.759284257888794,-9.709598541259766,1742.0785903930664,1628.0831098556519,1640.4979705810547,1730.086088180542,54.0,48.5,1,1,0,0
1783872668839558800,2026-07-13 00:11:08.839559,2.8136086463928223,-9.121273040771484,1974.8811721801758,1487.5437021255493,1640.4979705810547,1730.086088180542,52.0,53.5,1,1,0,0
1783872668874908600,2026-07-13 00:11:08.874909,3.0039806365966797,-9.352252006530762,1863.7914657592773,1494.3996667861938,1742.0785903930664,1628.0831098556519,56.5,52.5,1,1,0,0
1783872668895316300,2026-07-13 00:11:08.895316,2.7456467151641846,-8.990220069885254,1914.2362594604492,1472.1906185150146,1742.0785903930664,1628.0831098556519,64.0,52.5,1,1,0,0
1783872668928248400,2026-07-13 00:11:08.928248,2.7456467151641846,-8.990220069885254,1914.2362594604492,1472.1906185150146,1863.7914657592773,1494.3996667861938,67.0,50.5,1,1,0,0
1783872669030062500,2026-07-13 00:11:09.030063,2.9659059047698975,-8.127975463867188,1934.381103515625,1244.940161705017,1863.7914657592773,1494.3996667861938,68.5,41.5,1,1,0,0
1783872669059977600,2026-07-13 00:11:09.059978,2.7953391075134277,-7.822486400604248,1955.2976608276367,1279.5172929763794,1914.2362594604492,1472.1906185150146,48.0,31.5,1,1,0,0
1783872669098265900,2026-07-13 00:11:09.098266,3.017493963241577,-8.069442749023438,1830.06591796875,1280.3605794906616,1863.7914657592773,1472.1906185150146,52.0,44.5,1,1,0,0
1783872669128988500,2026-07-13 00:11:09.128989,3.136392116546631,-9.646611213684082,1713.327407836914,1514.0236616134644,1863.7914657592773,1494.3996667861938,55.0,44.0,1,1,0,0
1783872669161160900,2026-07-13 00:11:09.161161,3.1341538429260254,-9.159050941467285,1717.6010131835938,1435.793161392212,1863.7914657592773,1472.1906185150146,63.5,47.5,1,1,0,0
1783872669189638200,2026-07-13 00:11:09.189638,3.1602630615234375,-9.802162170410156,1851.2395858764648,1536.304235458374,1851.2395858764648,1472.1906185150146,48.5,53.5,1,1,0,0
1783872669220766300,2026-07-13 00:11:09.220766,3.1211016178131104,-9.955622673034668,1860.3425979614258,1570.79017162323,1860.3425979614258,1494.3996667861938,62.5,47.5,1,1,0,0
1783872669255643100,2026-07-13 00:11:09.255643,3.0252044200897217,-9.40019702911377,1919.759750366211,1482.4283123016357,1863.7914657592773,1482.4283123016357,55.5,46.5,1,1,0,0
1783872669288209800,2026-07-13 00:11:09.288210,3.0058271884918213,-9.488433837890625,1699.481201171875,1560.0049495697021,1851.2395858764648,1494.3996667861938,60.0,48.5,1,1,0,0
1783872669318928500,2026-07-13 00:11:09.318928,2.9621710777282715,-9.233197212219238,1828.2461166381836,1494.3716526031494,1860.3425979614258,1494.3996667861938,51.0,40.5,1,1,0,0
1783872669349064300,2026-07-13 00:11:09.349064,2.8918983936309814,-9.630169868469238,2076.169776916504,1510.648250579834,1863.7914657592773,1494.3996667861938,59.0,47.5,1,1,0,0
1783872669381620900,2026-07-13 00:11:09.381621,2.9778125286102295,-9.681441307067871,2032.1842193603516,1509.3296766281128,1860.3425979614258,1494.3996667861938,53.5,47.0,1,1,0,0
1783872669413746000,2026-07-13 00:11:09.413746,2.93249249458313,-9.844949722290039,2056.23722076416,1553.3493757247925,1863.7914657592773,1494.3996667861938,56.0,42.5,1,1,0,0
1783872669449971900,2026-07-13 00:11:09.449972,3.02095365524292,-10.088955879211426,1883.8375091552734,1591.9328927993774,1883.8375091552734,1509.3296766281128,60.5,43.0,1,1,0,0
1783872669481031400,2026-07-13 00:11:09.481031,2.96403431892395,-9.716818809509277,1953.7670135498047,1537.0607376098633,1883.8375091552734,1509.3296766281128,48.5,52.0,1,1,0,0
1783872669518061600,2026-07-13 00:11:09.518062,2.9248178005218506,-9.917319297790527,1963.591194152832,1563.2668733596802,1883.8375091552734,1537.0607376098633,52.5,43.5,1,1,0,0
1783872669548249200,2026-07-13 00:11:09.548249,2.9248178005218506,-9.917319297790527,1963.591194152832,1563.2668733596802,1883.8375091552734,1537.0607376098633,55.5,43.5,1,1,0,0
1783872669578959600,2026-07-13 00:11:09.578960,3.1425321102142334,-9.998589515686035,1810.197639465332,1583.164930343628,1883.8375091552734,1537.0607376098633,61.0,50.5,1,1,0,0
1783872669610260300,2026-07-13 00:11:09.610260,3.0341475009918213,-9.864665985107422,1865.7539367675781,1560.966968536377,1883.8375091552734,1560.966968536377,59.0,43.5,1,1,0,0
1783872669644311900,2026-07-13 00:11:09.644312,2.9273087978363037,-9.464048385620117,1790.7642364501953,1531.618595123291,1883.8375091552734,1537.0607376098633,55.0,51.0,1,1,0,0
1783872669678773800,2026-07-13 00:11:09.678774,3.095423698425293,-8.442214012145996,1686.9573593139648,1321.0302591323853,1865.7539367675781,1537.0607376098633,62.5,51.5,1,1,0,0
1783872669717832600,2026-07-13 00:11:09.717833,3.0254766941070557,-8.715580940246582,1567.2082901000977,1433.6049556732178,1865.7539367675781,1537.0607376098633,56.5,46.5,1,1,0,0
1783872669748948000,2026-07-13 00:11:09.748948,3.1203551292419434,-8.693094253540039,1542.8982734680176,1441.6272640228271,1790.7642364501953,1531.618595123291,58.0,50.0,1,1,0,0
1783872669779748300,2026-07-13 00:11:09.779748,2.894362688064575,-8.247550010681152,1720.9606170654297,1356.9306135177612,1720.9606170654297,1441.6272640228271,58.5,40.0,1,1,0,0
1783872669812094200,2026-07-13 00:11:09.812094,2.9911773204803467,-8.122973442077637,1640.2841567993164,1326.3875246047974,1720.9606170654297,1441.6272640228271,72.5,53.5,1,1,0,0
1783872669851838600,2026-07-13 00:11:09.851839,2.9911773204803467,-8.122973442077637,1640.2841567993164,1326.3875246047974,1720.9606170654297,1441.6272640228271,72.5,53.5,1,1,0,0
1783872669919168700,2026-07-13 00:11:09.919169,2.8923792839050293,-8.269610404968262,1724.446678161621,1347.4853038787842,1720.9606170654297,1356.9306135177612,73.0,47.5,1,1,0,0
1783872669949000300,2026-07-13 00:11:09.949000,2.578479766845703,-7.485700607299805,1896.7899322509766,1289.2167568206787,1720.9606170654297,1347.4853038787842,71.5,50.0,1,1,0,0
1783872669979650600,2026-07-13 00:11:09.979650,2.8012709617614746,-8.106866836547852,1787.9966735839844,1299.949049949646,1720.9606170654297,1347.4853038787842,81.5,53.5,1,1,0,0
1783872670009537000,2026-07-13 00:11:10.009537,2.9064829349517822,-7.4635539054870605,1782.0960998535156,1186.5930557250977,1724.446678161621,1347.4853038787842,65.5,40.5,1,1,0,0
1783872670041827800,2026-07-13 00:11:10.041828,2.8449084758758545,-8.336759567260742,1829.0451049804688,1311.2106323242188,1782.0960998535156,1311.2106323242188,67.5,56.5,1,1,0,0
1783872670079946700,2026-07-13 00:11:10.079947,2.7430312633514404,-7.8899335861206055,1875.360107421875,1251.2904405593872,1782.0960998535156,1311.2106323242188,65.0,42.5,1,1,0,0
1783872670116867700,2026-07-13 00:11:10.116868,2.8486382961273193,-7.48496150970459,1845.047950744629,1160.455822944641,1782.0960998535156,1311.2106323242188,66.0,38.5,1,1,0,0
1783872670147240200,2026-07-13 00:11:10.147240,2.8346402645111084,-8.48142147064209,1898.7737655639648,1350.1278162002563,1829.0451049804688,1311.2106323242188,74.5,57.0,1,1,0,0
1783872670184239300,2026-07-13 00:11:10.184239,2.8346402645111084,-8.48142147064209,1898.7737655639648,1350.1278162002563,1845.047950744629,1311.2106323242188,70.5,59.5,1,1,0,0
1783872670218667700,2026-07-13 00:11:10.218668,3.0715887546539307,-7.035989284515381,1934.079360961914,1112.1721267700195,1845.047950744629,1311.2106323242188,73.5,47.5,1,1,0,0
1783872670250215100,2026-07-13 00:11:10.250215,3.041057825088501,-6.738964557647705,1953.3403396606445,1073.5230445861816,1898.7737655639648,1311.2106323242188,70.5,38.5,1,1,0,0
1783872670284710800,2026-07-13 00:11:10.284711,3.0961146354675293,-6.270262241363525,1828.2072067260742,1029.502511024475,1845.047950744629,1311.2106323242188,59.5,40.5,1,1,0,0
1783872670319968400,2026-07-13 00:11:10.319968,2.715073823928833,-6.353328704833984,1896.3573455810547,1069.574475288391,1896.3573455810547,1112.1721267700195,71.5,40.0,1,1,0,0
1783872670351018300,2026-07-13 00:11:10.351018,3.1063497066497803,-6.569736957550049,1910.4549407958984,1003.8943290710449,1898.7737655639648,1073.5230445861816,57.0,44.0,1,1,0,0
1783872670396202100,2026-07-13 00:11:10.396202,2.594733476638794,-5.7754716873168945,1924.3545532226562,933.223307132721,1896.3573455810547,1069.574475288391,61.5,38.0,1,1,0,0
1783872670430086200,2026-07-13 00:11:10.430086,2.8951284885406494,-7.280812740325928,1835.194206237793,1155.0592184066772,1896.3573455810547,1112.1721267700195,60.5,52.0,1,1,0,0
1783872670467916000,2026-07-13 00:11:10.467916,2.727513074874878,-7.101625919342041,1951.6141891479492,1109.5296144485474,1898.7737655639648,1073.5230445861816,67.0,47.0,1,1,0,0
1783872670502908600,2026-07-13 00:11:10.502909,2.855177164077759,-7.451093673706055,1937.9297256469727,1124.3677139282227,1898.7737655639648,1109.5296144485474,70.0,43.5,1,1,0,0
1783872670534709000,2026-07-13 00:11:10.534709,2.9976024627685547,-8.668768882751465,1670.0855255126953,1396.474838256836,1896.3573455810547,1112.1721267700195,81.5,48.5,1,1,0,0
1783872670566173500,2026-07-13 00:11:10.566174,2.882852554321289,-9.476561546325684,1694.7587966918945,1548.108458518982,1898.7737655639648,1112.1721267700195,66.0,58.0,1,1,0,0
1783872670603868900,2026-07-13 00:11:10.603869,3.0559020042419434,-9.024947166442871,1651.0066986083984,1433.4931373596191,1896.3573455810547,1124.3677139282227,83.5,51.0,1,1,0,0
1783872670636280100,2026-07-13 00:11:10.636280,3.055879592895508,-8.969637870788574,1868.4932708740234,1429.115891456604,1868.4932708740234,1396.474838256836,69.5,43.0,1,1,0,0
1783872670671228100,2026-07-13 00:11:10.671228,2.903204917907715,-7.130534648895264,1745.133399963379,1153.887391090393,1868.4932708740234,1153.887391090393,75.5,29.5,1,1,0,0
1783872670706895200,2026-07-13 00:11:10.706895,2.9851901531219482,-6.225941181182861,1820.9543228149414,1021.5219259262085,1868.4932708740234,1124.3677139282227,78.5,41.5,1,1,0,0
1783872670739666600,2026-07-13 00:11:10.739667,3.0934770107269287,-7.77781867980957,1802.455711364746,1195.8423852920532,1868.4932708740234,1195.8423852920532,62.5,42.0,1,1,0,0
1783872670790014200,2026-07-13 00:11:10.790014,3.1516213417053223,-8.614225387573242,1708.8232040405273,1366.4402961730957,1820.9543228149414,1153.887391090393,64.0,50.5,1,1,0,0
1783872670822936100,2026-07-13 00:11:10.822936,2.950239658355713,-8.22335433959961,1840.6251907348633,1316.0409927368164,1840.6251907348633,1195.8423852920532,78.5,51.0,1,1,0,0
1783872670879779800,2026-07-13 00:11:10.879780,3.207136392593384,-7.3522047996521,1634.305763244629,1133.2623958587646,1820.9543228149414,1195.8423852920532,61.0,39.0,1,1,0,0
1783872670913066500,2026-07-13 00:11:10.913066,3.0451464653015137,-6.998566150665283,1960.0166320800781,1093.280553817749,1820.9543228149414,1153.887391090393,52.5,33.0,1,1,0,0
1783872670973852200,2026-07-13 00:11:10.973852,3.000016450881958,-7.534040927886963,1827.267074584961,1246.5269565582275,1827.267074584961,1195.8423852920532,47.5,38.5,1,1,0,0
1783872671013327000,2026-07-13 00:11:11.013327,2.805528163909912,-7.5149407386779785,2014.6032333374023,1237.0469570159912,1827.267074584961,1195.8423852920532,51.0,46.0,1,1,0,0
1783872671045809900,2026-07-13 00:11:11.045810,2.945213794708252,-7.961445331573486,2030.0260543823242,1269.283413887024,1827.267074584961,1195.8423852920532,50.0,28.5,1,1,0,0
1783872671083234500,2026-07-13 00:11:11.083235,2.8373146057128906,-8.516910552978516,1945.5463409423828,1431.6942691802979,1827.267074584961,1237.0469570159912,63.5,45.0,1,1,0,0
1783872671126902000,2026-07-13 00:11:11.126902,3.0454354286193848,-8.83569049835205,1767.4245834350586,1421.0424423217773,1827.267074584961,1237.0469570159912,66.0,44.5,1,1,0,0
1783872671164473000,2026-07-13 00:11:11.164473,3.2279579639434814,-8.75286865234375,1711.1921310424805,1356.8224906921387,1827.267074584961,1269.283413887024,77.5,37.5,1,1,0,0
1783872671201094100,2026-07-13 00:11:11.201094,3.1408817768096924,-8.305994987487793,1717.4468994140625,1357.9436540603638,1827.267074584961,1356.8224906921387,63.0,43.0,1,1,0,0
1783872671235652900,2026-07-13 00:11:11.235653,3.127182722091675,-8.801118850708008,1740.9666061401367,1438.3879899978638,1767.4245834350586,1356.8224906921387,63.5,39.0,1,1,0,0
1783872671275311600,2026-07-13 00:11:11.275312,2.9848594665527344,-8.376069068908691,1733.0881118774414,1403.651237487793,1740.9666061401367,1356.8224906921387,67.0,42.0,1,1,0,0
1783872671309013100,2026-07-13 00:11:11.309013,2.9848594665527344,-8.376069068908691,1733.0881118774414,1403.651237487793,1740.9666061401367,1357.9436540603638,78.5,45.5,1,1,0,0
1783872671345460800,2026-07-13 00:11:11.345461,2.9506564140319824,-7.936870574951172,1815.2666091918945,1296.1317300796509,1767.4245834350586,1356.8224906921387,63.0,42.5,1,1,0,0
1783872671379937500,2026-07-13 00:11:11.379938,3.0350124835968018,-7.305293560028076,1688.9802932739258,1218.9584970474243,1740.9666061401367,1356.8224906921387,41.0,29.0,1,1,0,0
1783872671416740500,2026-07-13 00:11:11.416741,2.9025020599365234,-7.6114373207092285,1893.739891052246,1284.8023176193237,1740.9666061401367,1356.8224906921387,40.5,38.0,1,1,0,0
1783872671439152900,2026-07-13 00:11:11.439153,2.837895631790161,-8.678746223449707,1966.298484802246,1466.0688638687134,1767.4245834350586,1356.8224906921387,56.0,41.5,1,1,0,0
1783872671472282300,2026-07-13 00:11:11.472282,3.1302621364593506,-9.248065948486328,1739.097785949707,1483.6012125015259,1740.9666061401367,1356.8224906921387,80.0,48.5,1,1,0,0
1783872671505158700,2026-07-13 00:11:11.505159,2.9850943088531494,-7.705560207366943,1933.5613250732422,1258.9696645736694,1767.4245834350586,1356.8224906921387,55.0,35.5,1,1,0,0
1783872671537261900,2026-07-13 00:11:11.537262,2.948312997817993,-7.757554054260254,2009.853172302246,1222.6974964141846,1767.4245834350586,1356.8224906921387,51.0,38.0,1,1,0,0
1783872671590921700,2026-07-13 00:11:11.590922,3.017753839492798,-8.063800811767578,1913.5629653930664,1311.4951848983765,1767.4245834350586,1356.8224906921387,52.5,38.5,1,1,0,0
1783872671612257200,2026-07-13 00:11:11.612257,3.383995771408081,-7.9943013191223145,1732.326316833496,1226.4236211776733,1767.4245834350586,1311.4951848983765,69.0,47.5,1,1,0,0
1783872671643937600,2026-07-13 00:11:11.643938,3.0062012672424316,-7.510648250579834,1871.312141418457,1176.2758493423462,1767.4245834350586,1311.4951848983765,52.0,33.5,1,1,0,0
1783872671684413600,2026-07-13 00:11:11.684414,3.2531015872955322,-8.257567405700684,1676.2008666992188,1289.7812128067017,1767.4245834350586,1311.4951848983765,52.0,35.5,1,1,0,0
1783872671723373800,2026-07-13 00:11:11.723374,3.1703221797943115,-8.039645195007324,1769.198226928711,1260.4793310165405,1767.4245834350586,1289.7812128067017,71.5,45.5,1,1,0,0
1783872671758024200,2026-07-13 00:11:11.758024,2.8015365600585938,-7.781369686126709,1828.1042098999023,1275.4918336868286,1767.4245834350586,1289.7812128067017,58.5,38.0,1,1,0,0
1783872671792611200,2026-07-13 00:11:11.792611,3.0240094661712646,-6.623082637786865,1621.585464477539,1124.206781387329,1767.4245834350586,1289.7812128067017,49.0,36.5,1,1,0,0
1783872671825586600,2026-07-13 00:11:11.825587,3.033259630203247,-7.285090923309326,1730.0491333007812,1162.6803874969482,1767.4245834350586,1275.4918336868286,61.0,40.0,1,1,0,0
1783872671859198500,2026-07-13 00:11:11.859199,2.7777211666107178,-7.161807537078857,1832.940673828125,1184.0962171554565,1767.4245834350586,1275.4918336868286,57.5,38.5,1,1,0,0
1783872671889313200,2026-07-13 00:11:11.889313,2.827436685562134,-8.368805885314941,1796.0296630859375,1380.2931308746338,1767.4245834350586,1289.7812128067017,62.5,46.5,1,1,0,0
1783872671971650800,2026-07-13 00:11:11.971651,2.8757483959198,-7.329285144805908,1815.2233123779297,1218.3414697647095,1767.4245834350586,1275.4918336868286,68.0,48.5,1,1,0,0
1783872672008327500,2026-07-13 00:11:12.008327,2.686650514602661,-8.223721504211426,1966.2017822265625,1325.4259824752808,1796.0296630859375,1275.4918336868286,56.0,41.5,1,1,0,0
1783872672040409500,2026-07-13 00:11:12.040410,2.7044613361358643,-8.247544288635254,1958.8180541992188,1304.833173751831,1796.0296630859375,1289.7812128067017,56.5,40.0,1,1,0,0
1783872672075743400,2026-07-13 00:11:12.075743,2.8468823432922363,-6.980151653289795,1761.0551834106445,1152.612566947937,1767.4245834350586,1275.4918336868286,50.0,36.5,1,1,0,0
1783872672113960600,2026-07-13 00:11:12.113961,2.9517927169799805,-7.198445796966553,1862.9524230957031,1143.2422399520874,1796.0296630859375,1275.4918336868286,51.5,40.0,1,1,0,0
1783872672151202200,2026-07-13 00:11:12.151202,2.9298675060272217,-7.1674370765686035,1850.7635116577148,1174.9464273452759,1796.0296630859375,1275.4918336868286,53.0,40.5,1,1,0,0
1783872672221418700,2026-07-13 00:11:12.221419,2.998286247253418,-9.471328735351562,1824.57275390625,1512.862205505371,1796.0296630859375,1275.4918336868286,65.5,47.0,1,1,0,0
1783872672259557300,2026-07-13 00:11:12.259557,3.0285589694976807,-7.897095203399658,1701.0656356811523,1328.598976135254,1796.0296630859375,1275.4918336868286,67.5,46.0,1,1,0,0
1783872672291119400,2026-07-13 00:11:12.291119,2.971827268600464,-8.525520324707031,1700.4878997802734,1450.2599239349365,1796.0296630859375,1275.4918336868286,55.5,37.0,1,1,0,0
1783872672322316400,2026-07-13 00:11:12.322316,3.0075559616088867,-9.088754653930664,1720.8833694458008,1514.8085355758667,1796.0296630859375,1328.598976135254,64.0,51.0,1,1,0,0
1783872672356527200,2026-07-13 00:11:12.356527,2.9773917198181152,-8.453400611877441,1739.7130966186523,1417.9835319519043,1739.7130966186523,1328.598976135254,72.5,49.5,1,1,0,0
1783872672388870900,2026-07-13 00:11:12.388871,3.0327696800231934,-8.791937828063965,1716.1653518676758,1509.0384483337402,1739.7130966186523,1417.9835319519043,64.5,43.0,1,1,0,0
1783872672424323700,2026-07-13 00:11:12.424324,3.0797715187072754,-8.630279541015625,1823.672103881836,1414.6322011947632,1796.0296630859375,1414.6322011947632,73.5,50.5,1,1,0,0
1783872672456926100,2026-07-13 00:11:12.456926,3.122514486312866,-8.064074516296387,1904.9367904663086,1294.1709756851196,1739.7130966186523,1328.598976135254,59.0,37.0,1,1,0,0
1783872672498252700,2026-07-13 00:11:12.498253,3.0044307708740234,-7.932704448699951,1849.6652603149414,1309.145450592041,1796.0296630859375,1414.6322011947632,53.5,39.5,1,1,0,0
1783872672540086400,2026-07-13 00:11:12.540086,3.143889904022217,-8.855509757995605,1729.5442581176758,1417.423963546753,1796.0296630859375,1414.6322011947632,60.0,41.5,1,1,0,0
1783872672562162800,2026-07-13 00:11:12.562163,3.069575309753418,-7.973722457885742,1848.362159729004,1230.840802192688,1796.0296630859375,1328.598976135254,75.5,54.0,1,1,0,0
1783872672594976100,2026-07-13 00:11:12.594976,3.3020381927490234,-8.502581596374512,1831.4611434936523,1284.807562828064,1796.0296630859375,1328.598976135254,73.0,45.5,1,1,0,0
1783872672627034400,2026-07-13 00:11:12.627034,3.0854995250701904,-7.7398529052734375,1863.7300491333008,1241.497278213501,1796.0296630859375,1328.598976135254,71.5,62.5,1,1,0,0
1783872672659832300,2026-07-13 00:11:12.659832,2.9758172035217285,-8.4216947555542,1918.290901184082,1370.3685998916626,1831.4611434936523,1328.598976135254,73.5,53.5,1,1,0,0
1783872672693024300,2026-07-13 00:11:12.693024,3.04783296585083,-8.308306694030762,1692.0936584472656,1327.2427320480347,1796.0296630859375,1328.598976135254,72.5,48.5,1,1,0,0
1783872672729875800,2026-07-13 00:11:12.729876,3.0343167781829834,-8.700037956237793,1901.2821197509766,1346.8163013458252,1831.4611434936523,1328.598976135254,80.0,46.0,1,1,0,0
1783872672767245800,2026-07-13 00:11:12.767246,3.1551573276519775,-8.646732330322266,1879.0264129638672,1380.6308507919312,1831.4611434936523,1328.598976135254,72.5,54.5,1,1,0,0
1783872672799824800,2026-07-13 00:11:12.799825,3.1429574489593506,-9.084879875183105,1901.3137817382812,1422.668218612671,1831.4611434936523,1328.598976135254,71.5,53.5,1,1,0,0
1783872672833205700,2026-07-13 00:11:12.833206,3.117446184158325,-8.002388000488281,1928.8951873779297,1218.0637121200562,1879.0264129638672,1328.598976135254,61.5,57.0,1,1,0,0
1783872672882858300,2026-07-13 00:11:12.882858,3.1543991565704346,-7.646884918212891,1780.7207107543945,1187.4301433563232,1831.4611434936523,1328.598976135254,74.0,55.0,1,1,0,0
1783872672915554100,2026-07-13 00:11:12.915554,3.083918809890747,-7.324648380279541,1758.5899353027344,1154.938817024231,1831.4611434936523,1328.598976135254,77.5,46.0,1,1,0,0
1783872672957085100,2026-07-13 00:11:12.957085,3.0217068195343018,-7.120187282562256,1738.8896942138672,1162.8997325897217,1831.4611434936523,1218.0637121200562,81.0,51.5,1,1,0,0
1783872672997925400,2026-07-13 00:11:12.997925,3.065964937210083,-8.44599723815918,1857.0436477661133,1328.2630443572998,1831.4611434936523,1328.2630443572998,86.5,46.5,1,1,0,0
1783872673032929700,2026-07-13 00:11:13.032930,3.22350811958313,-6.793323040008545,1675.7892608642578,1136.635184288025,1831.4611434936523,1218.0637121200562,71.5,50.0,1,1,0,0
1783872673088007900,2026-07-13 00:11:13.088008,3.1605188846588135,-7.587413311004639,1639.6530151367188,1213.8347625732422,1831.4611434936523,1218.0637121200562,80.0,51.5,1,1,0,0
1783872673128777000,2026-07-13 00:11:13.128777,2.5061147212982178,-9.896048545837402,1303.6585807800293,1709.206223487854,1831.4611434936523,1328.2630443572998,38.5,17.5,1,1,0,0
1783872673162327700,2026-07-13 00:11:13.162328,1.3614070415496826,-12.258800506591797,600.0494003295898,1768.3887481689453,1675.7892608642578,1218.0637121200562,24.0,8.0,1,1,0,0
1783872673209131400,2026-07-13 00:11:13.209131,1.1627743244171143,-12.801849365234375,411.466646194458,1786.5593433380127,1639.6530151367188,1328.2630443572998,13.0,11.0,1,1,0,0
1783872673240838300,2026-07-13 00:11:13.240838,1.4245872497558594,-12.222431182861328,556.2549591064453,1815.609335899353,1303.6585807800293,1709.206223487854,13.0,8.0,1,1,0,0
1783872673275408900,2026-07-13 00:11:13.275409,1.9699293375015259,-11.213980674743652,777.9185771942139,1731.3095331192017,777.9185771942139,1731.3095331192017,25.5,2.0,1,1,0,0
1783872673307127200,2026-07-13 00:11:13.307127,1.9406187534332275,-10.257733345031738,873.9229202270508,1691.6786432266235,873.9229202270508,1691.6786432266235,24.0,9.0,1,1,0,0
1783872673348010800,2026-07-13 00:11:13.348011,1.9406187534332275,-10.257733345031738,873.9229202270508,1691.6786432266235,873.9229202270508,1709.206223487854,22.0,10.0,1,1,0,0
1783872673378000800,2026-07-13 00:11:13.378001,2.64534592628479,-9.776911735534668,1308.2012176513672,1628.492832183838,873.9229202270508,1691.6786432266235,32.5,23.0,1,1,0,0
1783872673411155900,2026-07-13 00:11:13.411156,2.564521074295044,-9.128006935119629,1291.8706893920898,1554.134726524353,873.9229202270508,1691.6786432266235,45.5,26.0,1,1,0,0
1783872673444098000,2026-07-13 00:11:13.444098,2.8557400703430176,-9.024035453796387,1373.9227294921875,1522.2259759902954,873.9229202270508,1691.6786432266235,37.5,40.0,1,1,0,0
1783872673473495000,2026-07-13 00:11:13.473495,2.6627581119537354,-8.380204200744629,1584.8788261413574,1425.663709640503,1291.8706893920898,1628.492832183838,56.0,41.0,1,1,0,0
1783872673509388200,2026-07-13 00:11:13.509388,2.8028900623321533,-9.260767936706543,1430.81636428833,1580.665111541748,1291.8706893920898,1580.665111541748,67.0,41.0,1,1,0,0
1783872673543941700,2026-07-13 00:11:13.543942,2.8930299282073975,-9.436509132385254,1738.2152557373047,1561.8728399276733,1373.9227294921875,1580.665111541748,61.5,35.5,1,1,0,0
1783872673577915500,2026-07-13 00:11:13.577915,2.818425416946411,-8.920085906982422,1656.0785293579102,1501.3864040374756,1430.81636428833,1580.665111541748,63.0,40.0,1,1,0,0
1783872673614404400,2026-07-13 00:11:13.614404,2.860231637954712,-8.376714706420898,1797.9801177978516,1341.0004377365112,1430.81636428833,1580.665111541748,64.0,36.0,1,1,0,0
1783872673667052300,2026-07-13 00:11:13.667052,2.727170944213867,-8.697501182556152,1731.999397277832,1472.2797870635986,1656.0785293579102,1561.8728399276733,63.0,41.0,1,1,0,0
1783872673692060800,2026-07-13 00:11:13.692061,2.6916372776031494,-8.740828514099121,1902.4101257324219,1426.3830184936523,1656.0785293579102,1501.3864040374756,73.5,39.0,1,1,0,0
1783872673732995200,2026-07-13 00:11:13.732995,2.8030357360839844,-7.9235968589782715,1806.4252853393555,1314.6286010742188,1731.999397277832,1472.2797870635986,61.5,53.5,1,1,0,0
1783872673765364200,2026-07-13 00:11:13.765364,2.771934747695923,-8.522433280944824,1901.4867782592773,1363.283395767212,1731.999397277832,1472.2797870635986,60.0,49.5,1,1,0,0
1783872673799483500,2026-07-13 00:11:13.799483,2.8206427097320557,-8.393891334533691,1778.7982940673828,1364.7459745407104,1778.7982940673828,1426.3830184936523,54.0,58.0,1,1,0,0
1783872673831030900,2026-07-13 00:11:13.831031,2.824633836746216,-7.9137139320373535,1629.5246124267578,1291.9753789901733,1731.999397277832,1364.7459745407104,60.0,49.0,1,1,0,0
1783872673864460700,2026-07-13 00:11:13.864461,2.938948631286621,-7.914358139038086,1497.0728874206543,1296.2645292282104,1731.999397277832,1364.7459745407104,73.5,51.0,1,1,0,0
1783872673897237300,2026-07-13 00:11:13.897237,2.889880895614624,-7.250342845916748,1576.790714263916,1186.8492364883423,1731.999397277832,1364.7459745407104,54.5,51.5,1,1,0,0
1783872673929450900,2026-07-13 00:11:13.929451,3.0253303050994873,-6.701296806335449,1754.725456237793,1083.9873552322388,1731.999397277832,1296.2645292282104,63.5,40.5,1,1,0,0
1783872673952084200,2026-07-13 00:11:13.952084,3.0427918434143066,-6.641178607940674,1642.5395965576172,1050.1619577407837,1731.999397277832,1296.2645292282104,62.5,38.0,1,1,0,0
1783872674041604300,2026-07-13 00:11:14.041604,2.888653039932251,-5.823209285736084,1663.249397277832,986.8893623352051,1731.999397277832,1186.8492364883423,52.5,37.0,1,1,0,0
1783872674075023700,2026-07-13 00:11:14.075024,2.758028268814087,-6.982032775878906,1775.7074356079102,1161.987543106079,1731.999397277832,1161.987543106079,53.5,38.5,1,1,0,0
1783872674104666600,2026-07-13 00:11:14.104667,3.04544997215271,-8.128164291381836,1641.4644241333008,1331.0201168060303,1731.999397277832,1296.2645292282104,51.5,35.5,1,1,0,0
1783872674137308300,2026-07-13 00:11:14.137308,2.9675567150115967,-7.529727935791016,1662.893295288086,1254.5231580734253,1731.999397277832,1186.8492364883423,43.5,37.0,1,1,0,0
1783872674168277800,2026-07-13 00:11:14.168278,2.8860113620758057,-6.5776801109313965,1653.2297134399414,1136.1243724822998,1731.999397277832,1161.987543106079,50.0,40.5,1,1,0,0
1783872674200322800,2026-07-13 00:11:14.200323,2.6800694465637207,-6.822911262512207,1723.885154724121,1177.0710945129395,1723.885154724121,1186.8492364883423,39.5,43.0,1,1,0,0
1783872674230856700,2026-07-13 00:11:14.230857,2.700075626373291,-6.8915886878967285,1639.4842147827148,1220.1844453811646,1723.885154724121,1186.8492364883423,41.5,42.0,1,1,0,0
1783872674261293700,2026-07-13 00:11:14.261294,2.5960023403167725,-6.301314353942871,1661.6777420043945,1141.9663429260254,1723.885154724121,1161.987543106079,41.5,43.0,1,1,0,0
1783872674291993000,2026-07-13 00:11:14.291993,2.6136975288391113,-6.536491394042969,1732.8125,1194.3135261535645,1723.885154724121,1186.8492364883423,45.5,42.0,1,1,0,0
1783872674322623800,2026-07-13 00:11:14.322624,2.5480244159698486,-6.482983112335205,1758.7703704833984,1187.2984170913696,1723.885154724121,1186.8492364883423,42.5,39.0,1,1,0,0
1783872674355764200,2026-07-13 00:11:14.355764,2.4926960468292236,-6.053560256958008,1628.0670166015625,1009.4529390335083,1723.885154724121,1161.987543106079,50.5,46.0,1,1,0,0
1783872674384312300,2026-07-13 00:11:14.384312,2.8738174438476562,-7.554137229919434,1978.9861679077148,1132.2565078735352,1723.885154724121,1186.8492364883423,58.0,44.0,1,1,0,0
1783872674415385500,2026-07-13 00:11:14.415385,2.7096662521362305,-6.076537609100342,1811.0471725463867,1009.5980167388916,1723.885154724121,1161.987543106079,55.0,39.0,1,1,0,0
1783872674454370900,2026-07-13 00:11:14.454371,2.746717929840088,-6.092195987701416,1815.620231628418,1009.6648931503296,1723.885154724121,1132.2565078735352,55.5,49.0,1,1,0,0
1783872674483364200,2026-07-13 00:11:14.483364,2.715351104736328,-6.393484592437744,1776.6847610473633,1041.6792631149292,1776.6847610473633,1132.2565078735352,53.5,51.0,1,1,0,0
1783872674513884500,2026-07-13 00:11:14.513884,2.944613218307495,-5.482729434967041,1598.4314918518066,880.1090121269226,1723.885154724121,1041.6792631149292,58.0,48.0,1,1,0,0
1783872674544604900,2026-07-13 00:11:14.544605,2.775970220565796,-6.162138938903809,1816.3063049316406,986.3181114196777,1776.6847610473633,1041.6792631149292,56.5,49.5,1,1,0,0
1783872674577910900,2026-07-13 00:11:14.577911,2.74389386177063,-6.754335880279541,1874.6967315673828,1028.5639762878418,1776.6847610473633,1041.6792631149292,58.0,49.5,1,1,0,0
1783872674608705100,2026-07-13 00:11:14.608705,2.8577945232391357,-7.01978063583374,1906.1529159545898,1037.2145175933838,1776.6847610473633,1037.2145175933838,59.5,57.0,1,1,0,0
1783872674642026400,2026-07-13 00:11:14.642026,2.771013021469116,-6.829955577850342,1868.048095703125,1036.491870880127,1816.3063049316406,1037.2145175933838,58.0,47.0,1,1,0,0
1783872674683633900,2026-07-13 00:11:14.683634,3.129209280014038,-8.927162170410156,1746.6484069824219,1475.942611694336,1776.6847610473633,1041.6792631149292,50.5,40.5,1,1,0,0
1783872674714482100,2026-07-13 00:11:14.714482,2.993872880935669,-9.013821601867676,1738.5231018066406,1492.1150207519531,1776.6847610473633,1037.2145175933838,45.0,33.0,1,1,0,0
1783872674745490800,2026-07-13 00:11:14.745491,2.6932156085968018,-7.675696849822998,1647.3045349121094,1431.6765069961548,1776.6847610473633,1041.6792631149292,37.5,19.0,1,1,0,0
1783872674777732300,2026-07-13 00:11:14.777732,2.76261043548584,-9.084427833557129,1600.4623413085938,1577.2935152053833,1746.6484069824219,1431.6765069961548,38.0,24.5,1,1,0,0
1783872674808821900,2026-07-13 00:11:14.808822,2.635418653488159,-9.670340538024902,1655.5095672607422,1698.4692811965942,1738.5231018066406,1431.6765069961548,23.0,26.5,1,1,0,0
1783872674851439100,2026-07-13 00:11:14.851439,2.4830281734466553,-9.205168724060059,1634.979248046875,1627.7908086776733,1655.5095672607422,1431.6765069961548,16.0,17.0,1,1,0,0
1783872674891247900,2026-07-13 00:11:14.891248,2.2388129234313965,-8.71678638458252,1659.5298767089844,1579.7624588012695,1659.5298767089844,1577.2935152053833,16.0,21.0,1,1,0,0
1783872674926104600,2026-07-13 00:11:14.926105,2.2237677574157715,-9.239211082458496,1777.2628784179688,1668.6623096466064,1738.5231018066406,1579.7624588012695,20.0,21.0,1,1,0,0
1783872674991156400,2026-07-13 00:11:14.991157,2.720170736312866,-10.408135414123535,1818.8655853271484,1744.3156242370605,1659.5298767089844,1579.7624588012695,20.5,23.5,1,1,0,0
1783872675021007100,2026-07-13 00:11:15.021007,2.816836357116699,-10.533754348754883,1763.6260986328125,1758.1017017364502,1738.5231018066406,1579.7624588012695,20.5,27.0,1,1,0,0
1783872675048893900,2026-07-13 00:11:15.048894,2.836444139480591,-10.29836368560791,1559.1015815734863,1779.4067859649658,1738.5231018066406,1668.6623096466064,19.5,21.5,1,1,0,0
1783872675085903600,2026-07-13 00:11:15.085904,2.844705820083618,-10.787996292114258,1892.0886993408203,1763.4259462356567,1738.5231018066406,1744.3156242370605,14.0,27.0,1,1,0,0
1783872675128327100,2026-07-13 00:11:15.128327,2.7082319259643555,-10.056294441223145,1891.948127746582,1726.7296314239502,1738.5231018066406,1726.7296314239502,15.5,25.5,1,1,0,0
1783872675148912300,2026-07-13 00:11:15.148912,2.7478435039520264,-9.894124984741211,1878.6880493164062,1715.1767015457153,1738.5231018066406,1715.1767015457153,13.5,29.5,1,1,0,0
1783872675187982900,2026-07-13 00:11:15.187983,2.3645179271698,-7.77025842666626,1840.0978088378906,1484.3642711639404,1840.0978088378906,1726.7296314239502,16.5,33.5,1,1,0,0
1783872675218893400,2026-07-13 00:11:15.218893,2.575680732727051,-9.329070091247559,1813.7018203735352,1648.2939720153809,1813.7018203735352,1715.1767015457153,26.5,26.5,1,1,0,0
1783872675251361400,2026-07-13 00:11:15.251361,2.5206074714660645,-7.560823917388916,1715.8296585083008,1448.093295097351,1738.5231018066406,1715.1767015457153,19.0,25.0,1,1,0,0
1783872675293773500,2026-07-13 00:11:15.293774,2.499549150466919,-7.957531452178955,1757.3467254638672,1390.4179334640503,1813.7018203735352,1648.2939720153809,28.5,33.0,1,1,0,0
1783872675327153800,2026-07-13 00:11:15.327154,2.595302104949951,-8.72303295135498,1930.013656616211,1533.3389043807983,1813.7018203735352,1648.2939720153809,31.5,25.0,1,1,0,0
1783872675364061300,2026-07-13 00:11:15.364061,2.2348825931549072,-6.427820682525635,1596.2244033813477,1230.3051948547363,1738.5231018066406,1533.3389043807983,26.5,37.5,1,1,0,0
1783872675397750000,2026-07-13 00:11:15.397750,2.6333742141723633,-8.549908638000488,1558.1822395324707,1543.2723760604858,1757.3467254638672,1543.2723760604858,47.0,34.0,1,1,0,0
1783872675428915700,2026-07-13 00:11:15.428916,2.850733518600464,-8.139421463012695,1514.4634246826172,1456.5131664276123,1738.5231018066406,1533.3389043807983,27.5,37.0,1,1,0,0
1783872675460991900,2026-07-13 00:11:15.460992,2.653555154800415,-7.761793613433838,1443.5925483703613,1382.2847604751587,1596.2244033813477,1533.3389043807983,33.0,28.5,1,1,0,0
1783872675497866400,2026-07-13 00:11:15.497866,2.7886569499969482,-7.726126670837402,1414.1947746276855,1394.6540355682373,1558.1822395324707,1533.3389043807983,31.5,26.0,1,1,0,0
1783872675534033200,2026-07-13 00:11:15.534033,2.531283378601074,-8.003954887390137,1337.656307220459,1466.5793180465698,1514.4634246826172,1466.5793180465698,19.0,17.5,1,1,0,0
1783872675573384600,2026-07-13 00:11:15.573385,2.1064767837524414,-7.829375743865967,1170.6603050231934,1493.3586120605469,1443.5925483703613,1493.3586120605469,19.0,19.0,1,1,0,0
1783872675607044200,2026-07-13 00:11:15.607044,1.9753141403198242,-8.148999214172363,1128.067398071289,1531.8785905838013,1414.1947746276855,1531.8785905838013,18.5,25.0,1,1,0,0
1783872675644305700,2026-07-13 00:11:15.644306,2.1847825050354004,-8.419329643249512,1103.125,1550.5597591400146,1337.656307220459,1493.3586120605469,26.0,26.5,1,1,0,0
1783872675679100800,2026-07-13 00:11:15.679101,2.2312734127044678,-8.43901252746582,1117.012596130371,1582.099437713623,1170.6603050231934,1531.8785905838013,18.5,24.0,1,1,0,0
1783872675737258900,2026-07-13 00:11:15.737259,2.381568431854248,-8.528308868408203,1148.805046081543,1612.433910369873,1148.805046081543,1531.8785905838013,18.5,22.5,1,1,0,0
1783872675781490500,2026-07-13 00:11:15.781490,2.4785475730895996,-8.19938850402832,1346.8515396118164,1583.6000442504883,1337.656307220459,1550.5597591400146,21.0,16.0,1,1,0,0
1783872675827891300,2026-07-13 00:11:15.827891,2.485043525695801,-8.550393104553223,1248.2272148132324,1625.9835958480835,1170.6603050231934,1582.099437713623,19.5,28.5,1,1,0,0
1783872675872539800,2026-07-13 00:11:15.872540,2.4465506076812744,-7.90712308883667,1228.4612655639648,1543.5514450073242,1228.4612655639648,1543.5514450073242,15.5,25.5,1,1,0,0
1783872675916712600,2026-07-13 00:11:15.916713,2.5088658332824707,-8.638389587402344,1168.2427406311035,1651.8582105636597,1228.4612655639648,1582.099437713623,16.0,19.5,1,1,0,0
1783872675959719500,2026-07-13 00:11:15.959719,2.293856620788574,-9.50393295288086,1059.8902702331543,1736.7092370986938,1170.6603050231934,1582.099437713623,17.0,24.0,1,1,0,0
1783872675991255300,2026-07-13 00:11:15.991255,2.0287113189697266,-9.063677787780762,912.1813774108887,1686.558485031128,1170.6603050231934,1582.099437713623,15.0,26.5,1,1,0,0
1783872676024671600,2026-07-13 00:11:16.024672,2.4495608806610107,-8.621441841125488,1078.5910606384277,1596.9321727752686,1168.2427406311035,1596.9321727752686,15.0,22.0,1,1,0,0
1783872676073747800,2026-07-13 00:11:16.073748,2.0800881385803223,-8.270343780517578,891.3201332092285,1602.6452779769897,1078.5910606384277,1596.9321727752686,19.5,26.5,1,1,0,0
1783872676109752900,2026-07-13 00:11:16.109753,2.0245349407196045,-7.998940944671631,862.4817848205566,1579.4857740402222,1078.5910606384277,1582.099437713623,21.5,27.0,1,1,0,0
1783872676146233400,2026-07-13 00:11:16.146233,1.8480721712112427,-7.791117191314697,816.4398193359375,1513.9529705047607,1078.5910606384277,1596.9321727752686,23.5,26.0,1,1,0,0
1783872676197120900,2026-07-13 00:11:16.197121,1.8994197845458984,-9.027165412902832,632.9492568969727,1677.1985292434692,891.3201332092285,1596.9321727752686,23.5,19.5,1,1,0,0
1783872676245562000,2026-07-13 00:11:16.245562,1.8588685989379883,-9.022736549377441,605.4184436798096,1687.888264656067,862.4817848205566,1596.9321727752686,17.5,28.0,1,1,0,0
1783872676278740100,2026-07-13 00:11:16.278740,1.8359593152999878,-7.672035217285156,852.8064727783203,1488.7669086456299,852.8064727783203,1596.9321727752686,22.0,29.0,1,1,0,0
1783872676312009700,2026-07-13 00:11:16.312010,1.8514646291732788,-7.584190368652344,895.9258079528809,1412.300705909729,891.3201332092285,1596.9321727752686,25.0,29.5,1,1,0,0
1783872676351946800,2026-07-13 00:11:16.351947,2.0925567150115967,-6.716223239898682,941.4946556091309,1225.8150577545166,862.4817848205566,1596.9321727752686,35.0,28.0,1,1,0,0
1783872676388687400,2026-07-13 00:11:16.388687,1.8867677450180054,-5.826222896575928,989.8067474365234,1056.969165802002,891.3201332092285,1488.7669086456299,40.0,23.0,1,1,0,0
1783872676423970700,2026-07-13 00:11:16.423971,2.115093231201172,-6.382394790649414,959.4997406005859,1118.1635856628418,895.9258079528809,1412.300705909729,40.0,28.0,1,1,0,0
1783872676457226300,2026-07-13 00:11:16.457226,2.1218760013580322,-6.791199207305908,750.9688854217529,1169.2103147506714,862.4817848205566,1225.8150577545166,40.0,31.0,1,1,0,0
1783872676490931300,2026-07-13 00:11:16.490931,1.2838915586471558,-6.0584540367126465,683.7281227111816,1154.6322107315063,891.3201332092285,1169.2103147506714,50.0,27.5,1,1,0,0
1783872676537180600,2026-07-13 00:11:16.537181,0.1249605268239975,-4.812626361846924,577.9684066772461,1017.4849033355713,862.4817848205566,1169.2103147506714,50.0,31.0,1,1,0,0
1783872676571260800,2026-07-13 00:11:16.571261,1.0845069885253906,-6.0964789390563965,689.3652439117432,1120.171308517456,750.9688854217529,1169.2103147506714,47.5,31.5,1,1,0,0
1783872676614044200,2026-07-13 00:11:16.614044,1.1890063285827637,-6.327986240386963,706.2744617462158,1172.091007232666,706.2744617462158,1169.2103147506714,43.0,31.0,1,1,0,0
1783872676647977100,2026-07-13 00:11:16.647977,1.6067081689834595,-7.8094162940979,789.1425132751465,1463.0566835403442,789.1425132751465,1169.2103147506714,41.5,25.0,1,1,0,0
1783872676682272600,2026-07-13 00:11:16.682272,1.749685287475586,-7.498820781707764,969.1740036010742,1409.9148511886597,750.9688854217529,1169.2103147506714,35.0,19.0,1,1,0,0
1783872676718145800,2026-07-13 00:11:16.718146,1.6126618385314941,-8.226916313171387,744.0474510192871,1528.8423299789429,744.0474510192871,1172.091007232666,31.5,25.0,1,1,0,0
1783872676755459800,2026-07-13 00:11:16.755460,1.442299485206604,-8.24825382232666,786.5509033203125,1550.0189065933228,786.5509033203125,1409.9148511886597,32.0,19.0,1,1,0,0
1783872676776447800,2026-07-13 00:11:16.776448,1.2399413585662842,-8.317840576171875,728.275203704834,1579.601526260376,750.9688854217529,1409.9148511886597,28.5,18.5,1,1,0,0
1783872676808100600,2026-07-13 00:11:16.808101,1.2677961587905884,-8.09029769897461,769.3106174468994,1533.4264039993286,750.9688854217529,1528.8423299789429,32.0,22.5,1,1,0,0
1783872676843062700,2026-07-13 00:11:16.843063,1.4476121664047241,-8.500382423400879,810.6853485107422,1548.7679243087769,786.5509033203125,1533.4264039993286,22.5,24.0,1,1,0,0
1783872676926158000,2026-07-13 00:11:16.926158,2.133810520172119,-9.018142700195312,867.5188064575195,1663.3492708206177,769.3106174468994,1533.4264039993286,28.0,30.0,1,1,0,0
1783872676961933000,2026-07-13 00:11:16.961933,2.104886531829834,-8.426478385925293,922.9978561401367,1571.5523958206177,786.5509033203125,1533.4264039993286,18.0,18.5,1,1,0,0
1783872676996855100,2026-07-13 00:11:16.996855,1.877426028251648,-8.604939460754395,864.8509979248047,1586.5004062652588,810.6853485107422,1548.7679243087769,17.0,19.0,1,1,0,0
1783872677031238100,2026-07-13 00:11:17.031238,1.8762539625167847,-8.878024101257324,908.9003562927246,1644.5953845977783,864.8509979248047,1571.5523958206177,19.0,15.5,1,1,0,0
1783872677062993400,2026-07-13 00:11:17.062994,2.259227752685547,-10.133944511413574,902.4844169616699,1752.5525093078613,864.8509979248047,1571.5523958206177,22.5,26.0,1,1,0,0
1783872677132133500,2026-07-13 00:11:17.132133,2.688617467880249,-9.617417335510254,1177.732276916504,1707.000732421875,864.8509979248047,1586.5004062652588,35.5,27.5,1,1,0,0
1783872677175820900,2026-07-13 00:11:17.175821,2.7275068759918213,-9.818284034729004,1182.0575714111328,1736.5652322769165,902.4844169616699,1644.5953845977783,41.5,29.0,1,1,0,0
1783872677204894400,2026-07-13 00:11:17.204895,2.996882438659668,-9.944884300231934,1396.9656944274902,1715.1908874511719,902.4844169616699,1707.000732421875,33.5,31.5,1,1,0,0
1783872677235127500,2026-07-13 00:11:17.235127,2.859145402908325,-10.362576484680176,1062.0494842529297,1742.0204877853394,1062.0494842529297,1707.000732421875,33.5,27.5,1,1,0,0
1783872677256808200,2026-07-13 00:11:17.256808,2.9936130046844482,-9.935726165771484,1315.8923149108887,1737.2560501098633,1062.0494842529297,1715.1908874511719,33.5,31.5,1,1,0,0
1783872677298432200,2026-07-13 00:11:17.298432,2.6972899436950684,-10.385550498962402,894.6358680725098,1750.8718967437744,902.4844169616699,1715.1908874511719,36.0,30.5,1,1,0,0
1783872677335463400,2026-07-13 00:11:17.335464,2.9690968990325928,-11.127668380737305,1033.2310676574707,1822.4085569381714,1062.0494842529297,1737.2560501098633,36.0,40.5,1,1,0,0
1783872677368836600,2026-07-13 00:11:17.368837,2.7877860069274902,-11.20449447631836,883.9672088623047,1835.4099988937378,1033.2310676574707,1737.2560501098633,24.0,39.0,1,1,0,0
1783872677391376600,2026-07-13 00:11:17.391377,2.9597280025482178,-10.857850074768066,1240.8918380737305,1819.54026222229,1033.2310676574707,1750.8718967437744,36.5,33.5,1,1,0,0
1783872677422300400,2026-07-13 00:11:17.422300,2.8634917736053467,-10.69243335723877,1059.6860885620117,1812.0592832565308,1059.6860885620117,1812.0592832565308,27.0,40.5,1,1,0,0
1783872677455818200,2026-07-13 00:11:17.455818,2.773853063583374,-11.333176612854004,820.0771331787109,1826.9771337509155,1033.2310676574707,1812.0592832565308,49.5,29.5,1,1,0,0
1783872677492879300,2026-07-13 00:11:17.492879,2.7371599674224854,-11.118267059326172,767.9953098297119,1808.571696281433,1033.2310676574707,1808.571696281433,38.0,33.0,1,1,0,0
1783872677531180000,2026-07-13 00:11:17.531180,2.7431178092956543,-10.48961353302002,878.9056777954102,1774.2284536361694,1033.2310676574707,1812.0592832565308,31.5,33.5,1,1,0,0
1783872677564781400,2026-07-13 00:11:17.564781,2.6759870052337646,-10.947080612182617,768.8979148864746,1797.6950407028198,878.9056777954102,1808.571696281433,36.5,27.0,1,1,0,0
1783872677601471400,2026-07-13 00:11:17.601471,2.6219325065612793,-10.809954643249512,784.0779781341553,1780.9526920318604,878.9056777954102,1808.571696281433,35.0,23.0,1,1,0,0
1783872677633137400,2026-07-13 00:11:17.633137,2.703977584838867,-9.861725807189941,1072.373867034912,1704.0104866027832,1033.2310676574707,1797.6950407028198,26.5,27.5,1,1,0,0
1783872677666764000,2026-07-13 00:11:17.666764,2.7454428672790527,-10.79512882232666,1043.2908058166504,1788.562297821045,878.9056777954102,1797.6950407028198,36.0,29.0,1,1,0,0
1783872677705489100,2026-07-13 00:11:17.705489,2.7835452556610107,-10.695672035217285,1180.5840492248535,1786.239743232727,1033.2310676574707,1788.562297821045,37.5,24.5,1,1,0,0
1783872677737887400,2026-07-13 00:11:17.737887,2.4328489303588867,-9.7576322555542,1133.6398124694824,1644.0714597702026,1043.2908058166504,1788.562297821045,42.5,37.0,1,1,0,0
1783872677765560800,2026-07-13 00:11:17.765561,2.8150441646575928,-10.460840225219727,1452.9189109802246,1755.0888061523438,1043.2908058166504,1788.562297821045,40.0,28.0,1,1,0,0
1783872677821351000,2026-07-13 00:11:17.821351,2.9379918575286865,-10.604079246520996,1389.8283958435059,1766.3761377334595,1133.6398124694824,1786.239743232727,32.0,20.5,1,1,0,0
1783872677864319300,2026-07-13 00:11:17.864319,2.8065505027770996,-10.680913925170898,1322.9681968688965,1781.3431024551392,1133.6398124694824,1781.3431024551392,32.0,20.0,1,1,0,0
1783872677909899700,2026-07-13 00:11:17.909900,2.982271909713745,-11.192994117736816,1443.1299209594727,1815.4786825180054,1322.9681968688965,1788.562297821045,31.5,25.0,1,1,0,0
1783872677973231500,2026-07-13 00:11:17.973232,2.9314064979553223,-10.931828498840332,1629.4776916503906,1784.3067646026611,1322.9681968688965,1784.3067646026611,31.5,25.5,1,1,0,0
1783872678003687600,2026-07-13 00:11:18.003688,2.626058578491211,-11.535528182983398,1232.066822052002,1829.569697380066,1232.066822052002,1784.3067646026611,32.0,24.5,1,1,0,0
1783872678041005700,2026-07-13 00:11:18.041006,2.6670703887939453,-11.669075012207031,1263.991641998291,1832.6454162597656,1322.9681968688965,1788.562297821045,31.0,21.5,1,1,0,0
1783872678073015200,2026-07-13 00:11:18.073015,2.8756096363067627,-11.568866729736328,1386.0796928405762,1803.1961917877197,1322.9681968688965,1788.562297821045,43.0,23.0,1,1,0,0
1783872678114903800,2026-07-13 00:11:18.114904,3.059340476989746,-12.34325885772705,1689.1260147094727,1862.2660636901855,1322.9681968688965,1803.1961917877197,35.5,27.0,1,1,0,0
1783872678147459000,2026-07-13 00:11:18.147459,3.0830752849578857,-12.397509574890137,1583.7746620178223,1872.3270893096924,1322.9681968688965,1803.1961917877197,35.0,27.0,1,1,0,0
1783872678170535500,2026-07-13 00:11:18.170535,2.9407081604003906,-11.078929901123047,1636.4572525024414,1844.784140586853,1386.0796928405762,1803.1961917877197,38.0,37.5,1,1,0,0
1783872678205848900,2026-07-13 00:11:18.205849,2.833139419555664,-11.237658500671387,1418.962001800537,1825.331449508667,1418.962001800537,1825.331449508667,32.5,23.0,1,1,0,0
1783872678248525600,2026-07-13 00:11:18.248526,2.862513303756714,-11.259206771850586,1406.946849822998,1842.712163925171,1406.946849822998,1825.331449508667,38.5,28.5,1,1,0,0
1783872678292082600,2026-07-13 00:11:18.292083,3.146998405456543,-11.821547508239746,1269.9871063232422,1834.3690633773804,1386.0796928405762,1825.331449508667,39.0,33.0,1,1,0,0
1783872678325538000,2026-07-13 00:11:18.325538,2.901484727859497,-10.770464897155762,1660.207748413086,1796.1006164550781,1418.962001800537,1825.331449508667,34.0,23.0,1,1,0,0
1783872678360277000,2026-07-13 00:11:18.360277,3.018221378326416,-11.431239128112793,1346.8788146972656,1786.4755392074585,1406.946849822998,1825.331449508667,43.5,26.0,1,1,0,0
1783872678401132400,2026-07-13 00:11:18.401132,2.4943687915802,-10.802589416503906,1141.9122695922852,1813.9033317565918,1386.0796928405762,1825.331449508667,31.0,23.0,1,1,0,0
1783872678434034800,2026-07-13 00:11:18.434035,3.0062782764434814,-11.721675872802734,1162.0240211486816,1852.947473526001,1386.0796928405762,1825.331449508667,27.0,21.0,1,1,0,0
1783872678467236500,2026-07-13 00:11:18.467237,3.007404327392578,-11.713496208190918,1124.002456665039,1842.5726890563965,1346.8788146972656,1825.331449508667,32.5,36.0,1,1,0,0
1783872678501294400,2026-07-13 00:11:18.501294,3.097543239593506,-11.904587745666504,1220.9821701049805,1833.1773281097412,1220.9821701049805,1825.331449508667,32.0,25.5,1,1,0,0
1783872678553086400,2026-07-13 00:11:18.553087,2.673842191696167,-11.302864074707031,1090.9382820129395,1860.9371185302734,1220.9821701049805,1833.1773281097412,30.5,25.0,1,1,0,0
1783872678585913000,2026-07-13 00:11:18.585913,2.973123073577881,-11.78722858428955,1139.2180442810059,1851.4341115951538,1220.9821701049805,1833.1773281097412,32.0,25.0,1,1,0,0
1783872678625012400,2026-07-13 00:11:18.625012,2.5930445194244385,-10.63607120513916,1137.3257637023926,1797.6833581924438,1220.9821701049805,1825.331449508667,25.0,29.0,1,1,0,0
1783872678662005600,2026-07-13 00:11:18.662005,3.047006845474243,-11.180073738098145,1177.49662399292,1821.211576461792,1177.49662399292,1833.1773281097412,35.0,26.5,1,1,0,0
1783872678697156000,2026-07-13 00:11:18.697156,2.8696255683898926,-10.910563468933105,1090.5171394348145,1796.461820602417,1177.49662399292,1825.331449508667,29.5,19.5,1,1,0,0
1783872678732961400,2026-07-13 00:11:18.732961,2.831071615219116,-11.140649795532227,1064.4954681396484,1843.0678844451904,1177.49662399292,1825.331449508667,24.0,30.0,1,1,0,0
1783872678779276800,2026-07-13 00:11:18.779277,2.9185683727264404,-11.304823875427246,1083.0479621887207,1823.323130607605,1177.49662399292,1825.331449508667,24.5,26.5,1,1,0,0
1783872678817196100,2026-07-13 00:11:18.817196,2.8299367427825928,-11.425965309143066,934.5346450805664,1846.2358713150024,1090.5171394348145,1825.331449508667,26.0,33.0,1,1,0,0
1783872678851363400,2026-07-13 00:11:18.851363,2.4199085235595703,-10.423237800598145,830.5248260498047,1809.3563318252563,1083.0479621887207,1825.331449508667,18.0,20.5,1,1,0,0
1783872678881335100,2026-07-13 00:11:18.881335,2.36999773979187,-10.432772636413574,850.5756378173828,1806.5108060836792,1083.0479621887207,1825.331449508667,18.5,26.0,1,1,0,0
1783872678915614600,2026-07-13 00:11:18.915615,2.6658623218536377,-10.402419090270996,1098.7384796142578,1797.074317932129,1090.5171394348145,1825.331449508667,19.0,24.5,1,1,0,0
1783872678992628400,2026-07-13 00:11:18.992629,2.6373841762542725,-10.853902816772461,989.0296936035156,1804.5889139175415,1083.0479621887207,1809.3563318252563,23.5,33.5,1,1,0,0
1783872679026042300,2026-07-13 00:11:19.026042,2.5878002643585205,-9.723626136779785,980.1395416259766,1756.5134763717651,1083.0479621887207,1806.5108060836792,17.5,20.5,1,1,0,0
1783872679058222900,2026-07-13 00:11:19.058223,2.67082142829895,-10.90378189086914,876.1712074279785,1826.5231847763062,1083.0479621887207,1825.331449508667,23.0,21.0,1,1,0,0
1783872679087958200,2026-07-13 00:11:19.087958,2.82319974899292,-11.062226295471191,1007.3810577392578,1851.3480424880981,1007.3810577392578,1809.3563318252563,22.0,36.0,1,1,0,0
1783872679119346200,2026-07-13 00:11:19.119346,2.8496527671813965,-9.899385452270508,1223.5965728759766,1748.0522394180298,1083.0479621887207,1806.5108060836792,16.5,31.5,1,1,0,0
1783872679150253000,2026-07-13 00:11:19.150253,2.761784791946411,-10.227686882019043,1203.5560607910156,1752.6893615722656,1083.0479621887207,1809.3563318252563,31.0,27.5,1,1,0,0
1783872679181967600,2026-07-13 00:11:19.181967,2.6381916999816895,-9.78786563873291,1192.782974243164,1745.1430559158325,1083.0479621887207,1806.5108060836792,18.5,27.5,1,1,0,0
1783872679214199600,2026-07-13 00:11:19.214200,2.8819308280944824,-11.172669410705566,1280.0472259521484,1846.8704223632812,1192.782974243164,1806.5108060836792,32.5,14.5,1,1,0,0
1783872679243089500,2026-07-13 00:11:19.243089,3.040414333343506,-11.101555824279785,1371.9608306884766,1839.1344547271729,1192.782974243164,1809.3563318252563,22.5,24.0,1,1,0,0
1783872679274821500,2026-07-13 00:11:19.274821,2.7349741458892822,-9.759159088134766,1484.332275390625,1732.9061031341553,1192.782974243164,1806.5108060836792,36.0,27.0,1,1,0,0
1783872679306214200,2026-07-13 00:11:19.306214,2.7935383319854736,-9.718792915344238,1605.7950973510742,1713.9835357666016,1280.0472259521484,1806.5108060836792,35.5,27.5,1,1,0,0
1783872679340938800,2026-07-13 00:11:19.340939,2.881196975708008,-7.878613471984863,1678.670883178711,1267.6665782928467,1371.9608306884766,1806.5108060836792,57.0,40.5,1,1,0,0
1783872679377460800,2026-07-13 00:11:19.377461,2.585202217102051,-9.077359199523926,1851.3187408447266,1473.7980365753174,1484.332275390625,1732.9061031341553,54.0,42.5,1,1,0,0
1783872679407924900,2026-07-13 00:11:19.407925,2.9197895526885986,-9.351096153259277,1720.8866119384766,1419.1447496414185,1605.7950973510742,1713.9835357666016,58.0,49.5,1,1,0,0
1783872679443083600,2026-07-13 00:11:19.443084,2.9024102687835693,-8.571059226989746,1819.0650939941406,1311.4688396453857,1678.670883178711,1473.7980365753174,57.5,47.0,1,1,0,0
1783872679483078000,2026-07-13 00:11:19.483078,2.8330676555633545,-9.011017799377441,1889.914321899414,1413.2448434829712,1720.8866119384766,1473.7980365753174,68.5,40.5,1,1,0,0
1783872679515765400,2026-07-13 00:11:19.515765,2.6987907886505127,-9.533195495605469,1831.4477920532227,1520.876407623291,1720.8866119384766,1520.876407623291,56.5,47.0,1,1,0,0
1783872679547881300,2026-07-13 00:11:19.547881,3.0291340351104736,-9.597491264343262,1567.0807838439941,1485.1737022399902,1678.670883178711,1473.7980365753174,54.5,49.0,1,1,0,0
1783872679577966300,2026-07-13 00:11:19.577966,3.025479555130005,-9.683144569396973,1659.8127365112305,1494.6001768112183,1720.8866119384766,1485.1737022399902,60.0,51.0,1,1,0,0
1783872679611291800,2026-07-13 00:11:19.611292,3.127047300338745,-9.66196060180664,1637.9491806030273,1483.5174083709717,1678.670883178711,1485.1737022399902,56.0,48.0,1,1,0,0
1783872679645863900,2026-07-13 00:11:19.645864,3.255122423171997,-9.51486873626709,1646.8416213989258,1419.0019369125366,1659.8127365112305,1473.7980365753174,68.0,42.5,1,1,0,0
1783872679679649800,2026-07-13 00:11:19.679650,3.1314263343811035,-9.12035846710205,1730.9627532958984,1376.7716884613037,1720.8866119384766,1483.5174083709717,61.0,41.5,1,1,0,0
1783872679713229600,2026-07-13 00:11:19.713230,3.044555902481079,-9.316633224487305,1905.4279327392578,1411.0058546066284,1678.670883178711,1473.7980365753174,59.5,41.0,1,1,0,0
1783872679749362800,2026-07-13 00:11:19.749363,2.984999179840088,-9.684816360473633,1791.1056518554688,1469.7452783584595,1720.8866119384766,1469.7452783584595,59.0,41.5,1,1,0,0
1783872679791801400,2026-07-13 00:11:19.791801,2.8251218795776367,-8.878911972045898,1787.7079010009766,1417.1234369277954,1730.9627532958984,1469.7452783584595,65.0,47.5,1,1,0,0
1783872679833153900,2026-07-13 00:11:19.833154,2.929537057876587,-9.118697166442871,1841.3190841674805,1425.6030321121216,1787.7079010009766,1469.7452783584595,65.0,40.0,1,1,0,0
1783872679868090400,2026-07-13 00:11:19.868090,3.187396764755249,-9.035179138183594,1635.6565475463867,1378.7798881530762,1720.8866119384766,1469.7452783584595,44.5,41.5,1,1,0,0
1783872679902868700,2026-07-13 00:11:19.902869,2.882105588912964,-8.466458320617676,1949.0020751953125,1291.9176816940308,1787.7079010009766,1425.6030321121216,65.0,50.5,1,1,0,0
1783872679939753900,2026-07-13 00:11:19.939754,2.835920810699463,-8.820512771606445,1968.9231872558594,1414.4703149795532,1787.7079010009766,1425.6030321121216,71.0,40.0,1,1,0,0
1783872679999618100,2026-07-13 00:11:19.999618,3.165701389312744,-9.005107879638672,1968.7034606933594,1332.57257938385,1787.7079010009766,1414.4703149795532,62.5,42.5,1,1,0,0
1783872680038027300,2026-07-13 00:11:20.038027,2.9250571727752686,-7.756045818328857,1876.261329650879,1264.9542093276978,1876.261329650879,1414.4703149795532,46.5,38.0,1,1,0,0
1783872680076163000,2026-07-13 00:11:20.076163,3.2143213748931885,-9.747885704040527,1934.786033630371,1450.437068939209,1876.261329650879,1425.6030321121216,65.0,44.0,1,1,0,0
1783872680109030100,2026-07-13 00:11:20.109030,2.8195228576660156,-10.134454727172852,1985.799789428711,1530.3800106048584,1876.261329650879,1414.4703149795532,54.0,52.0,1,1,0,0
1783872680144286900,2026-07-13 00:11:20.144287,2.4300291538238525,-10.289307594299316,2095.8234786987305,1589.6350145339966,1876.261329650879,1425.6030321121216,68.0,39.0,1,1,0,0
1783872680179956300,2026-07-13 00:11:20.179956,2.6605641841888428,-10.201512336730957,2277.6756286621094,1501.3943910598755,1934.786033630371,1450.437068939209,70.0,48.0,1,1,0,0
1783872680201205300,2026-07-13 00:11:20.201205,2.5654690265655518,-10.65810489654541,2370.1711654663086,1565.9672021865845,1985.799789428711,1501.3943910598755,64.0,46.5,1,1,0,0
1783872680236385100,2026-07-13 00:11:20.236385,2.5530335903167725,-11.176382064819336,2342.736053466797,1662.6484394073486,2095.8234786987305,1501.3943910598755,68.5,47.0,1,1,0,0
1783872680271057800,2026-07-13 00:11:20.271058,2.496943235397339,-11.092650413513184,2383.257293701172,1638.4798288345337,2277.6756286621094,1501.3943910598755,61.0,45.5,1,1,0,0
1783872680303354500,2026-07-13 00:11:20.303355,2.6787002086639404,-11.17239761352539,2529.000473022461,1689.3261671066284,2342.736053466797,1565.9672021865845,68.0,38.0,1,1,0,0
1783872680341433300,2026-07-13 00:11:20.341433,2.3392155170440674,-11.475372314453125,2661.8125915527344,1746.0132837295532,2342.736053466797,1638.4798288345337,70.5,42.0,1,1,0,0
1783872680374651400,2026-07-13 00:11:20.374651,2.330894708633423,-11.97965145111084,2510.171318054199,1836.8825912475586,2383.257293701172,1638.4798288345337,72.5,37.5,1,1,0,0
1783872680405702500,2026-07-13 00:11:20.405702,2.425769090652466,-11.68631649017334,2484.3692779541016,1821.9430446624756,2484.3692779541016,1689.3261671066284,72.0,36.5,1,1,0,0
1783872680448200400,2026-07-13 00:11:20.448200,2.6540205478668213,-12.685182571411133,2396.0744857788086,1784.387469291687,2396.0744857788086,1746.0132837295532,76.5,45.5,1,1,0,0
1783872680481921700,2026-07-13 00:11:20.481922,2.6576969623565674,-12.710410118103027,2580.340576171875,1745.324969291687,2484.3692779541016,1745.324969291687,75.0,52.0,1,1,0,0
1783872680521225100,2026-07-13 00:11:20.521225,2.5846450328826904,-12.78859806060791,2343.040657043457,1806.5112829208374,2484.3692779541016,1746.0132837295532,67.0,43.0,1,1,0,0
1783872680558099500,2026-07-13 00:11:20.558100,2.8024635314941406,-11.491007804870605,1873.6820220947266,1783.4651470184326,2396.0744857788086,1746.0132837295532,51.5,39.5,1,1,0,0
1783872680595528500,2026-07-13 00:11:20.595528,2.7561328411102295,-10.647292137145996,1650.6654739379883,1753.8671493530273,2396.0744857788086,1746.0132837295532,46.0,37.5,1,1,0,0
1783872680631318500,2026-07-13 00:11:20.631319,2.7496750354766846,-10.751351356506348,1809.7042083740234,1750.3063678741455,2343.040657043457,1750.3063678741455,31.0,40.0,1,1,0,0
1783872680663913000,2026-07-13 00:11:20.663913,2.8731586933135986,-11.147167205810547,1598.6525535583496,1814.3256902694702,1873.6820220947266,1750.3063678741455,31.5,44.0,1,1,0,0
1783872680699599500,2026-07-13 00:11:20.699600,2.86872935295105,-10.934447288513184,1725.152587890625,1775.4735946655273,1809.7042083740234,1750.3063678741455,31.5,33.5,1,1,0,0
1783872680754270200,2026-07-13 00:11:20.754270,3.053884983062744,-11.563490867614746,1626.2140274047852,1805.1121234893799,1809.7042083740234,1750.3063678741455,44.0,31.5,1,1,0,0
1783872680788307300,2026-07-13 00:11:20.788307,3.103478193283081,-11.946439743041992,1409.8024368286133,1838.525414466858,1725.152587890625,1775.4735946655273,45.0,40.0,1,1,0,0
1783872680840128000,2026-07-13 00:11:20.840128,3.0471439361572266,-12.053570747375488,1327.3102760314941,1856.6855192184448,1725.152587890625,1775.4735946655273,32.5,33.5,1,1,0,0
1783872680880068700,2026-07-13 00:11:20.880069,2.853968858718872,-11.13858699798584,1867.0766830444336,1820.64950466156,1809.7042083740234,1805.1121234893799,42.0,41.5,1,1,0,0
1783872680932314700,2026-07-13 00:11:20.932315,3.020423650741577,-11.421582221984863,1871.626091003418,1787.9719734191895,1725.152587890625,1787.9719734191895,45.0,42.0,1,1,0,0
1783872680971088700,2026-07-13 00:11:20.971089,3.0768518447875977,-11.77476692199707,1770.146369934082,1819.9126720428467,1770.146369934082,1805.1121234893799,50.0,44.0,1,1,0,0
1783872681002022200,2026-07-13 00:11:21.002022,2.9228363037109375,-11.372053146362305,1958.5752487182617,1808.3915710449219,1809.7042083740234,1805.1121234893799,45.5,33.0,1,1,0,0
1783872681036784300,2026-07-13 00:11:21.036784,2.9819583892822266,-10.992622375488281,1977.9870986938477,1718.0604934692383,1809.7042083740234,1787.9719734191895,43.5,42.0,1,1,0,0
1783872681082009000,2026-07-13 00:11:21.082009,2.8959336280822754,-11.340084075927734,1891.1333084106445,1790.1949882507324,1809.7042083740234,1805.1121234893799,45.0,35.5,1,1,0,0
1783872681116315200,2026-07-13 00:11:21.116315,3.011795997619629,-11.618518829345703,1677.0185470581055,1807.9009056091309,1809.7042083740234,1805.1121234893799,52.0,37.0,1,1,0,0
1783872681148479700,2026-07-13 00:11:21.148480,3.0506083965301514,-11.492316246032715,1686.5358352661133,1787.5022888183594,1809.7042083740234,1787.9719734191895,42.5,39.0,1,1,0,0
1783872681195913700,2026-07-13 00:11:21.195914,2.942574977874756,-11.801074028015137,1776.9672393798828,1802.659273147583,1809.7042083740234,1802.659273147583,35.0,37.0,1,1,0,0
1783872681231045500,2026-07-13 00:11:21.231045,2.981145143508911,-11.447266578674316,1580.8732986450195,1806.7328929901123,1776.9672393798828,1805.1121234893799,39.5,37.0,1,1,0,0
1783872681270215200,2026-07-13 00:11:21.270215,3.127053737640381,-11.46753978729248,1422.778606414795,1775.3435373306274,1776.9672393798828,1787.9719734191895,44.0,37.0,1,1,0,0
1783872681306209400,2026-07-13 00:11:21.306209,3.073697090148926,-11.036032676696777,1542.8536415100098,1750.410556793213,1776.9672393798828,1802.659273147583,43.0,35.5,1,1,0,0
1783872681349707600,2026-07-13 00:11:21.349708,3.156369686126709,-11.837970733642578,1421.8246459960938,1785.0545644760132,1580.8732986450195,1787.9719734191895,46.0,38.5,1,1,0,0
1783872681385160700,2026-07-13 00:11:21.385161,3.0886340141296387,-11.022594451904297,1689.4935607910156,1766.1786079406738,1689.4935607910156,1785.0545644760132,42.5,34.5,1,1,0,0
1783872681419806300,2026-07-13 00:11:21.419806,3.0050179958343506,-11.195960998535156,1718.283462524414,1764.259934425354,1718.283462524414,1785.0545644760132,47.5,32.0,1,1,0,0
1783872681451902600,2026-07-13 00:11:21.451903,2.9539124965667725,-12.060124397277832,1680.5437088012695,1819.0559148788452,1680.5437088012695,1787.9719734191895,48.0,32.0,1,1,0,0
1783872681484484200,2026-07-13 00:11:21.484484,2.8320930004119873,-11.440496444702148,1844.5566177368164,1813.0295276641846,1689.4935607910156,1785.0545644760132,48.5,37.0,1,1,0,0
1783872681535939300,2026-07-13 00:11:21.535939,2.8059496879577637,-11.674123764038086,1960.1249694824219,1803.5389184951782,1718.283462524414,1787.9719734191895,41.5,31.5,1,1,0,0
1783872681571643900,2026-07-13 00:11:21.571644,2.6003172397613525,-10.966740608215332,2147.7827072143555,1770.9803581237793,1718.283462524414,1787.9719734191895,49.5,32.0,1,1,0,0
1783872681605559100,2026-07-13 00:11:21.605559,2.7181854248046875,-11.372084617614746,2091.8859481811523,1806.7309856414795,1844.5566177368164,1787.9719734191895,48.5,34.0,1,1,0,0
1783872681641008100,2026-07-13 00:11:21.641008,2.899170398712158,-11.993287086486816,1817.0818328857422,1785.0322723388672,1817.0818328857422,1787.9719734191895,48.0,30.5,1,1,0,0
1783872681674693200,2026-07-13 00:11:21.674693,2.6360740661621094,-11.035731315612793,2209.002685546875,1758.9432001113892,1844.5566177368164,1787.9719734191895,57.5,41.5,1,1,0,0
1783872681709213700,2026-07-13 00:11:21.709214,2.730792999267578,-11.708539009094238,2131.726837158203,1825.0631093978882,1844.5566177368164,1787.9719734191895,52.0,38.5,1,1,0,0
1783872681745183200,2026-07-13 00:11:21.745183,2.7841551303863525,-11.86402702331543,1925.4003524780273,1830.6363821029663,1844.5566177368164,1787.9719734191895,62.0,41.0,1,1,0,0
1783872681782186200,2026-07-13 00:11:21.782186,2.7463910579681396,-11.708544731140137,1772.0882415771484,1841.4890766143799,1844.5566177368164,1787.9719734191895,49.5,36.5,1,1,0,0
1783872681820084800,2026-07-13 00:11:21.820085,2.9359490871429443,-12.20705795288086,1631.3955307006836,1858.7321043014526,1844.5566177368164,1825.0631093978882,47.0,35.0,1,1,0,0
1783872681853761700,2026-07-13 00:11:21.853762,2.904541254043579,-11.814704895019531,1614.947509765625,1856.4529418945312,1844.5566177368164,1830.6363821029663,45.0,40.0,1,1,0,0
1783872681929393400,2026-07-13 00:11:21.929393,2.9277002811431885,-11.142593383789062,1808.0390930175781,1777.433156967163,1808.0390930175781,1787.9719734191895,60.5,41.0,1,1,0,0
1783872681969048000,2026-07-13 00:11:21.969048,2.9556896686553955,-11.931923866271973,1605.8408737182617,1856.3861846923828,1808.0390930175781,1830.6363821029663,45.5,39.5,1,1,0,0
1783872682001285500,2026-07-13 00:11:22.001285,3.0717036724090576,-11.65322208404541,1320.02592086792,1807.8370094299316,1808.0390930175781,1830.6363821029663,48.0,40.5,1,1,0,0
1783872682039512700,2026-07-13 00:11:22.039513,2.828230619430542,-11.523953437805176,1742.9130554199219,1843.751311302185,1808.0390930175781,1830.6363821029663,55.0,39.5,1,1,0,0
1783872682071068900,2026-07-13 00:11:22.071069,2.7655563354492188,-11.595169067382812,1820.8978652954102,1821.92063331604,1808.0390930175781,1830.6363821029663,47.5,39.5,1,1,0,0
1783872682101968000,2026-07-13 00:11:22.101968,2.7259979248046875,-11.770096778869629,2001.1363983154297,1826.577067375183,1808.0390930175781,1830.6363821029663,68.5,39.5,1,1,0,0
1783872682165052600,2026-07-13 00:11:22.165053,2.6041691303253174,-11.610932350158691,2198.18115234375,1840.1989936828613,1808.0390930175781,1830.6363821029663,46.5,40.0,1,1,0,0
1783872682199720200,2026-07-13 00:11:22.199720,2.7287018299102783,-11.547146797180176,2156.9501876831055,1771.3040113449097,1820.8978652954102,1830.6363821029663,47.0,34.0,1,1,0,0
1783872682234489100,2026-07-13 00:11:22.234489,2.8884384632110596,-12.143842697143555,1969.7540283203125,1804.3608665466309,1969.7540283203125,1830.6363821029663,42.5,35.5,1,1,0,0
1783872682268670500,2026-07-13 00:11:22.268671,2.824754476547241,-12.067920684814453,1911.948585510254,1843.6540365219116,1911.948585510254,1830.6363821029663,55.0,40.5,1,1,0,0
1783872682299956200,2026-07-13 00:11:22.299956,2.9406375885009766,-11.412388801574707,1990.8435821533203,1734.383225440979,1969.7540283203125,1830.6363821029663,60.0,40.5,1,1,0,0
1783872682329147300,2026-07-13 00:11:22.329147,2.9287960529327393,-11.827960014343262,1811.0843658447266,1761.8376016616821,1969.7540283203125,1830.6363821029663,50.0,44.0,1,1,0,0
1783872682363835400,2026-07-13 00:11:22.363835,2.7473182678222656,-11.349964141845703,1794.755744934082,1838.3934497833252,1911.948585510254,1830.6363821029663,49.0,46.0,1,1,0,0
1783872682398114300,2026-07-13 00:11:22.398114,2.714228391647339,-11.249039649963379,1811.3420486450195,1843.0875539779663,1911.948585510254,1830.6363821029663,43.5,38.0,1,1,0,0
1783872682437056200,2026-07-13 00:11:22.437056,2.750056505203247,-11.524203300476074,1900.197982788086,1836.215615272522,1900.197982788086,1830.6363821029663,51.0,47.5,1,1,0,0
1783872682469549800,2026-07-13 00:11:22.469550,2.700382947921753,-11.536796569824219,1944.8661804199219,1834.3567848205566,1911.948585510254,1834.3567848205566,53.0,50.5,1,1,0,0
1783872682502632500,2026-07-13 00:11:22.502632,2.605262041091919,-11.594675064086914,1889.9782180786133,1863.3110523223877,1900.197982788086,1834.3567848205566,50.0,41.5,1,1,0,0
1783872682534734200,2026-07-13 00:11:22.534734,2.411069869995117,-11.770058631896973,2069.093894958496,1869.786262512207,1900.197982788086,1834.3567848205566,50.0,51.0,1,1,0,0
1783872682568065100,2026-07-13 00:11:22.568065,2.335365056991577,-10.5692720413208,2308.3555221557617,1718.5838222503662,1911.948585510254,1834.3567848205566,57.5,47.5,1,1,0,0
1783872682600955100,2026-07-13 00:11:22.600955,2.4231841564178467,-11.3389253616333,2236.442184448242,1766.451358795166,1911.948585510254,1834.3567848205566,54.5,49.5,1,1,0,0
1783872682637995300,2026-07-13 00:11:22.637995,2.335587501525879,-11.29105281829834,2310.761070251465,1753.4470558166504,2069.093894958496,1834.3567848205566,55.5,49.5,1,1,0,0
1783872682668650400,2026-07-13 00:11:22.668650,2.661170482635498,-11.704216957092285,2330.4065704345703,1713.4840488433838,2236.442184448242,1766.451358795166,44.0,37.0,1,1,0,0
1783872682702013100,2026-07-13 00:11:22.702013,2.699993133544922,-12.11481761932373,2089.2948150634766,1782.375454902649,2089.2948150634766,1782.375454902649,45.5,44.0,1,1,0,0
1783872682735717400,2026-07-13 00:11:22.735717,2.601356267929077,-11.311301231384277,2246.529960632324,1782.3069095611572,2236.442184448242,1782.3069095611572,47.0,42.5,1,1,0,0
1783872682772217300,2026-07-13 00:11:22.772217,2.569978952407837,-11.860199928283691,1950.6536483764648,1827.1714448928833,2236.442184448242,1782.3069095611572,48.0,40.0,1,1,0,0
1783872682825299600,2026-07-13 00:11:22.825300,2.6997334957122803,-11.113274574279785,1939.8466110229492,1808.4092140197754,2089.2948150634766,1782.375454902649,41.0,38.5,1,1,0,0
1783872682873717900,2026-07-13 00:11:22.873718,2.8227596282958984,-11.70755386352539,1631.315040588379,1803.5699129104614,2089.2948150634766,1782.375454902649,46.0,40.0,1,1,0,0
1783872682912202700,2026-07-13 00:11:22.912203,2.724862813949585,-11.4734468460083,1807.5620651245117,1862.4635934829712,1950.6536483764648,1803.5699129104614,41.0,35.5,1,1,0,0
1783872682958386000,2026-07-13 00:11:22.958386,2.694019079208374,-10.650040626525879,1915.9303665161133,1800.4738092422485,1939.8466110229492,1800.4738092422485,35.0,41.5,1,1,0,0
1783872683008799100,2026-07-13 00:11:23.008799,2.979696035385132,-11.00528621673584,1421.9901084899902,1811.3034963607788,1915.9303665161133,1803.5699129104614,41.0,40.0,1,1,0,0
1783872683052423600,2026-07-13 00:11:23.052424,3.007723331451416,-11.521349906921387,1304.8992156982422,1841.8101072311401,1915.9303665161133,1803.5699129104614,32.0,43.0,1,1,0,0
1783872683090314500,2026-07-13 00:11:23.090314,3.0376992225646973,-11.792770385742188,1242.7042961120605,1849.3250608444214,1915.9303665161133,1803.5699129104614,30.5,37.0,1,1,0,0
1783872683127861600,2026-07-13 00:11:23.127861,2.89941668510437,-10.999009132385254,1358.307933807373,1822.8408098220825,1421.9901084899902,1811.3034963607788,29.5,33.5,1,1,0,0
1783872683177964400,2026-07-13 00:11:23.177964,2.8895492553710938,-11.937726974487305,1046.8907356262207,1863.0666732788086,1358.307933807373,1822.8408098220825,33.0,32.0,1,1,0,0
1783872683211741200,2026-07-13 00:11:23.211741,2.9668128490448,-11.445663452148438,1307.628345489502,1866.449236869812,1358.307933807373,1822.8408098220825,35.5,28.5,1,1,0,0
1783872683246046700,2026-07-13 00:11:23.246047,2.9953196048736572,-11.274914741516113,1310.840129852295,1837.845802307129,1358.307933807373,1822.8408098220825,16.5,35.5,1,1,0,0
1783872683285519900,2026-07-13 00:11:23.285520,2.5766890048980713,-10.469996452331543,1784.6895217895508,1752.5062561035156,1358.307933807373,1822.8408098220825,28.0,36.5,1,1,0,0
1783872683319996700,2026-07-13 00:11:23.319997,2.603661060333252,-9.58210277557373,1658.4409713745117,1605.3392887115479,1358.307933807373,1822.8408098220825,31.5,40.5,1,1,0,0
1783872683357056200,2026-07-13 00:11:23.357056,2.6078381538391113,-9.89162540435791,1717.5519943237305,1637.3487710952759,1358.307933807373,1822.8408098220825,33.0,40.0,1,1,0,0
1783872683389423100,2026-07-13 00:11:23.389423,2.8012726306915283,-9.896283149719238,1666.7634963989258,1624.772310256958,1658.4409713745117,1752.5062561035156,43.5,40.5,1,1,0,0
1783872683424047700,2026-07-13 00:11:23.424048,2.6330173015594482,-9.813525199890137,1660.4333877563477,1623.567819595337,1658.4409713745117,1637.3487710952759,46.0,47.0,1,1,0,0
1783872683460980900,2026-07-13 00:11:23.460981,2.7893364429473877,-8.901122093200684,1806.0386657714844,1481.4629554748535,1660.4333877563477,1637.3487710952759,45.0,40.5,1,1,0,0
1783872683494013100,2026-07-13 00:11:23.494013,2.543485403060913,-10.064672470092773,1805.641746520996,1674.0747690200806,1660.4333877563477,1674.0747690200806,59.5,43.0,1,1,0,0
1783872683526191800,2026-07-13 00:11:23.526192,3.2001841068267822,-9.69237995147705,1748.673439025879,1535.1665019989014,1660.4333877563477,1637.3487710952759,59.0,47.5,1,1,0,0
1783872683560962100,2026-07-13 00:11:23.560962,2.5371453762054443,-9.466339111328125,1693.9830780029297,1606.292963027954,1693.9830780029297,1637.3487710952759,63.0,49.0,1,1,0,0
1783872683595801300,2026-07-13 00:11:23.595801,3.0276975631713867,-9.320176124572754,1718.962287902832,1503.5384893417358,1693.9830780029297,1637.3487710952759,60.5,47.5,1,1,0,0
1783872683642214500,2026-07-13 00:11:23.642214,2.8993875980377197,-7.620815753936768,1635.9590530395508,1298.366665840149,1660.4333877563477,1606.292963027954,63.0,46.5,1,1,0,0
1783872683682013000,2026-07-13 00:11:23.682013,2.9785280227661133,-7.6005778312683105,1617.1463012695312,1273.7027406692505,1693.9830780029297,1606.292963027954,59.5,53.0,1,1,0,0
1783872683714961800,2026-07-13 00:11:23.714962,2.972388982772827,-7.709758758544922,1680.4729461669922,1313.2563829421997,1680.4729461669922,1503.5384893417358,63.0,45.0,1,1,0,0
1783872683748632500,2026-07-13 00:11:23.748633,2.972388982772827,-7.709758758544922,1680.4729461669922,1313.2563829421997,1680.4729461669922,1313.2563829421997,64.0,51.5,1,1,0,0
1783872683784707000,2026-07-13 00:11:23.784707,2.6759109497070312,-7.615874767303467,1791.6149139404297,1315.4101371765137,1693.9830780029297,1315.4101371765137,66.0,47.5,1,1,0,0
1783872683819767600,2026-07-13 00:11:23.819767,2.7446200847625732,-8.456558227539062,1970.6954956054688,1396.3570594787598,1680.4729461669922,1396.3570594787598,63.0,48.0,1,1,0,0
1783872683853995400,2026-07-13 00:11:23.853996,2.934832811355591,-9.74811840057373,1631.2355041503906,1541.9007539749146,1680.4729461669922,1315.4101371765137,68.0,56.5,1,1,0,0
1783872683885992800,2026-07-13 00:11:23.885993,2.8866398334503174,-9.644923210144043,1746.4628219604492,1541.8705940246582,1693.9830780029297,1396.3570594787598,56.0,39.0,1,1,0,0
1783872683921182000,2026-07-13 00:11:23.921182,2.990384578704834,-9.636445999145508,1661.1846923828125,1563.0213022232056,1680.4729461669922,1396.3570594787598,71.0,52.5,1,1,0,0
1783872683959120800,2026-07-13 00:11:23.959121,2.9852612018585205,-10.100122451782227,1705.0193786621094,1632.2400569915771,1680.4729461669922,1541.8705940246582,65.0,50.0,1,1,0,0
1783872684052990200,2026-07-13 00:11:24.052990,2.8818769454956055,-11.095422744750977,1940.846061706543,1727.0703315734863,1693.9830780029297,1541.8705940246582,66.0,55.0,1,1,0,0
1783872684085402200,2026-07-13 00:11:24.085402,2.8572418689727783,-10.988139152526855,1992.1789169311523,1719.4324731826782,1693.9830780029297,1563.0213022232056,58.5,51.0,1,1,0,0
1783872684117734500,2026-07-13 00:11:24.117734,2.90740704536438,-10.89377498626709,2047.623062133789,1687.5157356262207,1705.0193786621094,1632.2400569915771,44.5,48.5,1,1,0,0
1783872684148653100,2026-07-13 00:11:24.148653,2.6802847385406494,-11.298298835754395,1712.8999710083008,1866.9390678405762,1712.8999710083008,1687.5157356262207,53.5,48.5,1,1,0,0
1783872684179800400,2026-07-13 00:11:24.179800,2.738046169281006,-10.579964637756348,1910.672378540039,1759.3516111373901,1712.8999710083008,1687.5157356262207,51.5,40.5,1,1,0,0
1783872684213360400,2026-07-13 00:11:24.213360,2.9636988639831543,-10.84251594543457,1596.9610214233398,1795.2873706817627,1705.0193786621094,1687.5157356262207,48.0,38.0,1,1,0,0
1783872684248109500,2026-07-13 00:11:24.248110,2.6984500885009766,-11.296891212463379,1628.4578323364258,1824.2833614349365,1712.8999710083008,1759.3516111373901,48.0,37.0,1,1,0,0
1783872684279119200,2026-07-13 00:11:24.279119,2.693411111831665,-10.149415016174316,1779.256820678711,1736.0706329345703,1712.8999710083008,1736.0706329345703,52.5,30.0,1,1,0,0
1783872684309900300,2026-07-13 00:11:24.309900,2.821737289428711,-10.29793930053711,1696.3865280151367,1745.2149391174316,1705.0193786621094,1745.2149391174316,51.5,41.5,1,1,0,0
1783872684346119400,2026-07-13 00:11:24.346119,2.7581915855407715,-11.076517105102539,1563.5917663574219,1846.400499343872,1705.0193786621094,1759.3516111373901,48.0,40.5,1,1,0,0
1783872684378001700,2026-07-13 00:11:24.378002,2.7634079456329346,-10.566656112670898,1711.4883422851562,1808.7774515151978,1711.4883422851562,1745.2149391174316,47.0,28.5,1,1,0,0
1783872684414365900,2026-07-13 00:11:24.414366,2.7583563327789307,-11.277056694030762,1765.3497695922852,1829.3025493621826,1705.0193786621094,1759.3516111373901,54.5,29.0,1,1,0,0
1783872684455703900,2026-07-13 00:11:24.455704,2.952277898788452,-11.08407211303711,1576.1259078979492,1836.841106414795,1705.0193786621094,1808.7774515151978,49.0,30.0,1,1,0,0
1783872684490887700,2026-07-13 00:11:24.490888,2.873588800430298,-10.084216117858887,1594.2752838134766,1750.1965761184692,1705.0193786621094,1750.1965761184692,35.5,28.5,1,1,0,0
1783872684523067900,2026-07-13 00:11:24.523068,2.963404893875122,-10.934771537780762,1369.9289321899414,1810.6564283370972,1705.0193786621094,1808.7774515151978,33.5,28.5,1,1,0,0
1783872684553215000,2026-07-13 00:11:24.553215,3.114318370819092,-11.136664390563965,1421.953296661377,1803.5410642623901,1594.2752838134766,1808.7774515151978,25.5,23.5,1,1,0,0
1783872684587080000,2026-07-13 00:11:24.587080,3.0356085300445557,-10.78110122680664,1278.7109375,1783.550500869751,1594.2752838134766,1783.550500869751,31.0,29.0,1,1,0,0
1783872684619961900,2026-07-13 00:11:24.619962,2.8949122428894043,-10.977328300476074,1122.0561981201172,1831.0986757278442,1421.953296661377,1808.7774515151978,38.0,30.0,1,1,0,0
1783872684651087800,2026-07-13 00:11:24.651088,2.9396181106567383,-11.02788257598877,1154.1611671447754,1811.7271661758423,1421.953296661377,1808.7774515151978,27.5,30.0,1,1,0,0
1783872684686505400,2026-07-13 00:11:24.686506,3.103783130645752,-10.968710899353027,1411.7767333984375,1794.7989702224731,1411.7767333984375,1794.7989702224731,32.5,28.0,1,1,0,0
1783872684719201600,2026-07-13 00:11:24.719202,3.0482237339019775,-10.581732749938965,1427.5752067565918,1774.926781654358,1421.953296661377,1808.7774515151978,27.0,29.5,1,1,0,0
1783872684751194600,2026-07-13 00:11:24.751195,3.1693832874298096,-10.65599536895752,1496.168613433838,1780.0759077072144,1421.953296661377,1794.7989702224731,30.5,27.5,1,1,0,0
1783872684782323400,2026-07-13 00:11:24.782323,3.0826539993286133,-10.443108558654785,1450.2289772033691,1791.861653327942,1421.953296661377,1794.7989702224731,33.5,27.5,1,1,0,0
1783872684812764500,2026-07-13 00:11:24.812764,3.0183868408203125,-10.559501647949219,1385.459804534912,1794.978380203247,1421.953296661377,1794.978380203247,35.0,27.5,1,1,0,0
1783872684843405600,2026-07-13 00:11:24.843405,2.5256524085998535,-10.342437744140625,1095.4265594482422,1751.1234283447266,1421.953296661377,1794.7989702224731,33.5,18.0,1,1,0,0
1783872684872979300,2026-07-13 00:11:24.872979,2.816411018371582,-10.88719367980957,1192.7132606506348,1869.7987794876099,1421.953296661377,1794.7989702224731,31.0,28.0,1,1,0,0
1783872684908212400,2026-07-13 00:11:24.908212,2.9156839847564697,-10.271456718444824,1352.9824256896973,1819.7441101074219,1385.459804534912,1794.978380203247,26.5,26.0,1,1,0,0
1783872684939383300,2026-07-13 00:11:24.939383,2.746417760848999,-10.47042465209961,1301.5289306640625,1835.1274728775024,1352.9824256896973,1794.978380203247,26.0,27.0,1,1,0,0
1783872684970851300,2026-07-13 00:11:24.970851,3.0183353424072266,-10.656861305236816,1379.5942306518555,1795.3320741653442,1379.5942306518555,1795.3320741653442,33.5,26.0,1,1,0,0
1783872684999953800,2026-07-13 00:11:24.999954,2.8716135025024414,-10.8082857131958,1367.0327186584473,1806.4842224121094,1367.0327186584473,1795.3320741653442,36.5,26.5,1,1,0,0
1783872685032091800,2026-07-13 00:11:25.032092,3.092897653579712,-11.093544960021973,1347.3313331604004,1824.737787246704,1352.9824256896973,1795.3320741653442,35.0,22.5,1,1,0,0
1783872685099980700,2026-07-13 00:11:25.099981,2.926572561264038,-10.893997192382812,1283.8661193847656,1801.0200262069702,1367.0327186584473,1795.3320741653442,34.5,27.0,1,1,0,0
1783872685142232400,2026-07-13 00:11:25.142232,2.9222049713134766,-10.861571311950684,1343.6779022216797,1847.307801246643,1352.9824256896973,1801.0200262069702,31.5,24.5,1,1,0,0
1783872685187762600,2026-07-13 00:11:25.187763,2.5001773834228516,-10.201706886291504,1180.6068420410156,1788.9260053634644,1347.3313331604004,1795.3320741653442,28.5,28.0,1,1,0,0
1783872685219655300,2026-07-13 00:11:25.219656,2.5676422119140625,-10.354379653930664,1058.1913948059082,1733.9626550674438,1343.6779022216797,1795.3320741653442,24.0,30.5,1,1,0,0
1783872685251472500,2026-07-13 00:11:25.251472,2.399637460708618,-9.177526473999023,1141.8981552124023,1666.4360761642456,1343.6779022216797,1795.3320741653442,23.0,13.5,1,1,0,0
1783872685276958200,2026-07-13 00:11:25.276958,2.664693593978882,-9.96826457977295,1079.3622016906738,1777.2248983383179,1180.6068420410156,1788.9260053634644,22.5,10.5,1,1,0,0
1783872685321996000,2026-07-13 00:11:25.321996,2.949610948562622,-10.214272499084473,1227.1820068359375,1781.1486721038818,1227.1820068359375,1781.1486721038818,33.5,21.5,1,1,0,0
1783872685361028000,2026-07-13 00:11:25.361028,2.868121862411499,-9.78060245513916,1247.970199584961,1753.9451122283936,1247.970199584961,1781.1486721038818,39.0,26.0,1,1,0,0
1783872685395159500,2026-07-13 00:11:25.395159,2.9028899669647217,-10.321070671081543,1337.9329681396484,1790.7484769821167,1227.1820068359375,1788.9260053634644,32.0,22.5,1,1,0,0
1783872685427285900,2026-07-13 00:11:25.427286,2.7719407081604004,-10.134818077087402,1293.3509826660156,1771.8117237091064,1247.970199584961,1781.1486721038818,25.0,22.5,1,1,0,0
1783872685460178200,2026-07-13 00:11:25.460178,2.7867419719696045,-11.223505020141602,1184.0916633605957,1843.9358472824097,1247.970199584961,1781.1486721038818,31.0,21.5,1,1,0,0
1783872685489810600,2026-07-13 00:11:25.489811,2.9938364028930664,-11.050152778625488,1496.635627746582,1799.1496324539185,1247.970199584961,1788.9260053634644,33.5,28.0,1,1,0,0
1783872685523136900,2026-07-13 00:11:25.523137,2.9123172760009766,-11.467123031616211,1250.7277488708496,1841.933250427246,1247.970199584961,1788.9260053634644,38.0,28.0,1,1,0,0
1783872685561973600,2026-07-13 00:11:25.561974,2.8827152252197266,-11.465468406677246,1175.9395599365234,1848.719596862793,1247.970199584961,1799.1496324539185,33.0,28.5,1,1,0,0
1783872685592939700,2026-07-13 00:11:25.592940,2.8827152252197266,-11.465468406677246,1175.9395599365234,1848.719596862793,1247.970199584961,1799.1496324539185,33.5,28.5,1,1,0,0
1783872685637239300,2026-07-13 00:11:25.637239,3.05880069732666,-11.01682186126709,1421.3309288024902,1811.0733032226562,1247.970199584961,1811.0733032226562,37.0,29.0,1,1,0,0
1783872685668763700,2026-07-13 00:11:25.668764,2.9827487468719482,-10.920790672302246,1538.642406463623,1810.692548751831,1247.970199584961,1810.692548751831,41.0,31.5,1,1,0,0
1783872685702172000,2026-07-13 00:11:25.702172,3.0407638549804688,-11.795561790466309,1303.8216590881348,1846.77255153656,1247.970199584961,1811.0733032226562,33.5,28.5,1,1,0,0
1783872685755069800,2026-07-13 00:11:25.755070,3.105799913406372,-10.79150104522705,1528.760814666748,1793.1865453720093,1303.8216590881348,1811.0733032226562,30.0,30.5,1,1,0,0
1783872685797325400,2026-07-13 00:11:25.797325,3.0753629207611084,-10.97608470916748,1388.6186599731445,1820.6862211227417,1303.8216590881348,1811.0733032226562,37.0,29.5,1,1,0,0
1783872685839397300,2026-07-13 00:11:25.839397,3.131355047225952,-11.755105018615723,1441.5958404541016,1835.2638483047485,1303.8216590881348,1811.0733032226562,35.5,29.5,1,1,0,0
1783872685883015400,2026-07-13 00:11:25.883015,3.0703108310699463,-10.81167221069336,1479.4076919555664,1780.3747653961182,1388.6186599731445,1811.0733032226562,22.5,28.5,1,1,0,0
1783872685937839100,2026-07-13 00:11:25.937839,3.018301248550415,-10.932682037353516,1470.2147483825684,1804.8585653305054,1388.6186599731445,1811.0733032226562,29.5,29.0,1,1,0,0
1783872685975012600,2026-07-13 00:11:25.975013,2.9758687019348145,-10.910076141357422,1455.8391571044922,1814.9707317352295,1441.5958404541016,1811.0733032226562,36.5,28.0,1,1,0,0
1783872686012900700,2026-07-13 00:11:26.012901,2.8697926998138428,-10.056534767150879,1464.6574020385742,1767.5657272338867,1455.8391571044922,1811.0733032226562,25.0,24.5,1,1,0,0
1783872686048380200,2026-07-13 00:11:26.048380,2.818122625350952,-10.368030548095703,1338.2270812988281,1802.7191162109375,1388.6186599731445,1811.0733032226562,42.0,31.0,1,1,0,0
1783872686102088100,2026-07-13 00:11:26.102088,2.8647072315216064,-11.206061363220215,1568.7353134155273,1841.8889045715332,1455.8391571044922,1811.0733032226562,38.0,29.5,1,1,0,0
1783872686141054700,2026-07-13 00:11:26.141055,2.9410789012908936,-10.272459983825684,1530.9612274169922,1793.5420274734497,1455.8391571044922,1811.0733032226562,39.0,28.5,1,1,0,0
1783872686188824800,2026-07-13 00:11:26.188825,3.016368865966797,-11.71193790435791,1559.0352058410645,1844.81680393219,1455.8391571044922,1811.0733032226562,41.0,30.5,1,1,0,0
1783872686223046600,2026-07-13 00:11:26.223047,3.029235601425171,-11.57054615020752,1605.389404296875,1829.7460079193115,1530.9612274169922,1811.0733032226562,41.0,29.5,1,1,0,0
1783872686266102500,2026-07-13 00:11:26.266103,2.968392848968506,-11.495335578918457,1680.824851989746,1827.467679977417,1530.9612274169922,1811.0733032226562,37.0,31.5,1,1,0,0
1783872686299854000,2026-07-13 00:11:26.299854,3.0217926502227783,-11.617692947387695,1706.099510192871,1830.1602602005005,1559.0352058410645,1827.467679977417,47.0,31.0,1,1,0,0
1783872686337259000,2026-07-13 00:11:26.337259,2.927804946899414,-11.69096565246582,1791.702651977539,1834.175705909729,1605.389404296875,1827.467679977417,46.5,40.0,1,1,0,0
1783872686375322700,2026-07-13 00:11:26.375323,2.8379862308502197,-11.88448429107666,1959.6960067749023,1833.6631059646606,1680.824851989746,1827.467679977417,48.0,31.0,1,1,0,0
1783872686411755600,2026-07-13 00:11:26.411756,2.7996177673339844,-11.693238258361816,2002.5724411010742,1840.121865272522,1706.099510192871,1830.1602602005005,49.0,37.0,1,1,0,0
1783872686448076800,2026-07-13 00:11:26.448077,2.7476489543914795,-11.86308479309082,2029.8391342163086,1868.5023784637451,1791.702651977539,1833.6631059646606,40.5,29.5,1,1,0,0
1783872686480959100,2026-07-13 00:11:26.480959,2.80169415473938,-12.133933067321777,1914.8540496826172,1884.3498229980469,1914.8540496826172,1833.6631059646606,47.0,33.0,1,1,0,0
1783872686514505900,2026-07-13 00:11:26.514506,2.80169415473938,-12.133933067321777,1914.8540496826172,1884.3498229980469,1914.8540496826172,1840.121865272522,48.5,28.0,1,1,0,0
1783872686548279500,2026-07-13 00:11:26.548280,2.7428693771362305,-11.42273235321045,2064.7720336914062,1835.993766784668,1914.8540496826172,1835.993766784668,46.5,34.0,1,1,0,0
1783872686598586700,2026-07-13 00:11:26.598587,2.5576059818267822,-10.690857887268066,2307.6040267944336,1754.5090913772583,1914.8540496826172,1833.6631059646606,47.0,34.0,1,1,0,0
1783872686637968800,2026-07-13 00:11:26.637969,2.5098307132720947,-10.81419563293457,2286.9979858398438,1748.262882232666,1914.8540496826172,1835.993766784668,53.5,43.0,1,1,0,0
1783872686671018100,2026-07-13 00:11:26.671018,2.549168348312378,-10.630759239196777,2341.4201736450195,1731.881022453308,2064.7720336914062,1833.6631059646606,58.5,41.0,1,1,0,0
1783872686707015000,2026-07-13 00:11:26.707015,2.47127366065979,-10.982892990112305,2374.985694885254,1765.2056217193604,2286.9979858398438,1765.2056217193604,63.5,47.5,1,1,0,0
1783872686739613200,2026-07-13 00:11:26.739613,2.4475996494293213,-10.828550338745117,2390.3858184814453,1730.3340435028076,2286.9979858398438,1765.2056217193604,64.5,43.5,1,1,0,0
1783872686781996100,2026-07-13 00:11:26.781996,2.647400140762329,-11.744942665100098,2283.953857421875,1780.1839113235474,2283.953857421875,1780.1839113235474,56.0,46.0,1,1,0,0
1783872686814875900,2026-07-13 00:11:26.814876,2.530355453491211,-11.23927116394043,2474.8497009277344,1712.9477262496948,2286.9979858398438,1765.2056217193604,66.5,41.0,1,1,0,0
1783872686849774800,2026-07-13 00:11:26.849775,2.5327749252319336,-11.317933082580566,2392.1873092651367,1734.6022129058838,2286.9979858398438,1765.2056217193604,70.0,49.0,1,1,0,0
1783872686884107700,2026-07-13 00:11:26.884108,2.7848453521728516,-10.484482765197754,1923.66943359375,1684.7827434539795,2283.953857421875,1765.2056217193604,49.5,49.5,1,1,0,0
1783872686920141900,2026-07-13 00:11:26.920142,2.512359380722046,-10.1890230178833,1905.2852630615234,1739.9786710739136,2286.9979858398438,1739.9786710739136,38.5,35.5,1,1,0,0
1783872687018986600,2026-07-13 00:11:27.018986,2.4854025840759277,-10.534804344177246,1416.4432525634766,1709.3067169189453,2283.953857421875,1739.9786710739136,40.5,34.0,1,1,0,0
1783872687051280000,2026-07-13 00:11:27.051280,1.6317253112792969,-11.404228210449219,891.8271064758301,1767.3455476760864,1923.66943359375,1765.2056217193604,22.0,17.0,1,1,0,0
1783872687083060500,2026-07-13 00:11:27.083061,2.098747968673706,-11.102445602416992,1070.0421333312988,1764.7862434387207,1905.2852630615234,1739.9786710739136,21.0,12.5,1,1,0,0
1783872687115216300,2026-07-13 00:11:27.115216,2.0017035007476807,-11.051411628723145,974.2877960205078,1761.049509048462,1416.4432525634766,1761.049509048462,29.0,9.5,1,1,0,0
1783872687147848000,2026-07-13 00:11:27.147848,1.907798171043396,-10.613577842712402,997.5934028625488,1717.6213264465332,1070.0421333312988,1761.049509048462,22.5,9.0,1,1,0,0
1783872687213584000,2026-07-13 00:11:27.213584,2.2131855487823486,-9.422797203063965,1186.783218383789,1573.3085870742798,1186.783218383789,1739.9786710739136,44.5,21.5,1,1,0,0
1783872687249706200,2026-07-13 00:11:27.249706,2.449296712875366,-10.018444061279297,1279.099178314209,1703.4648656845093,1279.099178314209,1739.9786710739136,49.0,18.5,1,1,0,0
1783872687283964800,2026-07-13 00:11:27.283965,2.5821526050567627,-10.498406410217285,1151.4141082763672,1743.2409524917603,1151.4141082763672,1743.2409524917603,46.0,39.0,1,1,0,0
1783872687313919500,2026-07-13 00:11:27.313920,2.5442774295806885,-9.56247615814209,1557.0170402526855,1626.398205757141,1186.783218383789,1739.9786710739136,48.0,31.0,1,1,0,0
1783872687345737800,2026-07-13 00:11:27.345738,2.8891193866729736,-11.24958324432373,1344.9836730957031,1794.8670387268066,1279.099178314209,1739.9786710739136,57.5,37.0,1,1,0,0
1783872687377259400,2026-07-13 00:11:27.377259,3.0538012981414795,-11.517951965332031,1460.2816581726074,1811.267375946045,1279.099178314209,1743.2409524917603,48.5,35.5,1,1,0,0
1783872687424192200,2026-07-13 00:11:27.424192,3.122718572616577,-12.662165641784668,1598.0694770812988,1834.7668647766113,1344.9836730957031,1743.2409524917603,43.5,34.5,1,1,0,0
1783872687462156100,2026-07-13 00:11:27.462156,2.9441583156585693,-11.605947494506836,1712.125015258789,1828.7659883499146,1344.9836730957031,1794.8670387268066,33.5,35.5,1,1,0,0
1783872687495240000,2026-07-13 00:11:27.495240,2.898599863052368,-11.480334281921387,1667.9597854614258,1813.0698204040527,1460.2816581726074,1811.267375946045,50.0,36.0,1,1,0,0
1783872687529084500,2026-07-13 00:11:27.529084,3.085458993911743,-11.593815803527832,1843.8308715820312,1794.1501140594482,1598.0694770812988,1794.1501140594482,44.5,35.0,1,1,0,0
1783872687564599400,2026-07-13 00:11:27.564599,3.097313642501831,-10.886506080627441,1606.3434600830078,1769.9339389801025,1606.3434600830078,1794.8670387268066,50.5,36.5,1,1,0,0
1783872687598065100,2026-07-13 00:11:27.598065,2.871508836746216,-11.050774574279785,1882.6187133789062,1777.126669883728,1606.3434600830078,1794.1501140594482,40.5,36.5,1,1,0,0
1783872687630834200,2026-07-13 00:11:27.630834,2.769947052001953,-11.229286193847656,1679.1984558105469,1809.683084487915,1606.3434600830078,1794.1501140594482,50.5,37.0,1,1,0,0
1783872687663480000,2026-07-13 00:11:27.663480,2.7234747409820557,-11.553275108337402,1941.9157028198242,1819.4648027420044,1606.3434600830078,1794.8670387268066,36.5,38.0,1,1,0,0
1783872687703333300,2026-07-13 00:11:27.703333,2.774139642715454,-11.859834671020508,1674.040412902832,1856.1798334121704,1674.040412902832,1794.8670387268066,49.5,35.5,1,1,0,0
1783872687736143900,2026-07-13 00:11:27.736144,2.2664380073547363,-11.04988956451416,2172.5147247314453,1817.3807859420776,1674.040412902832,1809.683084487915,45.0,37.0,1,1,0,0
1783872687771967300,2026-07-13 00:11:27.771967,2.266268491744995,-11.043172836303711,2235.9174728393555,1825.8023262023926,1674.040412902832,1817.3807859420776,50.5,36.0,1,1,0,0
1783872687804273100,2026-07-13 00:11:27.804273,2.6197173595428467,-10.577127456665039,2279.824638366699,1734.0351343154907,1674.040412902832,1794.8670387268066,52.5,33.5,1,1,0,0
1783872687861095700,2026-07-13 00:11:27.861096,2.4511971473693848,-11.354411125183105,2382.6330184936523,1794.3426370620728,2172.5147247314453,1809.683084487915,39.5,36.0,1,1,0,0
1783872687907209300,2026-07-13 00:11:27.907209,2.5298826694488525,-11.681513786315918,2451.486587524414,1770.3797817230225,2235.9174728393555,1794.8670387268066,47.5,36.5,1,1,0,0
1783872687961330300,2026-07-13 00:11:27.961330,2.5443875789642334,-11.310990333557129,2368.9464569091797,1770.2170610427856,2279.824638366699,1794.3426370620728,50.5,36.5,1,1,0,0
1783872687998086500,2026-07-13 00:11:27.998086,2.6361243724823,-10.651444435119629,1924.6414184570312,1747.7883100509644,2172.5147247314453,1794.3426370620728,40.5,24.5,1,1,0,0
1783872688047805400,2026-07-13 00:11:28.047806,2.633718967437744,-10.011488914489746,1666.5802001953125,1713.699221611023,2235.9174728393555,1770.3797817230225,34.5,25.0,1,1,0,0
1783872688090942200,2026-07-13 00:11:28.090942,2.7561349868774414,-10.340436935424805,1526.9112586975098,1764.1059160232544,2172.5147247314453,1770.2170610427856,35.5,29.0,1,1,0,0
1783872688128016200,2026-07-13 00:11:28.128016,2.8356575965881348,-10.70124340057373,1459.2419624328613,1807.1759939193726,1924.6414184570312,1794.3426370620728,37.0,23.5,1,1,0,0
1783872688160471900,2026-07-13 00:11:28.160472,2.874316930770874,-10.440964698791504,1424.5928764343262,1764.1465663909912,1666.5802001953125,1770.2170610427856,34.5,29.0,1,1,0,0
1783872688189618300,2026-07-13 00:11:28.189618,2.9136009216308594,-10.429603576660156,1416.799545288086,1769.4010734558105,1526.9112586975098,1770.2170610427856,36.5,29.5,1,1,0,0
1783872688221349600,2026-07-13 00:11:28.221350,2.8525426387786865,-10.51243782043457,1328.5865783691406,1781.4303636550903,1459.2419624328613,1781.4303636550903,33.0,29.0,1,1,0,0
1783872688252138900,2026-07-13 00:11:28.252139,2.9346015453338623,-10.663429260253906,1304.0593147277832,1794.2098379135132,1424.5928764343262,1770.2170610427856,32.5,29.5,1,1,0,0
1783872688292080500,2026-07-13 00:11:28.292080,2.955735445022583,-10.999322891235352,1199.7267723083496,1845.2551364898682,1416.799545288086,1781.4303636550903,36.0,26.5,1,1,0,0
1783872688320936900,2026-07-13 00:11:28.320937,3.070542097091675,-11.504715919494629,1178.93648147583,1838.103175163269,1328.5865783691406,1781.4303636550903,33.0,29.5,1,1,0,0
1783872688352471600,2026-07-13 00:11:28.352472,2.996042490005493,-11.212136268615723,1253.9077758789062,1840.834140777588,1304.0593147277832,1794.2098379135132,36.5,26.0,1,1,0,0
1783872688381933800,2026-07-13 00:11:28.381934,3.163365125656128,-12.062727928161621,1193.8389778137207,1853.805661201477,1253.9077758789062,1838.103175163269,35.0,24.0,1,1,0,0
1783872688414303400,2026-07-13 00:11:28.414304,3.0473968982696533,-11.35196590423584,1224.143123626709,1842.225432395935,1253.9077758789062,1838.103175163269,38.5,24.5,1,1,0,0
1783872688449402600,2026-07-13 00:11:28.449403,2.9534661769866943,-11.767653465270996,1082.2932243347168,1857.51473903656,1253.9077758789062,1840.834140777588,32.0,22.5,1,1,0,0
1783872688482072500,2026-07-13 00:11:28.482073,2.7664263248443604,-11.61042594909668,883.8659286499023,1869.843602180481,1224.143123626709,1842.225432395935,39.0,30.0,1,1,0,0
1783872688514099200,2026-07-13 00:11:28.514099,2.937763214111328,-11.669713020324707,1106.648063659668,1867.8549528121948,1224.143123626709,1842.225432395935,39.0,26.5,1,1,0,0
1783872688546735600,2026-07-13 00:11:28.546736,2.9960949420928955,-11.885648727416992,1096.5559005737305,1865.679383277893,1106.648063659668,1857.51473903656,39.0,31.0,1,1,0,0
1783872688582270600,2026-07-13 00:11:28.582271,2.918985605239868,-11.77461051940918,1062.629222869873,1843.1326150894165,1106.648063659668,1843.1326150894165,32.0,30.5,1,1,0,0
1783872688624015000,2026-07-13 00:11:28.624015,2.992771863937378,-12.215453147888184,942.8653717041016,1868.0721521377563,1106.648063659668,1857.51473903656,34.5,33.0,1,1,0,0
1783872688657954200,2026-07-13 00:11:28.657954,3.0295097827911377,-11.482650756835938,1167.7417755126953,1851.6343832015991,1106.648063659668,1857.51473903656,39.5,33.5,1,1,0,0
1783872688687878100,2026-07-13 00:11:28.687878,2.658362865447998,-11.189356803894043,1086.3947868347168,1842.2499895095825,1106.648063659668,1843.1326150894165,35.5,29.0,1,1,0,0
1783872688728016800,2026-07-13 00:11:28.728017,2.9848597049713135,-11.400862693786621,1114.6629333496094,1835.357666015625,1106.648063659668,1851.6343832015991,29.5,31.5,1,1,0,0
1783872688759293000,2026-07-13 00:11:28.759293,2.7244560718536377,-10.61618709564209,1169.6356773376465,1757.995843887329,1106.648063659668,1843.1326150894165,31.0,31.5,1,1,0,0
1783872688789358800,2026-07-13 00:11:28.789359,2.7597951889038086,-10.563633918762207,1249.543857574463,1757.5522661209106,1106.648063659668,1842.2499895095825,30.5,29.0,1,1,0,0
1783872688826034800,2026-07-13 00:11:28.826035,2.965298891067505,-11.96458911895752,1113.4123802185059,1858.2967519760132,1113.4123802185059,1851.6343832015991,31.5,28.0,1,1,0,0
1783872688855792400,2026-07-13 00:11:28.855792,2.9418601989746094,-12.24425220489502,1075.1020431518555,1839.9715423583984,1106.648063659668,1842.2499895095825,33.0,29.5,1,1,0,0
1783872688891218200,2026-07-13 00:11:28.891218,2.952889919281006,-11.990744590759277,1134.0733528137207,1883.7374448776245,1113.4123802185059,1842.2499895095825,32.5,25.0,1,1,0,0
1783872688922755300,2026-07-13 00:11:28.922755,2.6634881496429443,-11.249048233032227,1103.8493156433105,1813.4347200393677,1113.4123802185059,1842.2499895095825,34.0,21.5,1,1,0,0
1783872689016022300,2026-07-13 00:11:29.016022,2.564270257949829,-10.69497013092041,1244.2310333251953,1805.9165477752686,1113.4123802185059,1842.2499895095825,38.5,21.0,1,1,0,0
1783872689053430100,2026-07-13 00:11:29.053430,3.2170822620391846,-11.845562934875488,1357.9599380493164,1899.3347883224487,1113.4123802185059,1842.2499895095825,32.0,35.5,1,1,0,0
1783872689084204700,2026-07-13 00:11:29.084205,3.0836939811706543,-11.119769096374512,1358.217430114746,1852.2919416427612,1113.4123802185059,1842.2499895095825,38.5,26.0,1,1,0,0
1783872689115581400,2026-07-13 00:11:29.115582,3.185655355453491,-11.017354965209961,1442.1002388000488,1826.7086744308472,1244.2310333251953,1842.2499895095825,31.0,34.0,1,1,0,0
1783872689144749800,2026-07-13 00:11:29.144750,3.2560245990753174,-10.964827537536621,1452.3472785949707,1808.3341121673584,1357.9599380493164,1842.2499895095825,32.0,34.5,1,1,0,0
1783872689175107500,2026-07-13 00:11:29.175107,3.1321918964385986,-11.245440483093262,1311.6229057312012,1835.2558612823486,1311.6229057312012,1842.2499895095825,35.0,11.5,1,1,0,0
1783872689224622700,2026-07-13 00:11:29.224622,2.7934305667877197,-10.020722389221191,1388.6839866638184,1741.8113946914673,1357.9599380493164,1835.2558612823486,39.0,21.5,1,1,0,0
1783872689256941900,2026-07-13 00:11:29.256942,3.107191562652588,-11.750704765319824,1394.6148872375488,1864.7944927215576,1357.9599380493164,1842.2499895095825,31.5,33.0,1,1,0,0
1783872689291157000,2026-07-13 00:11:29.291157,3.01769757270813,-10.607392311096191,1482.4905395507812,1792.7217483520508,1357.9599380493164,1835.2558612823486,34.5,28.5,1,1,0,0
1783872689322245200,2026-07-13 00:11:29.322245,3.0683095455169678,-11.090481758117676,1495.7216262817383,1809.6915483474731,1388.6839866638184,1835.2558612823486,25.5,24.5,1,1,0,0
1783872689355545500,2026-07-13 00:11:29.355546,3.0277793407440186,-11.390384674072266,1571.8503952026367,1821.7986822128296,1394.6148872375488,1835.2558612823486,31.5,34.5,1,1,0,0
1783872689388630900,2026-07-13 00:11:29.388631,2.9733123779296875,-11.098008155822754,1497.1840858459473,1834.649682044983,1482.4905395507812,1834.649682044983,31.0,26.0,1,1,0,0
1783872689419584100,2026-07-13 00:11:29.419584,2.874720573425293,-11.18558406829834,1493.0207252502441,1853.9016246795654,1493.0207252502441,1835.2558612823486,31.5,29.0,1,1,0,0
1783872689452949300,2026-07-13 00:11:29.452949,2.984184980392456,-10.883281707763672,1523.7258911132812,1822.4928379058838,1493.0207252502441,1834.649682044983,36.0,35.0,1,1,0,0
1783872689484227900,2026-07-13 00:11:29.484228,2.9917538166046143,-11.468286514282227,1362.3737335205078,1847.894310951233,1482.4905395507812,1834.649682044983,34.5,30.0,1,1,0,0
1783872689516202800,2026-07-13 00:11:29.516203,2.8516952991485596,-10.755043983459473,1360.3644371032715,1830.6615352630615,1493.0207252502441,1834.649682044983,35.5,40.5,1,1,0,0
1783872689548935000,2026-07-13 00:11:29.548935,2.987137794494629,-10.840837478637695,1402.3662567138672,1823.5361576080322,1482.4905395507812,1834.649682044983,31.5,43.0,1,1,0,0
1783872689584270900,2026-07-13 00:11:29.584271,2.603564977645874,-9.916547775268555,1269.5083618164062,1739.6016120910645,1402.3662567138672,1834.649682044983,32.5,31.5,1,1,0,0
1783872689614922100,2026-07-13 00:11:29.614922,2.9838151931762695,-10.57387924194336,1340.8802032470703,1802.6326894760132,1402.3662567138672,1830.6615352630615,38.5,42.0,1,1,0,0
1783872689647203700,2026-07-13 00:11:29.647204,2.6685218811035156,-10.167635917663574,1277.6180267333984,1742.5166368484497,1402.3662567138672,1823.5361576080322,38.0,30.0,1,1,0,0
1783872689682185500,2026-07-13 00:11:29.682185,2.979297399520874,-11.12385082244873,1244.85502243042,1871.9255924224854,1340.8802032470703,1834.649682044983,38.5,42.0,1,1,0,0
1783872689717897300,2026-07-13 00:11:29.717897,2.8299946784973145,-10.06505012512207,1400.4740715026855,1769.0672874450684,1400.4740715026855,1823.5361576080322,27.5,18.5,1,1,0,0
1783872689753834300,2026-07-13 00:11:29.753834,3.086717128753662,-12.43812084197998,1101.7285346984863,1879.331111907959,1340.8802032470703,1823.5361576080322,41.5,41.0,1,1,0,0
1783872689788323600,2026-07-13 00:11:29.788324,2.9036972522735596,-9.71428108215332,1524.051570892334,1732.0271730422974,1340.8802032470703,1823.5361576080322,31.5,33.5,1,1,0,0
1783872689824950200,2026-07-13 00:11:29.824950,3.0161170959472656,-11.113142013549805,1382.408618927002,1831.6621780395508,1382.408618927002,1823.5361576080322,41.0,33.5,1,1,0,0
1783872689862853200,2026-07-13 00:11:29.862853,2.6106531620025635,-8.926892280578613,1794.5362091064453,1605.1450967788696,1382.408618927002,1823.5361576080322,44.0,33.0,1,1,0,0
1783872689897150200,2026-07-13 00:11:29.897150,2.776435613632202,-11.299742698669434,1623.1769561767578,1808.7767362594604,1382.408618927002,1823.5361576080322,50.5,23.5,1,1,0,0
1783872689962532600,2026-07-13 00:11:29.962533,2.4731285572052,-9.701851844787598,1960.0149154663086,1708.4749937057495,1382.408618927002,1823.5361576080322,37.5,32.0,1,1,0,0
1783872689992035300,2026-07-13 00:11:29.992035,2.9168567657470703,-11.511275291442871,1600.9624481201172,1783.197283744812,1600.9624481201172,1808.7767362594604,45.0,34.5,1,1,0,0
1783872690024411800,2026-07-13 00:11:30.024412,2.5429000854492188,-10.23834228515625,2004.5734405517578,1768.861174583435,1600.9624481201172,1808.7767362594604,44.5,35.0,1,1,0,0
1783872690062215900,2026-07-13 00:11:30.062216,2.624685525894165,-10.554587364196777,2026.2283325195312,1752.0017623901367,1600.9624481201172,1783.197283744812,49.0,35.0,1,1,0,0
1783872690093294800,2026-07-13 00:11:30.093295,2.6492035388946533,-10.491938591003418,1719.2562103271484,1800.0154495239258,1600.9624481201172,1800.0154495239258,34.5,22.5,1,1,0,0
1783872690127174300,2026-07-13 00:11:30.127174,2.843966007232666,-10.802397727966309,1610.0793838500977,1804.6112060546875,1610.0793838500977,1804.6112060546875,34.0,20.5,1,1,0,0
1783872690156844500,2026-07-13 00:11:30.156845,2.8462753295898438,-10.781719207763672,1474.1081237792969,1821.181297302246,1600.9624481201172,1800.0154495239258,36.5,18.0,1,1,0,0
1783872690199333200,2026-07-13 00:11:30.199333,2.812600612640381,-10.595162391662598,1310.0914001464844,1820.235252380371,1600.9624481201172,1804.6112060546875,40.0,22.0,1,1,0,0
1783872690229728600,2026-07-13 00:11:30.229728,2.7316601276397705,-11.313328742980957,1085.0109100341797,1849.041223526001,1600.9624481201172,1804.6112060546875,18.5,24.5,1,1,0,0
1783872690262970400,2026-07-13 00:11:30.262970,2.8306190967559814,-10.701821327209473,1267.7678108215332,1803.6917448043823,1474.1081237792969,1803.6917448043823,30.0,17.5,1,1,0,0
1783872690297704500,2026-07-13 00:11:30.297704,2.904179334640503,-10.766633033752441,1344.6255683898926,1812.1119737625122,1344.6255683898926,1804.6112060546875,24.5,26.5,1,1,0,0
1783872690318677200,2026-07-13 00:11:30.318677,2.876377820968628,-11.12964153289795,1185.671043395996,1839.4105434417725,1344.6255683898926,1804.6112060546875,30.5,28.0,1,1,0,0
1783872690351150600,2026-07-13 00:11:30.351151,2.988980770111084,-10.814825057983398,1412.9607200622559,1825.7333040237427,1412.9607200622559,1804.6112060546875,34.5,17.5,1,1,0,0
1783872690383471700,2026-07-13 00:11:30.383472,2.8755834102630615,-10.324369430541992,1430.4503440856934,1816.3931369781494,1344.6255683898926,1812.1119737625122,30.0,30.5,1,1,0,0
1783872690415336100,2026-07-13 00:11:30.415336,2.9577934741973877,-10.549771308898926,1555.1651000976562,1814.7971630096436,1412.9607200622559,1814.7971630096436,34.5,25.0,1,1,0,0
1783872690448930500,2026-07-13 00:11:30.448931,2.8738667964935303,-10.224688529968262,1551.8010139465332,1819.9727535247803,1412.9607200622559,1814.7971630096436,30.0,29.5,1,1,0,0
1783872690483025600,2026-07-13 00:11:30.483026,2.8932688236236572,-10.812335014343262,1613.4496688842773,1845.619559288025,1430.4503440856934,1814.7971630096436,33.0,37.5,1,1,0,0
1783872690519951200,2026-07-13 00:11:30.519951,2.8036890029907227,-10.884527206420898,1261.834716796875,1844.0834283828735,1412.9607200622559,1814.7971630096436,32.5,35.0,1,1,0,0
1783872690555678800,2026-07-13 00:11:30.555679,2.755844831466675,-11.225800514221191,1122.861099243164,1858.4222793579102,1412.9607200622559,1819.9727535247803,26.5,30.0,1,1,0,0
1783872690595751300,2026-07-13 00:11:30.595752,3.1146490573883057,-10.835679054260254,1417.9040908813477,1802.8239011764526,1417.9040908813477,1814.7971630096436,30.5,21.0,1,1,0,0
1783872690628036700,2026-07-13 00:11:30.628036,2.9516377449035645,-10.228882789611816,1381.132698059082,1803.063154220581,1412.9607200622559,1814.7971630096436,29.5,28.5,1,1,0,0
1783872690663791200,2026-07-13 00:11:30.663791,2.9345219135284424,-10.580323219299316,1373.3808517456055,1817.5972700119019,1412.9607200622559,1817.5972700119019,29.0,30.0,1,1,0,0
1783872690714997600,2026-07-13 00:11:30.714998,3.0181918144226074,-10.976367950439453,1273.8456726074219,1792.1969890594482,1412.9607200622559,1814.7971630096436,30.5,25.5,1,1,0,0
1783872690756974300,2026-07-13 00:11:30.756974,2.9257147312164307,-10.788174629211426,1266.3827896118164,1828.6794424057007,1381.132698059082,1814.7971630096436,27.5,18.5,1,1,0,0
1783872690805489600,2026-07-13 00:11:30.805490,2.9729559421539307,-11.0784330368042,1306.0056686401367,1853.3469438552856,1373.3808517456055,1817.5972700119019,35.0,26.0,1,1,0,0
1783872690841165700,2026-07-13 00:11:30.841166,2.7308802604675293,-10.503668785095215,1150.5859375,1845.1765775680542,1306.0056686401367,1817.5972700119019,37.0,25.5,1,1,0,0
1783872690892021000,2026-07-13 00:11:30.892021,2.976727247238159,-11.210023880004883,1241.0731315612793,1852.0814180374146,1306.0056686401367,1828.6794424057007,31.0,30.0,1,1,0,0
1783872690925228800,2026-07-13 00:11:30.925229,2.993441343307495,-10.73971176147461,1397.4568367004395,1810.2126121520996,1373.3808517456055,1817.5972700119019,28.5,41.5,1,1,0,0
1783872690960249100,2026-07-13 00:11:30.960249,3.130140542984009,-10.959358215332031,1455.308723449707,1808.693528175354,1306.0056686401367,1817.5972700119019,26.5,25.0,1,1,0,0
1783872690992591200,2026-07-13 00:11:30.992591,2.9869203567504883,-11.102777481079102,1359.1253280639648,1853.0648946762085,1359.1253280639648,1828.6794424057007,30.5,31.0,1,1,0,0
1783872691036865800,2026-07-13 00:11:31.036866,2.947333812713623,-11.012898445129395,1639.4210815429688,1835.3089094161987,1373.3808517456055,1817.5972700119019,32.5,21.0,1,1,0,0
1783872691068850000,2026-07-13 00:11:31.068850,2.8592443466186523,-10.584057807922363,1407.9827308654785,1829.540729522705,1373.3808517456055,1828.6794424057007,35.0,26.0,1,1,0,0
1783872691108859100,2026-07-13 00:11:31.108859,3.0553648471832275,-12.015324592590332,1100.6031036376953,1871.3468313217163,1359.1253280639648,1829.540729522705,39.5,30.0,1,1,0,0
1783872691143960900,2026-07-13 00:11:31.143961,2.817188024520874,-10.366064071655273,1721.4704513549805,1787.734031677246,1373.3808517456055,1817.5972700119019,35.5,33.5,1,1,0,0
1783872691176116200,2026-07-13 00:11:31.176116,2.790351152420044,-10.457018852233887,1552.9501914978027,1791.550874710083,1373.3808517456055,1828.6794424057007,29.5,28.0,1,1,0,0
1783872691209641900,2026-07-13 00:11:31.209642,2.6384341716766357,-9.812478065490723,1649.0203857421875,1738.7267351150513,1373.3808517456055,1817.5972700119019,35.5,27.0,1,1,0,0
1783872691240127200,2026-07-13 00:11:31.240127,2.857178211212158,-10.709553718566895,1637.730598449707,1797.2259521484375,1552.9501914978027,1797.2259521484375,20.5,26.5,1,1,0,0
1783872691273018500,2026-07-13 00:11:31.273019,2.921013832092285,-10.679451942443848,1678.4976959228516,1799.763798713684,1552.9501914978027,1799.763798713684,48.5,23.0,1,1,0,0
1783872691310879300,2026-07-13 00:11:31.310879,3.0023128986358643,-11.272605895996094,1307.4726104736328,1837.485909461975,1373.3808517456055,1817.5972700119019,32.5,31.5,1,1,0,0
1783872691343970800,2026-07-13 00:11:31.343971,2.913172960281372,-10.631016731262207,1709.0211868286133,1776.9500017166138,1552.9501914978027,1797.2259521484375,25.0,26.0,1,1,0,0
1783872691375159500,2026-07-13 00:11:31.375160,2.921832323074341,-10.881994247436523,1367.7604675292969,1812.2087717056274,1552.9501914978027,1799.763798713684,22.5,30.0,1,1,0,0
1783872691407858500,2026-07-13 00:11:31.407858,2.887916326522827,-9.589838981628418,1711.5364074707031,1609.2785596847534,1552.9501914978027,1799.763798713684,31.5,26.5,1,1,0,0
1783872691458784900,2026-07-13 00:11:31.458785,3.110128879547119,-10.147540092468262,1589.2189979553223,1652.9114246368408,1552.9501914978027,1797.2259521484375,34.0,29.5,1,1,0,0
1783872691496931400,2026-07-13 00:11:31.496931,2.7445952892303467,-9.190653800964355,1785.880470275879,1524.8063802719116,1552.9501914978027,1797.2259521484375,52.0,23.0,1,1,0,0
1783872691532073400,2026-07-13 00:11:31.532073,3.226989269256592,-10.1580171585083,1681.8981170654297,1595.3043699264526,1589.2189979553223,1652.9114246368408,45.5,43.5,1,1,0,0
1783872691564251900,2026-07-13 00:11:31.564252,3.0059375762939453,-9.606993675231934,1939.2168045043945,1539.289951324463,1589.2189979553223,1652.9114246368408,63.5,39.0,1,1,0,0
1783872691596903200,2026-07-13 00:11:31.596903,3.133829355239868,-9.855467796325684,1697.2291946411133,1495.8641529083252,1681.8981170654297,1595.3043699264526,39.5,50.0,1,1,0,0
1783872691629089000,2026-07-13 00:11:31.629089,2.951669454574585,-8.546975135803223,1990.005874633789,1321.1593627929688,1681.8981170654297,1595.3043699264526,65.5,41.5,1,1,0,0
1783872691662375700,2026-07-13 00:11:31.662376,2.9801666736602783,-9.427212715148926,1711.911964416504,1492.7899837493896,1697.2291946411133,1539.289951324463,65.5,52.5,1,1,0,0
1783872691697198300,2026-07-13 00:11:31.697198,2.876908540725708,-6.6419854164123535,1718.8013076782227,1057.9382181167603,1697.2291946411133,1495.8641529083252,69.0,35.5,1,1,0,0
1783872691731192100,2026-07-13 00:11:31.731192,3.185985565185547,-7.601861476898193,1988.0693435668945,1111.4848852157593,1711.911964416504,1492.7899837493896,58.0,47.5,1,1,0,0
1783872691763208900,2026-07-13 00:11:31.763209,2.9896953105926514,-6.492892742156982,1785.1058959960938,1069.1133737564087,1711.911964416504,1492.7899837493896,77.5,36.5,1,1,0,0
1783872691841877400,2026-07-13 00:11:31.841877,3.0389316082000732,-8.756773948669434,1731.9717407226562,1311.1457824707031,1718.8013076782227,1311.1457824707031,55.0,42.0,1,1,0,0
1783872691878341100,2026-07-13 00:11:31.878341,3.327759265899658,-8.116251945495605,1987.9510879516602,1245.5146312713623,1731.9717407226562,1311.1457824707031,66.5,37.5,1,1,0,0
1783872691911284800,2026-07-13 00:11:31.911285,1.982757806777954,-11.701796531677246,839.0561103820801,1796.2063550949097,1711.911964416504,1492.7899837493896,29.5,25.5,1,1,0,0
1783872691938973900,2026-07-13 00:11:31.938974,2.01349139213562,-10.47948932647705,1183.0828666687012,1761.2484693527222,1718.8013076782227,1311.1457824707031,18.5,4.5,1,1,0,0
1783872691968530700,2026-07-13 00:11:31.968531,1.6262129545211792,-10.807538032531738,881.0040473937988,1764.8907899856567,1711.911964416504,1492.7899837493896,21.0,16.5,1,1,0,0
1783872692032020900,2026-07-13 00:11:32.032021,2.0244832038879395,-10.364241600036621,971.6146469116211,1740.3974533081055,1183.0828666687012,1740.3974533081055,16.5,20.5,1,1,0,0
1783872692068707900,2026-07-13 00:11:32.068708,2.4051856994628906,-8.80268383026123,1167.6952362060547,1581.5064907073975,1183.0828666687012,1581.5064907073975,12.5,24.0,1,1,0,0
1783872692101750500,2026-07-13 00:11:32.101751,2.7009763717651367,-9.904170036315918,1377.0543098449707,1698.6792087554932,1377.0543098449707,1698.6792087554932,31.0,31.0,1,1,0,0
1783872692148674100,2026-07-13 00:11:32.148674,2.475677728652954,-8.345047950744629,1214.94140625,1445.6082582473755,1183.0828666687012,1698.6792087554932,37.0,23.5,1,1,0,0
1783872692188126200,2026-07-13 00:11:32.188126,3.018300771713257,-10.879261016845703,1173.69384765625,1793.0846214294434,1183.0828666687012,1698.6792087554932,51.0,37.5,1,1,0,0
1783872692218842700,2026-07-13 00:11:32.218843,3.061340570449829,-9.358643531799316,1379.2110443115234,1570.952296257019,1377.0543098449707,1698.6792087554932,38.0,33.0,1,1,0,0
1783872692255731200,2026-07-13 00:11:32.255731,2.9236772060394287,-10.867119789123535,1267.1707153320312,1787.401795387268,1214.94140625,1698.6792087554932,42.5,40.5,1,1,0,0
1783872692285810700,2026-07-13 00:11:32.285811,2.9150211811065674,-10.31250286102295,1746.6651916503906,1715.854287147522,1267.1707153320312,1698.6792087554932,53.5,27.0,1,1,0,0
1783872692319598600,2026-07-13 00:11:32.319599,2.9506185054779053,-11.1997709274292,1496.586036682129,1843.402624130249,1377.0543098449707,1698.6792087554932,47.0,43.5,1,1,0,0
1783872692349256000,2026-07-13 00:11:32.349256,2.91288685798645,-10.23802375793457,1878.1368255615234,1708.4635496139526,1377.0543098449707,1708.4635496139526,53.0,40.5,1,1,0,0
1783872692382884900,2026-07-13 00:11:32.382885,3.1581573486328125,-10.977553367614746,1460.2645874023438,1725.6156206130981,1460.2645874023438,1708.4635496139526,55.5,45.5,1,1,0,0
1783872692413939600,2026-07-13 00:11:32.413940,2.8506321907043457,-9.4855375289917,1933.4857940673828,1609.3924045562744,1460.2645874023438,1698.6792087554932,59.5,26.0,1,1,0,0
1783872692442998000,2026-07-13 00:11:32.442998,2.836446523666382,-10.518521308898926,2036.9453430175781,1721.6976881027222,1460.2645874023438,1708.4635496139526,54.5,46.5,1,1,0,0
1783872692478795200,2026-07-13 00:11:32.478795,2.962954044342041,-9.695979118347168,1745.5270767211914,1667.4907207489014,1460.2645874023438,1708.4635496139526,54.5,20.5,1,1,0,0
1783872692512619300,2026-07-13 00:11:32.512619,3.0014381408691406,-10.596521377563477,1566.230869293213,1744.5306777954102,1566.230869293213,1708.4635496139526,49.0,29.5,1,1,0,0
1783872692542810700,2026-07-13 00:11:32.542811,2.8858141899108887,-10.919676780700684,1376.8990516662598,1795.950174331665,1460.2645874023438,1708.4635496139526,32.5,27.0,1,1,0,0
1783872692574657100,2026-07-13 00:11:32.574657,2.9570858478546143,-10.721450805664062,1424.9929428100586,1813.4336471557617,1460.2645874023438,1708.4635496139526,42.0,25.5,1,1,0,0
1783872692609735900,2026-07-13 00:11:32.609736,2.9623539447784424,-10.9729642868042,1353.0647277832031,1810.0117444992065,1460.2645874023438,1744.5306777954102,39.5,28.5,1,1,0,0
1783872692642148600,2026-07-13 00:11:32.642148,2.9914920330047607,-11.173517227172852,1533.4333419799805,1838.7726545333862,1460.2645874023438,1795.950174331665,38.0,19.5,1,1,0,0
1783872692692068700,2026-07-13 00:11:32.692069,3.0682120323181152,-10.743680000305176,1541.1657333374023,1782.9736471176147,1460.2645874023438,1782.9736471176147,39.5,27.0,1,1,0,0
1783872692733720700,2026-07-13 00:11:32.733721,2.9353983402252197,-10.389290809631348,1365.220546722412,1798.6994981765747,1460.2645874023438,1795.950174331665,35.5,24.5,1,1,0,0
1783872692777990500,2026-07-13 00:11:32.777990,3.0080044269561768,-11.76697063446045,1039.064598083496,1882.1122646331787,1460.2645874023438,1795.950174331665,25.5,27.0,1,1,0,0
1783872692844764500,2026-07-13 00:11:32.844764,3.229224920272827,-11.669892311096191,1343.9753532409668,1860.143542289734,1460.2645874023438,1795.950174331665,23.0,24.5,1,1,0,0
1783872692881345200,2026-07-13 00:11:32.881345,3.101024627685547,-10.904871940612793,1320.793056488037,1839.4436836242676,1365.220546722412,1798.6994981765747,34.5,23.5,1,1,0,0
1783872692916833200,2026-07-13 00:11:32.916833,2.9551212787628174,-11.342096328735352,1123.7919807434082,1842.3157930374146,1343.9753532409668,1839.4436836242676,31.0,29.5,1,1,0,0
1783872692947980300,2026-07-13 00:11:32.947980,3.125113010406494,-11.029658317565918,1396.914005279541,1833.5837125778198,1396.914005279541,1833.5837125778198,28.5,24.5,1,1,0,0
1783872692991202500,2026-07-13 00:11:32.991203,2.6191577911376953,-9.514178276062012,1335.9715461730957,1759.5107555389404,1343.9753532409668,1798.6994981765747,33.0,13.0,1,1,0,0
1783872693024245300,2026-07-13 00:11:33.024245,2.9397242069244385,-11.505507469177246,1164.8385047912598,1867.4088716506958,1343.9753532409668,1839.4436836242676,30.5,24.0,1,1,0,0
1783872693057795800,2026-07-13 00:11:33.057796,2.771885871887207,-10.316594123840332,1380.9355735778809,1826.164722442627,1380.9355735778809,1833.5837125778198,34.0,35.0,1,1,0,0
1783872693089666000,2026-07-13 00:11:33.089666,2.868093967437744,-11.654296875,1108.677864074707,1859.5898151397705,1343.9753532409668,1833.5837125778198,33.5,23.0,1,1,0,0
1783872693130941600,2026-07-13 00:11:33.130942,2.9609572887420654,-11.18169116973877,1285.4496955871582,1886.0797882080078,1343.9753532409668,1839.4436836242676,40.0,38.5,1,1,0,0
1783872693162781200,2026-07-13 00:11:33.162781,2.940340757369995,-12.773558616638184,839.1692161560059,1861.0578775405884,1343.9753532409668,1839.4436836242676,40.5,30.0,1,1,0,0
1783872693193917500,2026-07-13 00:11:33.193918,2.8846018314361572,-10.20449161529541,1679.014778137207,1767.2172784805298,1343.9753532409668,1833.5837125778198,37.5,35.5,1,1,0,0
1783872693225247000,2026-07-13 00:11:33.225247,2.6728627681732178,-11.245378494262695,938.4956359863281,1813.5193586349487,1343.9753532409668,1839.4436836242676,35.0,29.5,1,1,0,0
1783872693261483000,2026-07-13 00:11:33.261483,2.835296392440796,-11.456957817077637,1033.0327033996582,1846.511721611023,1343.9753532409668,1839.4436836242676,32.5,15.0,1,1,0,0
1783872693296263300,2026-07-13 00:11:33.296263,2.933326482772827,-11.458500862121582,1219.3742752075195,1848.8950729370117,1343.9753532409668,1839.4436836242676,31.5,34.0,1,1,0,0
1783872693328030200,2026-07-13 00:11:33.328030,3.09517240524292,-11.773796081542969,1199.392032623291,1848.0018377304077,1219.3742752075195,1839.4436836242676,23.0,26.0,1,1,0,0
1783872693362180100,2026-07-13 00:11:33.362180,2.738326072692871,-11.75694465637207,959.0114593505859,1883.0887079238892,1219.3742752075195,1846.511721611023,34.5,22.5,1,1,0,0
1783872693410973500,2026-07-13 00:11:33.410974,2.981656312942505,-11.80285930633545,1061.2154006958008,1870.6086874008179,1219.3742752075195,1848.0018377304077,26.0,29.0,1,1,0,0
1783872693450197000,2026-07-13 00:11:33.450197,2.8646931648254395,-11.359628677368164,1088.6554718017578,1891.6795253753662,1199.392032623291,1848.0018377304077,35.0,19.0,1,1,0,0
1783872693479188300,2026-07-13 00:11:33.479188,2.9324772357940674,-12.21791934967041,988.2594108581543,1896.5834379196167,1088.6554718017578,1870.6086874008179,38.5,29.5,1,1,0,0
1783872693510948300,2026-07-13 00:11:33.510948,2.810147762298584,-10.44689655303955,1249.512767791748,1812.700629234314,1219.3742752075195,1848.0018377304077,22.5,33.5,1,1,0,0
1783872693541095900,2026-07-13 00:11:33.541096,2.883042573928833,-11.449836730957031,1067.1666145324707,1921.7443466186523,1088.6554718017578,1870.6086874008179,36.5,23.5,1,1,0,0
1783872693572042000,2026-07-13 00:11:33.572042,3.03271222114563,-10.217000007629395,1589.5280838012695,1781.554102897644,1088.6554718017578,1870.6086874008179,31.0,23.5,1,1,0,0
1783872693606601200,2026-07-13 00:11:33.606601,3.0640909671783447,-11.727560997009277,1162.3004913330078,1899.5240926742554,1162.3004913330078,1870.6086874008179,38.5,32.5,1,1,0,0
1783872693639569700,2026-07-13 00:11:33.639570,3.024733066558838,-10.620650291442871,1389.5294189453125,1848.5844135284424,1162.3004913330078,1870.6086874008179,31.5,22.5,1,1,0,0
1783872693723475300,2026-07-13 00:11:33.723475,2.8697669506073,-10.834320068359375,1504.608154296875,1861.7658615112305,1162.3004913330078,1870.6086874008179,43.5,47.5,1,1,0,0
1783872693755576300,2026-07-13 00:11:33.755576,2.9048430919647217,-10.913163185119629,1650.6473541259766,1779.7843217849731,1162.3004913330078,1870.6086874008179,52.0,34.5,1,1,0,0
1783872693788155100,2026-07-13 00:11:33.788155,2.8682734966278076,-10.602907180786133,1825.9906768798828,1693.0817365646362,1389.5294189453125,1861.7658615112305,66.5,39.5,1,1,0,0
1783872693873291200,2026-07-13 00:11:33.873291,2.9770753383636475,-10.000187873840332,1803.6951065063477,1547.4509000778198,1504.608154296875,1861.7658615112305,36.0,37.0,1,1,0,0
1783872693905491300,2026-07-13 00:11:33.905491,3.088599443435669,-9.687405586242676,1813.987159729004,1455.9017419815063,1650.6473541259766,1779.7843217849731,51.0,38.0,1,1,0,0
1783872693933033000,2026-07-13 00:11:33.933033,2.948125123977661,-10.266064643859863,1813.8858795166016,1630.2584409713745,1803.6951065063477,1693.0817365646362,41.5,34.0,1,1,0,0
1783872693962113600,2026-07-13 00:11:33.962114,2.997892379760742,-10.359694480895996,1910.7961654663086,1606.8694591522217,1803.6951065063477,1630.2584409713745,48.0,39.5,1,1,0,0
1783872693992055600,2026-07-13 00:11:33.992056,2.9422061443328857,-10.504093170166016,1948.0018615722656,1626.0759830474854,1813.8858795166016,1630.2584409713745,47.0,52.5,1,1,0,0
1783872694024807600,2026-07-13 00:11:34.024808,2.937798023223877,-9.849730491638184,1949.3759155273438,1557.7675104141235,1813.8858795166016,1630.2584409713745,65.0,39.0,1,1,0,0
1783872694054929100,2026-07-13 00:11:34.054929,2.911953926086426,-10.596013069152832,1979.4612884521484,1633.9455842971802,1910.7961654663086,1630.2584409713745,62.0,47.5,1,1,0,0
1783872694085250000,2026-07-13 00:11:34.085250,2.8688061237335205,-9.850126266479492,1861.311149597168,1623.7385272979736,1861.311149597168,1630.2584409713745,64.5,47.0,1,1,0,0
1783872694125946100,2026-07-13 00:11:34.125946,3.2206249237060547,-8.65748405456543,1855.7703018188477,1316.2736892700195,1855.7703018188477,1630.2584409713745,61.5,49.0,1,1,0,0
1783872694156859900,2026-07-13 00:11:34.156860,2.9640848636627197,-9.597853660583496,1953.1089782714844,1512.2458934783936,1910.7961654663086,1630.2584409713745,67.0,50.0,1,1,0,0
1783872694187246900,2026-07-13 00:11:34.187247,3.2052249908447266,-9.071711540222168,1871.671485900879,1376.41179561615,1861.311149597168,1623.7385272979736,71.0,49.0,1,1,0,0
1783872694219303600,2026-07-13 00:11:34.219304,3.161102533340454,-8.109384536743164,1931.2908172607422,1241.2176132202148,1871.671485900879,1512.2458934783936,66.5,41.5,1,1,0,0
1783872694249413000,2026-07-13 00:11:34.249413,3.1239569187164307,-9.38158130645752,1761.2918853759766,1460.6506824493408,1871.671485900879,1512.2458934783936,73.0,57.0,1,1,0,0
1783872694280107600,2026-07-13 00:11:34.280107,3.0278022289276123,-9.506489753723145,1903.3767700195312,1446.8976259231567,1871.671485900879,1460.6506824493408,63.0,36.5,1,1,0,0
1783872694309631600,2026-07-13 00:11:34.309632,3.192122220993042,-8.9221830368042,1924.1313934326172,1317.3024654388428,1871.671485900879,1460.6506824493408,70.0,43.0,1,1,0,0
1783872694338940500,2026-07-13 00:11:34.338940,2.973862409591675,-9.605254173278809,1903.6796569824219,1453.8824558258057,1871.671485900879,1460.6506824493408,63.5,48.0,1,1,0,0
1783872694368947300,2026-07-13 00:11:34.368947,3.1994435787200928,-8.935486793518066,1909.6874237060547,1324.6368169784546,1903.3767700195312,1453.8824558258057,71.5,47.5,1,1,0,0
1783872694398504400,2026-07-13 00:11:34.398504,3.0236103534698486,-9.139506340026855,1818.4707641601562,1416.6898727416992,1871.671485900879,1453.8824558258057,57.5,46.0,1,1,0,0
1783872694429097500,2026-07-13 00:11:34.429097,3.211543083190918,-8.516640663146973,1790.6518936157227,1320.1115131378174,1871.671485900879,1453.8824558258057,60.0,50.5,1,1,0,0
1783872694460969700,2026-07-13 00:11:34.460970,3.1000759601593018,-9.557679176330566,1748.3854293823242,1485.9212636947632,1871.671485900879,1453.8824558258057,60.5,50.5,1,1,0,0
1783872694495000800,2026-07-13 00:11:34.495001,3.0717098712921143,-9.331685066223145,1823.4617233276367,1478.44398021698,1823.4617233276367,1453.8824558258057,56.0,41.0,1,1,0,0
1783872694535465500,2026-07-13 00:11:34.535465,3.0811336040496826,-9.620930671691895,1808.9696884155273,1530.9226512908936,1823.4617233276367,1453.8824558258057,66.0,50.0,1,1,0,0
1783872694563943400,2026-07-13 00:11:34.563943,3.2327871322631836,-9.6566801071167,1817.9981231689453,1445.7000494003296,1823.4617233276367,1453.8824558258057,59.5,42.0,1,1,0,0
1783872694594958900,2026-07-13 00:11:34.594959,2.888664484024048,-10.789119720458984,1896.1347579956055,1682.302474975586,1823.4617233276367,1453.8824558258057,57.5,45.5,1,1,0,0
1783872694638664600,2026-07-13 00:11:34.638665,2.7280468940734863,-10.270493507385254,2070.2733993530273,1633.2060098648071,1823.4617233276367,1453.8824558258057,68.0,35.5,1,1,0,0
1783872694702766900,2026-07-13 00:11:34.702767,2.5209014415740967,-10.24166488647461,2340.001678466797,1575.6841897964478,1823.4617233276367,1453.8824558258057,74.5,44.0,1,1,0,0
1783872694737941200,2026-07-13 00:11:34.737941,2.567875623703003,-9.660674095153809,2461.3285064697266,1454.3043375015259,1896.1347579956055,1454.3043375015259,78.5,38.0,1,1,0,0
1783872694767200900,2026-07-13 00:11:34.767201,2.1938841342926025,-10.462505340576172,2540.243148803711,1584.5668315887451,2070.2733993530273,1454.3043375015259,76.0,44.0,1,1,0,0
1783872694796274500,2026-07-13 00:11:34.796274,2.4057137966156006,-10.095502853393555,2507.0959091186523,1459.4850540161133,2340.001678466797,1454.3043375015259,68.5,47.5,1,1,0,0
1783872694824141300,2026-07-13 00:11:34.824141,2.457113027572632,-10.094477653503418,2350.2073287963867,1480.0498485565186,2350.2073287963867,1454.3043375015259,73.5,38.5,1,1,0,0
1783872694853389300,2026-07-13 00:11:34.853389,2.2423665523529053,-9.750914573669434,2645.186996459961,1364.7751808166504,2350.2073287963867,1454.3043375015259,77.5,54.0,1,1,0,0
1783872694882213300,2026-07-13 00:11:34.882213,2.1953184604644775,-9.7846097946167,2592.455291748047,1414.788007736206,2350.2073287963867,1454.3043375015259,88.5,46.5,1,1,0,0
1783872694910957900,2026-07-13 00:11:34.910958,1.8863322734832764,-9.804627418518066,2932.9736709594727,1331.5389156341553,2350.2073287963867,1454.3043375015259,75.5,47.5,1,1,0,0
1783872694942148700,2026-07-13 00:11:34.942149,1.7199808359146118,-9.41699504852295,2662.2724533081055,1332.5926065444946,2592.455291748047,1414.788007736206,77.5,56.5,1,1,0,0
1783872694970950300,2026-07-13 00:11:34.970950,1.8037625551223755,-9.821532249450684,2965.6862258911133,1305.4145574569702,2592.455291748047,1414.788007736206,79.5,52.0,1,1,0,0
1783872695000875300,2026-07-13 00:11:35.000875,1.8551064729690552,-9.277962684631348,2844.9045181274414,1222.2384214401245,2662.2724533081055,1332.5926065444946,87.0,60.5,1,1,0,0
1783872695032039400,2026-07-13 00:11:35.032039,1.8337324857711792,-8.957124710083008,2767.459487915039,1203.8487195968628,2662.2724533081055,1332.5926065444946,85.0,61.5,1,1,0,0
1783872695070923900,2026-07-13 00:11:35.070924,2.017660617828369,-8.25784969329834,2437.496757507324,1207.4851989746094,2592.455291748047,1305.4145574569702,80.5,45.5,1,1,0,0
1783872695104539500,2026-07-13 00:11:35.104539,2.225377082824707,-9.563355445861816,2352.418899536133,1412.8113985061646,2662.2724533081055,1332.5926065444946,63.0,54.5,1,1,0,0
1783872695142286500,2026-07-13 00:11:35.142287,2.4024362564086914,-10.668389320373535,2066.41845703125,1667.4286127090454,2592.455291748047,1332.5926065444946,67.5,48.0,1,1,0,0
1783872695173230700,2026-07-13 00:11:35.173231,2.471010446548462,-9.65152359008789,2237.2997283935547,1510.0270509719849,2437.496757507324,1332.5926065444946,59.0,48.0,1,1,0,0
1783872695204436700,2026-07-13 00:11:35.204437,2.5481045246124268,-9.872891426086426,2209.6540451049805,1541.4460897445679,2352.418899536133,1412.8113985061646,65.5,49.0,1,1,0,0
1783872695241992300,2026-07-13 00:11:35.241992,2.4270741939544678,-10.210249900817871,2148.853302001953,1622.054100036621,2237.2997283935547,1510.0270509719849,62.5,48.0,1,1,0,0
1783872695276081700,2026-07-13 00:11:35.276082,2.5877280235290527,-10.488289833068848,2131.14013671875,1676.3678789138794,2237.2997283935547,1510.0270509719849,64.0,38.5,1,1,0,0
1783872695311138400,2026-07-13 00:11:35.311138,2.7737033367156982,-11.16497802734375,2039.730453491211,1712.612509727478,2209.6540451049805,1541.4460897445679,62.5,44.0,1,1,0,0
1783872695341093500,2026-07-13 00:11:35.341093,2.8807976245880127,-11.617938995361328,1773.3821868896484,1781.796932220459,2148.853302001953,1622.054100036621,50.5,40.0,1,1,0,0
1783872695376800000,2026-07-13 00:11:35.376800,2.8174173831939697,-12.084628105163574,1657.200050354004,1832.5835466384888,2131.14013671875,1676.3678789138794,45.5,37.0,1,1,0,0
1783872695407315700,2026-07-13 00:11:35.407316,2.8736250400543213,-11.451983451843262,1841.9456481933594,1777.975082397461,2039.730453491211,1712.612509727478,43.0,41.5,1,1,0,0
1783872695437115500,2026-07-13 00:11:35.437115,3.0193135738372803,-11.870281219482422,1538.292407989502,1805.3784370422363,1841.9456481933594,1777.975082397461,43.0,31.0,1,1,0,0
1783872695468465100,2026-07-13 00:11:35.468465,3.1696536540985107,-11.309897422790527,1589.014720916748,1803.221583366394,1841.9456481933594,1777.975082397461,46.5,31.0,1,1,0,0
1783872695505462600,2026-07-13 00:11:35.505463,3.214696168899536,-11.974858283996582,1534.4226837158203,1804.3303489685059,1841.9456481933594,1777.975082397461,43.0,29.0,1,1,0,0
1783872695538160100,2026-07-13 00:11:35.538160,3.1784286499023438,-11.736900329589844,1632.5960159301758,1805.5013418197632,1632.5960159301758,1803.221583366394,31.0,30.0,1,1,0,0
1783872695568366100,2026-07-13 00:11:35.568366,3.194974422454834,-11.806593894958496,1334.5697402954102,1821.937918663025,1632.5960159301758,1803.221583366394,34.0,31.0,1,1,0,0
1783872695599647800,2026-07-13 00:11:35.599648,3.145707845687866,-11.357531547546387,1458.7212562561035,1814.6727085113525,1632.5960159301758,1804.3303489685059,31.0,30.0,1,1,0,0
1783872695635468300,2026-07-13 00:11:35.635468,3.006106376647949,-11.371102333068848,1284.0594291687012,1837.7482891082764,1632.5960159301758,1805.5013418197632,42.5,30.0,1,1,0,0
1783872695684370400,2026-07-13 00:11:35.684371,2.997049331665039,-11.306687355041504,1331.0881614685059,1868.5683012008667,1458.7212562561035,1814.6727085113525,31.5,29.5,1,1,0,0
1783872695729106600,2026-07-13 00:11:35.729107,3.047372579574585,-11.310892105102539,1241.2511825561523,1828.5868167877197,1458.7212562561035,1814.6727085113525,23.5,30.0,1,1,0,0
1783872695785375800,2026-07-13 00:11:35.785376,3.0625925064086914,-11.433122634887695,1340.7410621643066,1867.0419454574585,1340.7410621643066,1828.5868167877197,27.5,29.5,1,1,0,0
1783872695843506300,2026-07-13 00:11:35.843506,3.0051467418670654,-11.48121166229248,1160.427474975586,1832.916498184204,1340.7410621643066,1828.5868167877197,25.5,21.5,1,1,0,0
1783872695873897800,2026-07-13 00:11:35.873898,2.9129562377929688,-11.173482894897461,1140.1165008544922,1862.8971576690674,1340.7410621643066,1828.5868167877197,23.0,22.0,1,1,0,0
1783872695907993200,2026-07-13 00:11:35.907993,2.8465850353240967,-11.854522705078125,809.0782165527344,1818.3525800704956,1340.7410621643066,1828.5868167877197,31.0,22.0,1,1,0,0
1783872695945672200,2026-07-13 00:11:35.945672,2.8960838317871094,-10.658224105834961,1165.6638145446777,1810.215950012207,1165.6638145446777,1828.5868167877197,26.0,28.0,1,1,0,0
1783872695994954300,2026-07-13 00:11:35.994954,3.08724308013916,-11.206507682800293,1049.2587089538574,1779.016613960266,1165.6638145446777,1828.5868167877197,31.5,25.0,1,1,0,0
1783872696023324500,2026-07-13 00:11:36.023324,2.927438497543335,-10.781756401062012,1179.563808441162,1829.7696113586426,1179.563808441162,1828.5868167877197,23.0,30.5,1,1,0,0
1783872696054927900,2026-07-13 00:11:36.054928,2.6593239307403564,-11.614128112792969,933.8835716247559,1866.5218353271484,1165.6638145446777,1828.5868167877197,23.0,26.0,1,1,0,0
1783872696087028500,2026-07-13 00:11:36.087029,2.8042328357696533,-10.93645191192627,1127.060890197754,1865.6282424926758,1165.6638145446777,1828.5868167877197,27.5,27.5,1,1,0,0
1783872696126178700,2026-07-13 00:11:36.126179,2.582782506942749,-11.476264953613281,868.2165145874023,1874.62317943573,1165.6638145446777,1829.7696113586426,25.0,26.0,1,1,0,0
1783872696157799600,2026-07-13 00:11:36.157800,2.9621098041534424,-11.251954078674316,1218.508243560791,1893.7801122665405,1165.6638145446777,1865.6282424926758,23.0,27.5,1,1,0,0
1783872696192208800,2026-07-13 00:11:36.192209,2.9908103942871094,-11.062889099121094,1276.7455101013184,1890.0610208511353,1165.6638145446777,1865.6282424926758,30.5,27.0,1,1,0,0
1783872696223849700,2026-07-13 00:11:36.223850,2.6871719360351562,-11.380702018737793,799.1857528686523,1833.9523077011108,1165.6638145446777,1833.9523077011108,39.5,27.0,1,1,0,0
1783872696260915100,2026-07-13 00:11:36.260915,3.0452826023101807,-10.517549514770508,1490.684986114502,1793.0976152420044,1165.6638145446777,1865.6282424926758,22.0,24.5,1,1,0,0
1783872696293240600,2026-07-13 00:11:36.293241,3.0320255756378174,-11.79651165008545,1040.0177001953125,1853.3235788345337,1165.6638145446777,1853.3235788345337,28.5,20.5,1,1,0,0
1783872696324008300,2026-07-13 00:11:36.324008,2.639677047729492,-9.342926979064941,1366.880989074707,1737.088680267334,1165.6638145446777,1833.9523077011108,33.5,21.0,1,1,0,0
1783872696357015000,2026-07-13 00:11:36.357015,2.828504800796509,-10.909096717834473,1158.7166786193848,1805.5614233016968,1165.6638145446777,1833.9523077011108,31.5,24.0,1,1,0,0
1783872696389156400,2026-07-13 00:11:36.389156,2.5632920265197754,-11.122981071472168,879.7595977783203,1843.5451984405518,1165.6638145446777,1843.5451984405518,15.5,23.5,1,1,0,0
1783872696431233800,2026-07-13 00:11:36.431234,2.88710880279541,-11.344524383544922,1039.5228385925293,1883.386254310608,1165.6638145446777,1833.9523077011108,23.0,23.0,1,1,0,0
1783872696462797500,2026-07-13 00:11:36.462798,2.522226572036743,-11.424593925476074,833.8906288146973,1858.0273389816284,1158.7166786193848,1843.5451984405518,22.0,23.5,1,1,0,0
1783872696493309100,2026-07-13 00:11:36.493309,2.8757808208465576,-12.137324333190918,874.4823455810547,1882.0011615753174,1039.5228385925293,1843.5451984405518,23.5,31.0,1,1,0,0
1783872696525314700,2026-07-13 00:11:36.525315,2.3727917671203613,-10.373148918151855,976.4590263366699,1793.990135192871,1039.5228385925293,1833.9523077011108,18.0,25.0,1,1,0,0
1783872696559188200,2026-07-13 00:11:36.559188,2.6955132484436035,-11.607775688171387,787.1201038360596,1815.9116506576538,976.4590263366699,1843.5451984405518,27.5,23.5,1,1,0,0
1783872696591200700,2026-07-13 00:11:36.591201,2.5962116718292236,-10.78268814086914,986.8009567260742,1819.2076683044434,986.8009567260742,1833.9523077011108,22.5,27.5,1,1,0,0
1783872696624713800,2026-07-13 00:11:36.624714,2.8519093990325928,-11.545239448547363,1011.0236167907715,1834.1604471206665,1011.0236167907715,1833.9523077011108,26.5,24.0,1,1,0,0
1783872696660966300,2026-07-13 00:11:36.660966,2.9765212535858154,-10.877251625061035,1370.1606750488281,1814.1778707504272,986.8009567260742,1833.9523077011108,25.5,22.5,1,1,0,0
1783872696694055500,2026-07-13 00:11:36.694055,2.871049642562866,-11.418831825256348,1127.3845672607422,1822.4849700927734,1011.0236167907715,1833.9523077011108,28.0,23.0,1,1,0,0
1783872696734249400,2026-07-13 00:11:36.734249,2.4959592819213867,-10.704353332519531,1059.1795921325684,1768.8324451446533,1011.0236167907715,1833.9523077011108,30.0,27.5,1,1,0,0
1783872696813818200,2026-07-13 00:11:36.813818,2.4748919010162354,-9.697699546813965,1176.9781112670898,1703.4398317337036,1059.1795921325684,1822.4849700927734,31.0,24.0,1,1,0,0
1783872696850969000,2026-07-13 00:11:36.850969,2.6316258907318115,-10.705423355102539,1193.9053535461426,1806.156039237976,1059.1795921325684,1822.4849700927734,24.5,21.0,1,1,0,0
1783872696883145900,2026-07-13 00:11:36.883146,2.6575520038604736,-10.355114936828613,1325.8479118347168,1831.4495086669922,1059.1795921325684,1831.4495086669922,28.5,22.5,1,1,0,0
1783872696913659300,2026-07-13 00:11:36.913659,2.936042070388794,-10.761249542236328,1398.3470916748047,1800.3917932510376,1176.9781112670898,1822.4849700927734,26.0,25.5,1,1,0,0
1783872696945079100,2026-07-13 00:11:36.945079,3.003740072250366,-10.751503944396973,1493.4954643249512,1790.7484769821167,1193.9053535461426,1822.4849700927734,30.5,22.5,1,1,0,0
1783872697009410900,2026-07-13 00:11:37.009411,3.132749557495117,-11.670889854431152,1571.5784072875977,1820.412278175354,1325.8479118347168,1822.4849700927734,31.0,26.5,1,1,0,0
1783872697046845900,2026-07-13 00:11:37.046846,3.213548421859741,-11.324585914611816,1723.919677734375,1826.8506526947021,1398.3470916748047,1822.4849700927734,36.0,29.0,1,1,0,0
1783872697094168000,2026-07-13 00:11:37.094168,3.175724506378174,-11.683172225952148,1560.3803634643555,1787.978172302246,1493.4954643249512,1822.4849700927734,31.0,28.0,1,1,0,0
1783872697121967800,2026-07-13 00:11:37.121968,3.096453905105591,-11.543221473693848,1951.4080047607422,1829.5254707336426,1560.3803634643555,1822.4849700927734,33.0,30.0,1,1,0,0
1783872697152962900,2026-07-13 00:11:37.152963,2.986300230026245,-11.927617073059082,1818.9041137695312,1823.8732814788818,1560.3803634643555,1822.4849700927734,31.5,26.5,1,1,0,0
1783872697185911000,2026-07-13 00:11:37.185911,2.9793291091918945,-10.443291664123535,1684.4074249267578,1781.1787128448486,1560.3803634643555,1822.4849700927734,28.0,30.0,1,1,0,0
1783872697223903100,2026-07-13 00:11:37.223903,2.88348650932312,-10.250359535217285,1709.6349716186523,1743.1132793426514,1684.4074249267578,1822.4849700927734,29.0,24.5,1,1,0,0
1783872697257072400,2026-07-13 00:11:37.257072,2.6835358142852783,-9.6007661819458,1810.965347290039,1646.897315979004,1684.4074249267578,1822.4849700927734,30.0,35.0,1,1,0,0
1783872697292255900,2026-07-13 00:11:37.292256,2.8424761295318604,-9.412009239196777,1657.4668884277344,1595.9594249725342,1657.4668884277344,1781.1787128448486,35.5,39.0,1,1,0,0
1783872697323597200,2026-07-13 00:11:37.323597,2.7697126865386963,-8.828657150268555,1664.5606994628906,1532.3803424835205,1684.4074249267578,1743.1132793426514,34.5,43.0,1,1,0,0
1783872697355627800,2026-07-13 00:11:37.355628,3.0421950817108154,-9.335413932800293,1576.0457038879395,1547.041416168213,1664.5606994628906,1646.897315979004,35.0,40.5,1,1,0,0
1783872697386891400,2026-07-13 00:11:37.386892,3.0944597721099854,-9.676453590393066,1648.0728149414062,1601.1914014816284,1657.4668884277344,1601.1914014816284,39.0,42.5,1,1,0,0
1783872697418133100,2026-07-13 00:11:37.418133,2.9654958248138428,-9.655011177062988,1639.6930694580078,1575.124740600586,1657.4668884277344,1601.1914014816284,38.5,38.0,1,1,0,0
1783872697450955400,2026-07-13 00:11:37.450956,3.0649733543395996,-9.56746768951416,1622.104835510254,1573.5620260238647,1648.0728149414062,1601.1914014816284,52.5,39.5,1,1,0,0
1783872697481051200,2026-07-13 00:11:37.481051,3.0926599502563477,-9.280299186706543,1692.7116394042969,1488.7676239013672,1657.4668884277344,1601.1914014816284,52.5,46.5,1,1,0,0
1783872697514541200,2026-07-13 00:11:37.514541,2.9739925861358643,-8.461810111999512,1650.090217590332,1420.5318689346313,1650.090217590332,1575.124740600586,47.5,50.5,1,1,0,0
1783872697545463800,2026-07-13 00:11:37.545464,2.9048173427581787,-9.022043228149414,1683.4463119506836,1502.605676651001,1650.090217590332,1573.5620260238647,41.5,54.0,1,1,0,0
1783872697577077700,2026-07-13 00:11:37.577078,2.8142788410186768,-7.950923442840576,1721.2900161743164,1323.3320713043213,1657.4668884277344,1502.605676651001,51.0,42.5,1,1,0,0
1783872697606805200,2026-07-13 00:11:37.606805,2.9447948932647705,-8.873248100280762,1633.7364196777344,1475.070834159851,1650.090217590332,1502.605676651001,42.5,46.5,1,1,0,0
1783872697640399000,2026-07-13 00:11:37.640399,2.715484857559204,-7.749788284301758,1643.7944412231445,1322.944164276123,1650.090217590332,1502.605676651001,45.0,41.5,1,1,0,0
1783872697695314700,2026-07-13 00:11:37.695315,3.038351535797119,-7.7835211753845215,1614.1630172729492,1307.3762655258179,1650.090217590332,1475.070834159851,46.5,47.5,1,1,0,0
1783872697736789400,2026-07-13 00:11:37.736789,2.8776330947875977,-7.226644039154053,1640.776252746582,1222.952127456665,1643.7944412231445,1475.070834159851,53.5,39.0,1,1,0,0
1783872697786129300,2026-07-13 00:11:37.786129,3.2402031421661377,-8.092581748962402,1548.2450485229492,1344.1437482833862,1643.7944412231445,1344.1437482833862,52.5,35.5,1,1,0,0
1783872697821273200,2026-07-13 00:11:37.821273,2.687284469604492,-7.448383331298828,1787.8772735595703,1275.2652168273926,1650.090217590332,1344.1437482833862,57.5,38.5,1,1,0,0
1783872697877535400,2026-07-13 00:11:37.877536,2.887969732284546,-7.902339935302734,1701.7282485961914,1358.0873012542725,1643.7944412231445,1358.0873012542725,47.0,35.0,1,1,0,0
1783872697912486700,2026-07-13 00:11:37.912487,2.975109815597534,-6.110838890075684,1510.1694107055664,1101.4889478683472,1643.7944412231445,1344.1437482833862,55.5,39.0,1,1,0,0
1783872697946867800,2026-07-13 00:11:37.946868,3.02115797996521,-6.973294734954834,1596.516513824463,1189.7621154785156,1643.7944412231445,1344.1437482833862,44.5,29.5,1,1,0,0
1783872697981476800,2026-07-13 00:11:37.981477,3.23030161857605,-7.488877296447754,1444.022560119629,1230.23521900177,1643.7944412231445,1344.1437482833862,63.0,52.0,1,1,0,0
1783872698025636200,2026-07-13 00:11:38.025636,3.267040967941284,-6.695732593536377,1551.8701553344727,1061.8914365768433,1596.516513824463,1230.23521900177,61.5,51.0,1,1,0,0
1783872698059393000,2026-07-13 00:11:38.059393,3.2172577381134033,-6.896695613861084,1536.12699508667,1082.8028917312622,1596.516513824463,1230.23521900177,57.5,54.5,1,1,0,0
1783872698095131200,2026-07-13 00:11:38.095131,3.3693573474884033,-7.448631286621094,1633.113670349121,1157.6731204986572,1633.113670349121,1230.23521900177,61.0,41.5,1,1,0,0
1783872698137029200,2026-07-13 00:11:38.137029,2.829815149307251,-8.308334350585938,1747.6755142211914,1367.8929805755615,1596.516513824463,1230.23521900177,52.5,42.5,1,1,0,0
1783872698167885500,2026-07-13 00:11:38.167886,2.7190892696380615,-8.49094295501709,1761.0908508300781,1461.8966579437256,1633.113670349121,1230.23521900177,56.0,41.5,1,1,0,0
1783872698206723200,2026-07-13 00:11:38.206723,3.123314142227173,-9.472978591918945,1592.0394897460938,1551.0108470916748,1633.113670349121,1230.23521900177,40.5,47.0,1,1,0,0
1783872698242956400,2026-07-13 00:11:38.242956,3.035127878189087,-8.9649019241333,1726.4684677124023,1447.9844570159912,1633.113670349121,1367.8929805755615,67.0,40.5,1,1,0,0
1783872698272219400,2026-07-13 00:11:38.272219,2.765681266784668,-7.406874656677246,1869.350814819336,1262.918472290039,1633.113670349121,1262.918472290039,50.5,41.5,1,1,0,0
1783872698309944900,2026-07-13 00:11:38.309945,3.005779504776001,-7.7060227394104,1788.6554718017578,1253.049612045288,1633.113670349121,1253.049612045288,56.0,47.5,1,1,0,0
1783872698339574800,2026-07-13 00:11:38.339575,2.7774698734283447,-6.791947364807129,1889.2074584960938,1160.5619192123413,1726.4684677124023,1262.918472290039,60.0,46.5,1,1,0,0
1783872698373769900,2026-07-13 00:11:38.373770,3.084139108657837,-7.159120082855225,1728.9644241333008,1151.0396003723145,1728.9644241333008,1253.049612045288,57.5,45.5,1,1,0,0
1783872698406252000,2026-07-13 00:11:38.406252,3.0542171001434326,-8.006174087524414,1700.2187728881836,1274.2401361465454,1700.2187728881836,1253.049612045288,57.5,43.0,1,1,0,0
1783872698438966200,2026-07-13 00:11:38.438966,3.27077054977417,-6.616556644439697,1678.5924911499023,1042.5541400909424,1726.4684677124023,1253.049612045288,56.0,54.0,1,1,0,0
1783872698485605600,2026-07-13 00:11:38.485606,2.9724435806274414,-7.4263834953308105,1622.2156524658203,1214.3596410751343,1700.2187728881836,1253.049612045288,54.0,51.0,1,1,0,0
1783872698521158800,2026-07-13 00:11:38.521159,2.6312167644500732,-7.440107345581055,1793.9411163330078,1223.1299877166748,1700.2187728881836,1253.049612045288,52.0,44.0,1,1,0,0
1783872698553866900,2026-07-13 00:11:38.553867,2.7379744052886963,-6.896093368530273,1786.686897277832,1153.146505355835,1726.4684677124023,1223.1299877166748,59.5,44.5,1,1,0,0
1783872698586824700,2026-07-13 00:11:38.586825,2.8664090633392334,-7.507567882537842,1752.5026321411133,1246.7867136001587,1726.4684677124023,1246.7867136001587,56.5,47.5,1,1,0,0
1783872698620089600,2026-07-13 00:11:38.620090,2.8885068893432617,-7.377948760986328,1733.3850860595703,1206.307053565979,1733.3850860595703,1223.1299877166748,58.0,40.0,1,1,0,0
1783872698654052300,2026-07-13 00:11:38.654052,3.0031991004943848,-7.946274757385254,1682.3287963867188,1287.8386974334717,1726.4684677124023,1223.1299877166748,54.0,40.5,1,1,0,0
1783872698689510800,2026-07-13 00:11:38.689511,3.0575740337371826,-6.581134796142578,1611.2491607666016,1133.4856748580933,1726.4684677124023,1223.1299877166748,62.0,36.5,1,1,0,0
1783872698721930800,2026-07-13 00:11:38.721931,2.881276845932007,-7.06055212020874,1693.7829971313477,1204.2101621627808,1726.4684677124023,1223.1299877166748,41.0,35.5,1,1,0,0
1783872698753239800,2026-07-13 00:11:38.753240,2.8052470684051514,-7.591231822967529,1828.5993576049805,1265.4939889907837,1726.4684677124023,1223.1299877166748,63.5,48.0,1,1,0,0
1783872698785906700,2026-07-13 00:11:38.785907,2.64745831489563,-7.429248332977295,1828.9026260375977,1252.5417804718018,1726.4684677124023,1223.1299877166748,67.0,49.5,1,1,0,0
1783872698867153900,2026-07-13 00:11:38.867154,2.870248556137085,-7.930835247039795,1899.7758865356445,1278.835415840149,1726.4684677124023,1223.1299877166748,50.0,57.0,1,1,0,0
1783872698909613900,2026-07-13 00:11:38.909614,2.867182970046997,-7.497368812561035,1878.2848358154297,1173.0884313583374,1828.5993576049805,1223.1299877166748,44.0,53.0,1,1,0,0
1783872698941228700,2026-07-13 00:11:38.941229,2.858144521713257,-7.500843524932861,1841.707992553711,1226.8459796905518,1828.9026260375977,1223.1299877166748,50.5,48.0,1,1,0,0
1783872698973010300,2026-07-13 00:11:38.973010,2.941312551498413,-6.949979305267334,1700.7461547851562,1148.168683052063,1726.4684677124023,1223.1299877166748,48.5,41.5,1,1,0,0
1783872699003141100,2026-07-13 00:11:39.003141,2.8058488368988037,-7.256419658660889,1837.6396179199219,1172.995686531067,1828.9026260375977,1223.1299877166748,57.5,45.0,1,1,0,0
1783872699034523200,2026-07-13 00:11:39.034523,2.846980094909668,-7.391664028167725,1823.2763290405273,1178.7052154541016,1828.9026260375977,1223.1299877166748,60.0,51.0,1,1,0,0
1783872699065574100,2026-07-13 00:11:39.065574,2.871238946914673,-6.942525386810303,1838.6737823486328,1093.362808227539,1828.9026260375977,1178.7052154541016,74.0,50.5,1,1,0,0
1783872699099201200,2026-07-13 00:11:39.099201,2.9459521770477295,-7.616568565368652,1735.4324340820312,1251.143455505371,1828.9026260375977,1223.1299877166748,61.5,50.5,1,1,0,0
1783872699129242700,2026-07-13 00:11:39.129243,2.855194330215454,-8.293015480041504,1885.5422973632812,1339.3446207046509,1828.9026260375977,1223.1299877166748,54.0,48.5,1,1,0,0
1783872699161112200,2026-07-13 00:11:39.161112,2.885181427001953,-8.40389347076416,1891.988754272461,1358.8709831237793,1828.9026260375977,1223.1299877166748,67.0,48.0,1,1,0,0
1783872699194397300,2026-07-13 00:11:39.194397,2.929926872253418,-7.614871501922607,1834.7827911376953,1273.772954940796,1828.9026260375977,1251.143455505371,64.0,46.0,1,1,0,0
1783872699227009600,2026-07-13 00:11:39.227010,2.7950291633605957,-8.56782054901123,1826.4633178710938,1435.57870388031,1828.9026260375977,1273.772954940796,72.5,51.0,1,1,0,0
1783872699258147800,2026-07-13 00:11:39.258148,2.933532953262329,-7.336069583892822,1717.4888610839844,1254.315733909607,1828.9026260375977,1254.315733909607,69.0,46.0,1,1,0,0
1783872699289358900,2026-07-13 00:11:39.289359,2.924863338470459,-7.1021904945373535,1852.2127151489258,1217.977523803711,1828.9026260375977,1251.143455505371,55.0,47.5,1,1,0,0
1783872699321016900,2026-07-13 00:11:39.321017,2.9453094005584717,-6.694504261016846,1751.7017364501953,1160.0741147994995,1828.9026260375977,1254.315733909607,63.5,51.5,1,1,0,0
1783872699352948600,2026-07-13 00:11:39.352948,2.976149797439575,-6.258441925048828,1745.8484649658203,1081.9523334503174,1828.9026260375977,1251.143455505371,63.5,47.0,1,1,0,0
1783872699388250100,2026-07-13 00:11:39.388250,3.0348222255706787,-7.157832622528076,1613.116455078125,1235.8925342559814,1828.9026260375977,1235.8925342559814,66.5,47.0,1,1,0,0
1783872699419447100,2026-07-13 00:11:39.419447,2.938331365585327,-7.205296039581299,1709.3278884887695,1198.623538017273,1751.7017364501953,1235.8925342559814,75.0,49.5,1,1,0,0
1783872699451228000,2026-07-13 00:11:39.451228,2.912534475326538,-7.808444023132324,1804.6258926391602,1232.9410314559937,1804.6258926391602,1235.8925342559814,66.0,49.5,1,1,0,0
1783872699481640400,2026-07-13 00:11:39.481640,2.8139491081237793,-7.586449146270752,1871.656608581543,1248.4893798828125,1828.9026260375977,1235.8925342559814,67.0,46.5,1,1,0,0
1783872699513292600,2026-07-13 00:11:39.513293,2.855253219604492,-7.316824436187744,1726.3442993164062,1202.5641202926636,1751.7017364501953,1235.8925342559814,61.5,46.0,1,1,0,0
1783872699544904600,2026-07-13 00:11:39.544905,2.856809377670288,-7.33565092086792,1786.8051528930664,1230.499505996704,1804.6258926391602,1235.8925342559814,57.5,48.0,1,1,0,0
1783872699575626900,2026-07-13 00:11:39.575627,3.0432791709899902,-7.358695030212402,1635.1749420166016,1170.5989837646484,1786.8051528930664,1235.8925342559814,66.0,58.5,1,1,0,0
1783872699607283100,2026-07-13 00:11:39.607283,3.1159541606903076,-7.04409646987915,1618.4276580810547,1140.4786109924316,1751.7017364501953,1230.499505996704,72.0,41.5,1,1,0,0
1783872699642529900,2026-07-13 00:11:39.642530,3.0716068744659424,-8.210783004760742,1680.7313919067383,1352.21266746521,1751.7017364501953,1235.8925342559814,56.0,44.0,1,1,0,0
1783872699683643000,2026-07-13 00:11:39.683643,2.763244867324829,-7.951969146728516,1722.4824905395508,1314.0851259231567,1722.4824905395508,1235.8925342559814,68.0,49.5,1,1,0,0
1783872699745643700,2026-07-13 00:11:39.745644,3.01345157623291,-8.33856201171875,1700.4234313964844,1341.7257070541382,1722.4824905395508,1235.8925342559814,54.0,59.0,1,1,0,0
1783872699775974000,2026-07-13 00:11:39.775974,2.922043561935425,-7.666943073272705,1729.0048599243164,1252.4082660675049,1729.0048599243164,1252.4082660675049,54.5,52.5,1,1,0,0
1783872699805739900,2026-07-13 00:11:39.805740,2.659503698348999,-7.7527384757995605,1689.0684127807617,1351.1033058166504,1722.4824905395508,1252.4082660675049,57.0,58.0,1,1,0,0
1783872699833038200,2026-07-13 00:11:39.833038,2.9495584964752197,-8.541417121887207,1834.583854675293,1378.4291744232178,1722.4824905395508,1252.4082660675049,52.0,46.0,1,1,0,0
1783872699860912600,2026-07-13 00:11:39.860913,2.755567789077759,-7.148143768310547,1737.8168106079102,1259.9190473556519,1729.0048599243164,1252.4082660675049,51.0,53.0,1,1,0,0
1783872699891129200,2026-07-13 00:11:39.891129,2.896782636642456,-8.1922025680542,1768.935775756836,1352.5702953338623,1729.0048599243164,1259.9190473556519,65.0,54.0,1,1,0,0
1783872699918548100,2026-07-13 00:11:39.918548,2.983055830001831,-7.348084449768066,1870.915412902832,1210.9127044677734,1737.8168106079102,1252.4082660675049,54.0,47.5,1,1,0,0
1783872699948760700,2026-07-13 00:11:39.948761,2.7637887001037598,-6.609426498413086,1665.9713745117188,1145.6183195114136,1729.0048599243164,1252.4082660675049,49.5,50.0,1,1,0,0
1783872699980361500,2026-07-13 00:11:39.980361,3.1240861415863037,-7.078001499176025,1586.5585327148438,1148.0201482772827,1729.0048599243164,1252.4082660675049,44.0,51.5,1,1,0,0
1783872700013929000,2026-07-13 00:11:40.013929,3.0116212368011475,-6.275204181671143,1722.3037719726562,1067.2317743301392,1729.0048599243164,1210.9127044677734,47.0,47.5,1,1,0,0
1783872700043253200,2026-07-13 00:11:40.043253,3.138317823410034,-7.10699987411499,1690.0943756103516,1188.0300045013428,1722.3037719726562,1188.0300045013428,53.0,55.5,1,1,0,0
1783872700070887200,2026-07-13 00:11:40.070887,3.0660951137542725,-7.065395832061768,1704.4116973876953,1168.6193943023682,1722.3037719726562,1188.0300045013428,43.0,53.0,1,1,0,0
1783872700112876600,2026-07-13 00:11:40.112877,3.0212175846099854,-6.7270026206970215,1561.7759704589844,1173.1561422348022,1722.3037719726562,1188.0300045013428,57.0,49.5,1,1,0,0
1783872700149217300,2026-07-13 00:11:40.149217,2.704488515853882,-6.61359167098999,1713.761329650879,1192.6753520965576,1713.761329650879,1188.0300045013428,59.5,54.0,1,1,0,0
1783872700180163000,2026-07-13 00:11:40.180163,2.9256174564361572,-6.899384021759033,1689.1265869140625,1166.6641235351562,1713.761329650879,1188.0300045013428,53.5,53.5,1,1,0,0
1783872700212084500,2026-07-13 00:11:40.212085,2.939500570297241,-6.5015740394592285,1749.7486114501953,1089.6449089050293,1722.3037719726562,1188.0300045013428,67.0,49.5,1,1,0,0
1783872700242020000,2026-07-13 00:11:40.242020,3.0328752994537354,-7.074122905731201,1813.9986038208008,1155.0027132034302,1713.761329650879,1188.0300045013428,52.5,48.5,1,1,0,0
1783872700274187100,2026-07-13 00:11:40.274187,2.9740688800811768,-7.576428413391113,1865.2578353881836,1236.4847660064697,1722.3037719726562,1188.0300045013428,45.5,56.0,1,1,0,0
1783872700307856800,2026-07-13 00:11:40.307857,3.0328752994537354,-7.074122905731201,1813.9986038208008,1155.0027132034302,1749.7486114501953,1188.0300045013428,52.0,49.5,1,1,0,0
1783872700346897500,2026-07-13 00:11:40.346897,2.740305185317993,-7.227261066436768,1829.127311706543,1251.9018650054932,1813.9986038208008,1188.0300045013428,61.5,47.0,1,1,0,0
1783872700378394500,2026-07-13 00:11:40.378395,3.0718166828155518,-7.118706226348877,1637.7958297729492,1211.5826606750488,1722.3037719726562,1188.0300045013428,71.0,50.0,1,1,0,0
1783872700407846500,2026-07-13 00:11:40.407846,2.98805832862854,-8.228327751159668,1808.1602096557617,1350.7893085479736,1808.1602096557617,1188.0300045013428,64.0,47.0,1,1,0,0
1783872700438620600,2026-07-13 00:11:40.438621,2.986926794052124,-7.644643783569336,1851.2617111206055,1212.0099067687988,1813.9986038208008,1211.5826606750488,60.0,48.5,1,1,0,0
1783872700469614700,2026-07-13 00:11:40.469615,3.034345865249634,-8.73359203338623,1908.19091796875,1392.6371335983276,1808.1602096557617,1211.5826606750488,54.0,48.5,1,1,0,0
1783872700502135200,2026-07-13 00:11:40.502135,2.728647470474243,-7.436512470245361,1810.6101989746094,1294.0423488616943,1810.6101989746094,1212.0099067687988,51.5,47.5,1,1,0,0
1783872700536175200,2026-07-13 00:11:40.536175,2.949615716934204,-9.2510986328125,1512.8151893615723,1491.8687343597412,1810.6101989746094,1212.0099067687988,60.0,51.0,1,1,0,0
1783872700565654300,2026-07-13 00:11:40.565654,3.3838961124420166,-7.996931552886963,1837.4622344970703,1205.2266597747803,1810.6101989746094,1211.5826606750488,55.0,40.0,1,1,0,0
1783872700598270500,2026-07-13 00:11:40.598270,3.3061630725860596,-9.043902397155762,1775.5800247192383,1375.9448528289795,1810.6101989746094,1212.0099067687988,47.0,45.5,1,1,0,0
1783872700627994800,2026-07-13 00:11:40.627995,3.275879144668579,-8.400740623474121,1779.811668395996,1301.0538816452026,1810.6101989746094,1212.0099067687988,52.0,61.0,1,1,0,0
1783872700665593900,2026-07-13 00:11:40.665594,3.0823752880096436,-6.884364128112793,1741.4264678955078,1086.2188339233398,1810.6101989746094,1211.5826606750488,65.0,46.0,1,1,0,0
1783872700715240900,2026-07-13 00:11:40.715241,3.016606569290161,-7.2339186668396,1749.935531616211,1164.3198728561401,1779.811668395996,1212.0099067687988,55.0,46.0,1,1,0,0
1783872700745414100,2026-07-13 00:11:40.745414,3.094886541366577,-8.692584037780762,1724.5914459228516,1346.6027975082397,1779.811668395996,1212.0099067687988,69.5,45.0,1,1,0,0
1783872700793005600,2026-07-13 00:11:40.793005,3.235255002975464,-8.263598442077637,1866.4443969726562,1265.5001878738403,1810.6101989746094,1212.0099067687988,56.0,40.0,1,1,0,0
1783872700836866100,2026-07-13 00:11:40.836866,3.181053638458252,-8.100407600402832,1713.4469985961914,1266.6337490081787,1779.811668395996,1212.0099067687988,54.5,50.5,1,1,0,0
1783872700888088800,2026-07-13 00:11:40.888089,3.311946153640747,-6.9455132484436035,1933.613395690918,1051.3272285461426,1779.811668395996,1212.0099067687988,61.5,41.0,1,1,0,0
1783872700923079600,2026-07-13 00:11:40.923080,3.299182891845703,-7.645108699798584,1839.0325546264648,1182.632565498352,1810.6101989746094,1212.0099067687988,47.0,39.0,1,1,0,0
1783872700962229700,2026-07-13 00:11:40.962230,2.8074843883514404,-8.471144676208496,1879.8688888549805,1403.1484127044678,1810.6101989746094,1212.0099067687988,73.5,46.0,1,1,0,0
1783872700999171700,2026-07-13 00:11:40.999171,3.0047528743743896,-8.957581520080566,1896.0702896118164,1390.6971216201782,1839.0325546264648,1212.0099067687988,63.5,50.0,1,1,0,0
1783872701047039300,2026-07-13 00:11:41.047039,2.8742477893829346,-8.503397941589355,1933.0766677856445,1353.2620668411255,1839.0325546264648,1212.0099067687988,55.5,44.5,1,1,0,0
1783872701079028100,2026-07-13 00:11:41.079028,2.934955358505249,-9.222443580627441,1885.3857040405273,1428.1007051467896,1879.8688888549805,1353.2620668411255,67.0,54.0,1,1,0,0
1783872701112284000,2026-07-13 00:11:41.112284,2.9163084030151367,-8.661260604858398,1889.7319793701172,1355.8355569839478,1885.3857040405273,1353.2620668411255,54.0,51.5,1,1,0,0
1783872701155343400,2026-07-13 00:11:41.155343,3.083960771560669,-8.13798713684082,1646.1545944213867,1298.4932661056519,1839.0325546264648,1298.4932661056519,56.5,54.0,1,1,0,0
1783872701188240900,2026-07-13 00:11:41.188241,3.167834997177124,-8.48905086517334,1799.349021911621,1284.8460674285889,1879.8688888549805,1353.2620668411255,69.0,58.0,1,1,0,0
1783872701225818800,2026-07-13 00:11:41.225819,3.0490663051605225,-8.534079551696777,1681.312370300293,1408.5965156555176,1839.0325546264648,1353.2620668411255,58.0,58.0,1,1,0,0
1783872701259914900,2026-07-13 00:11:41.259915,3.1341030597686768,-8.786277770996094,1721.2858200073242,1402.231216430664,1799.349021911621,1353.2620668411255,78.0,49.0,1,1,0,0
1783872701296085000,2026-07-13 00:11:41.296085,3.0118515491485596,-7.782903671264648,1726.7318725585938,1250.2027750015259,1799.349021911621,1353.2620668411255,54.0,52.5,1,1,0,0
1783872701325717400,2026-07-13 00:11:41.325717,3.1126325130462646,-9.306437492370605,1781.125831604004,1432.5225353240967,1781.125831604004,1353.2620668411255,55.5,56.5,1,1,0,0
1783872701356776000,2026-07-13 00:11:41.356776,3.0212247371673584,-9.31672477722168,1745.0014114379883,1501.5058517456055,1781.125831604004,1353.2620668411255,54.0,48.5,1,1,0,0
1783872701391338700,2026-07-13 00:11:41.391339,3.0006935596466064,-8.87824535369873,1699.0594863891602,1478.073000907898,1781.125831604004,1353.2620668411255,69.5,53.0,1,1,0,0
1783872701424908300,2026-07-13 00:11:41.424908,3.074702024459839,-8.73952579498291,1685.708236694336,1408.1591367721558,1781.125831604004,1408.1591367721558,66.5,48.5,1,1,0,0
1783872701466011500,2026-07-13 00:11:41.466011,3.1385483741760254,-8.320379257202148,1672.3487854003906,1298.9237308502197,1745.0014114379883,1353.2620668411255,53.5,53.0,1,1,0,0
1783872701499977400,2026-07-13 00:11:41.499978,3.234898090362549,-8.490361213684082,1575.8076667785645,1338.7010097503662,1699.0594863891602,1353.2620668411255,64.5,53.5,1,1,0,0
1783872701532195000,2026-07-13 00:11:41.532195,2.9605648517608643,-10.153149604797363,1464.918613433838,1617.5930500030518,1685.708236694336,1408.1591367721558,31.5,35.5,1,1,0,0
1783872701563736600,2026-07-13 00:11:41.563737,1.5807353258132935,-11.812597274780273,642.0158386230469,1756.6531896591187,1672.3487854003906,1353.2620668411255,8.0,12.5,1,1,0,0
1783872701595894500,2026-07-13 00:11:41.595895,1.5224941968917847,-11.633279800415039,700.6845951080322,1801.338791847229,1575.8076667785645,1408.1591367721558,13.0,9.5,1,1,0,0
1783872701630050800,2026-07-13 00:11:41.630051,1.6004576683044434,-11.68889045715332,722.4419116973877,1798.1466054916382,1464.918613433838,1617.5930500030518,15.0,13.0,1,1,0,0
1783872701663925000,2026-07-13 00:11:41.663925,1.9639497995376587,-10.330206871032715,1056.3624382019043,1694.6762800216675,1056.3624382019043,1694.6762800216675,18.0,24.5,1,1,0,0
1783872701693276800,2026-07-13 00:11:41.693277,1.9445810317993164,-10.40454387664795,960.2105140686035,1679.595947265625,1056.3624382019043,1679.595947265625,39.0,26.0,1,1,0,0
1783872701727038200,2026-07-13 00:11:41.727038,2.3017303943634033,-8.130436897277832,1379.7192573547363,1508.0599784851074,1379.7192573547363,1617.5930500030518,10.0,29.0,1,1,0,0
1783872701761173500,2026-07-13 00:11:41.761173,2.663111448287964,-9.184374809265137,1271.1710929870605,1623.2178211212158,1056.3624382019043,1679.595947265625,43.5,26.5,1,1,0,0
1783872701849922700,2026-07-13 00:11:41.849923,2.7030751705169678,-7.6928019523620605,1554.9629211425781,1427.2606372833252,1271.1710929870605,1623.2178211212158,41.5,25.0,1,1,0,0
1783872701880999500,2026-07-13 00:11:41.880999,2.8153510093688965,-9.244914054870605,1473.7238883972168,1613.900899887085,1379.7192573547363,1617.5930500030518,46.0,44.0,1,1,0,0
1783872701915272400,2026-07-13 00:11:41.915272,2.8994247913360596,-8.616660118103027,1640.793800354004,1544.6959733963013,1379.7192573547363,1617.5930500030518,45.5,34.5,1,1,0,0
1783872701947869300,2026-07-13 00:11:41.947869,3.0541553497314453,-10.603814125061035,1564.0813827514648,1711.8852138519287,1473.7238883972168,1623.2178211212158,55.5,44.5,1,1,0,0
1783872701979891800,2026-07-13 00:11:41.979892,2.8281795978546143,-9.524836540222168,1813.5854721069336,1607.3437929153442,1473.7238883972168,1617.5930500030518,55.5,30.5,1,1,0,0
1783872702011752700,2026-07-13 00:11:42.011753,3.1558923721313477,-8.80809497833252,1604.801368713379,1450.347661972046,1564.0813827514648,1617.5930500030518,35.0,40.0,1,1,0,0
1783872702081259500,2026-07-13 00:11:42.081259,3.09413480758667,-8.27169132232666,1398.9129066467285,1496.0182905197144,1473.7238883972168,1617.5930500030518,38.0,51.5,1,1,0,0
1783872702109930500,2026-07-13 00:11:42.109931,3.034320592880249,-7.5458598136901855,1602.5640487670898,1314.990520477295,1564.0813827514648,1607.3437929153442,39.0,48.5,1,1,0,0
1783872702141122000,2026-07-13 00:11:42.141122,3.1820480823516846,-7.216980934143066,1675.3353118896484,1213.2420539855957,1564.0813827514648,1496.0182905197144,36.5,52.5,1,1,0,0
1783872702173043100,2026-07-13 00:11:42.173043,3.2389023303985596,-8.178208351135254,1575.3259658813477,1329.2242288589478,1564.0813827514648,1496.0182905197144,40.0,46.0,1,1,0,0
1783872702202484600,2026-07-13 00:11:42.202484,3.1023714542388916,-8.479813575744629,1400.257682800293,1460.3683948516846,1564.0813827514648,1460.3683948516846,59.0,46.0,1,1,0,0
1783872702234715500,2026-07-13 00:11:42.234715,3.016836404800415,-10.065823554992676,1504.0989875793457,1654.4201374053955,1564.0813827514648,1496.0182905197144,73.0,43.5,1,1,0,0
1783872702268388700,2026-07-13 00:11:42.268389,2.8592514991760254,-8.245732307434082,1408.160400390625,1414.730191230774,1564.0813827514648,1460.3683948516846,67.5,49.0,1,1,0,0
1783872702300264500,2026-07-13 00:11:42.300264,2.622278928756714,-6.052114009857178,1340.43550491333,1146.5497016906738,1504.0989875793457,1460.3683948516846,42.0,45.0,1,1,0,0
1783872702342956500,2026-07-13 00:11:42.342957,3.222442388534546,-8.876755714416504,1665.0260925292969,1429.7152757644653,1564.0813827514648,1460.3683948516846,52.5,46.0,1,1,0,0
1783872702364382400,2026-07-13 00:11:42.364383,2.8561837673187256,-10.370160102844238,1637.9707336425781,1743.882179260254,1564.0813827514648,1460.3683948516846,53.5,34.0,1,1,0,0
1783872702394793400,2026-07-13 00:11:42.394794,2.6544225215911865,-8.58847713470459,1646.8637466430664,1545.6334352493286,1564.0813827514648,1460.3683948516846,44.5,36.0,1,1,0,0
1783872702428699900,2026-07-13 00:11:42.428700,2.5487565994262695,-8.879740715026855,1513.6996269226074,1616.5155172348022,1564.0813827514648,1460.3683948516846,25.0,37.0,1,1,0,0
1783872702461338900,2026-07-13 00:11:42.461339,2.7869656085968018,-9.213619232177734,1515.3149604797363,1607.8553199768066,1564.0813827514648,1545.6334352493286,47.5,34.5,1,1,0,0
1783872702499918100,2026-07-13 00:11:42.499918,2.7580978870391846,-9.54636287689209,1463.9671325683594,1653.7295579910278,1564.0813827514648,1545.6334352493286,44.5,37.0,1,1,0,0
1783872702540096300,2026-07-13 00:11:42.540096,2.5703775882720947,-9.667258262634277,1603.9501190185547,1714.1244411468506,1564.0813827514648,1607.8553199768066,48.5,38.0,1,1,0,0
1783872702571159900,2026-07-13 00:11:42.571160,2.4951021671295166,-9.259669303894043,1883.8186264038086,1636.9624137878418,1564.0813827514648,1607.8553199768066,49.0,41.0,1,1,0,0
1783872702603324700,2026-07-13 00:11:42.603325,2.581725835800171,-11.366012573242188,1938.1057739257812,1770.8264589309692,1564.0813827514648,1636.9624137878418,39.0,41.5,1,1,0,0
1783872702634263700,2026-07-13 00:11:42.634264,2.2478363513946533,-8.854361534118652,2176.1306762695312,1529.3933153152466,1603.9501190185547,1607.8553199768066,44.5,34.0,1,1,0,0
1783872702686900700,2026-07-13 00:11:42.686901,2.661760091781616,-11.071166038513184,2114.5645141601562,1724.2498397827148,1883.8186264038086,1636.9624137878418,39.0,35.0,1,1,0,0
1783872702727818000,2026-07-13 00:11:42.727818,2.672654867172241,-11.378556251525879,2117.4901962280273,1754.9943923950195,1938.1057739257812,1636.9624137878418,40.0,26.5,1,1,0,0
1783872702772158300,2026-07-13 00:11:42.772158,2.7342562675476074,-9.859969139099121,1715.193748474121,1627.9124021530151,1715.193748474121,1627.9124021530151,17.5,27.0,1,1,0,0
1783872702806974600,2026-07-13 00:11:42.806975,2.968435525894165,-9.188748359680176,1370.0596809387207,1557.775378227234,1883.8186264038086,1636.9624137878418,34.0,30.5,1,1,0,0
1783872702854604900,2026-07-13 00:11:42.854605,3.0195400714874268,-9.10842227935791,1565.5871391296387,1510.0798606872559,1715.193748474121,1627.9124021530151,46.0,30.5,1,1,0,0
1783872702886254400,2026-07-13 00:11:42.886254,2.8179941177368164,-8.836027145385742,1657.6379776000977,1466.1930799484253,1715.193748474121,1627.9124021530151,47.5,39.0,1,1,0,0
1783872702925833700,2026-07-13 00:11:42.925834,2.9475574493408203,-8.707003593444824,1598.2879638671875,1483.796238899231,1657.6379776000977,1557.775378227234,38.0,45.0,1,1,0,0
1783872702958174300,2026-07-13 00:11:42.958174,2.8786356449127197,-9.125117301940918,1668.68896484375,1563.0351305007935,1668.68896484375,1563.0351305007935,42.5,48.5,1,1,0,0
1783872703000190500,2026-07-13 00:11:43.000190,2.952824831008911,-9.540261268615723,1747.3993301391602,1554.5586347579956,1715.193748474121,1557.775378227234,48.0,45.0,1,1,0,0
1783872703029039900,2026-07-13 00:11:43.029040,3.0313827991485596,-8.940083503723145,1779.9837112426758,1493.2037591934204,1668.68896484375,1557.775378227234,42.5,47.0,1,1,0,0
1783872703063420900,2026-07-13 00:11:43.063421,3.113368511199951,-9.394301414489746,1535.6181144714355,1561.6971254348755,1668.68896484375,1561.6971254348755,48.5,40.0,1,1,0,0
1783872703097985100,2026-07-13 00:11:43.097985,3.191554307937622,-10.325739860534668,1482.8124046325684,1687.0394945144653,1668.68896484375,1557.775378227234,48.5,45.0,1,1,0,0
1783872703142019500,2026-07-13 00:11:43.142020,3.1558210849761963,-9.577470779418945,1505.9699058532715,1662.0357036590576,1668.68896484375,1561.6971254348755,45.0,41.0,1,1,0,0
1783872703176672500,2026-07-13 00:11:43.176672,3.2284934520721436,-10.248568534851074,1444.3190574645996,1718.2531356811523,1535.6181144714355,1561.6971254348755,44.5,38.5,1,1,0,0
1783872703207836000,2026-07-13 00:11:43.207836,3.0763938426971436,-10.698500633239746,1246.3994979858398,1809.366226196289,1505.9699058532715,1662.0357036590576,48.5,34.0,1,1,0,0
1783872703240146800,2026-07-13 00:11:43.240147,3.151455879211426,-9.928412437438965,1394.881820678711,1728.8206815719604,1505.9699058532715,1662.0357036590576,42.5,30.5,1,1,0,0
1783872703271797400,2026-07-13 00:11:43.271797,3.1556060314178467,-10.376660346984863,1317.118740081787,1786.230206489563,1444.3190574645996,1718.2531356811523,42.5,34.0,1,1,0,0
1783872703308104400,2026-07-13 00:11:43.308105,2.9921295642852783,-10.561864852905273,1168.9149856567383,1785.6228351593018,1394.881820678711,1728.8206815719604,46.5,32.0,1,1,0,0
1783872703338465000,2026-07-13 00:11:43.338465,2.803407907485962,-9.152856826782227,1339.6721839904785,1652.1707773208618,1394.881820678711,1662.0357036590576,32.5,30.0,1,1,0,0
1783872703374582500,2026-07-13 00:11:43.374583,3.072291612625122,-10.95996379852295,1239.9964332580566,1780.756115913391,1339.6721839904785,1728.8206815719604,27.5,29.5,1,1,0,0
1783872703407695700,2026-07-13 00:11:43.407696,3.109384775161743,-10.658339500427246,1464.3914222717285,1835.86847782135,1394.881820678711,1728.8206815719604,29.5,34.5,1,1,0,0
1783872703457768900,2026-07-13 00:11:43.457769,2.9339096546173096,-10.626322746276855,1203.2766342163086,1841.3527011871338,1339.6721839904785,1728.8206815719604,35.0,27.0,1,1,0,0
1783872703490865000,2026-07-13 00:11:43.490865,3.1367595195770264,-11.733115196228027,1303.9908409118652,1865.0883436203003,1339.6721839904785,1780.756115913391,35.5,28.0,1,1,0,0
1783872703524266100,2026-07-13 00:11:43.524266,3.1020469665527344,-11.290125846862793,1252.4322509765625,1848.6086130142212,1339.6721839904785,1835.86847782135,37.5,34.5,1,1,0,0
1783872703559976400,2026-07-13 00:11:43.559976,3.1181042194366455,-11.47791576385498,1289.6512031555176,1852.8263568878174,1303.9908409118652,1841.3527011871338,42.5,33.0,1,1,0,0
1783872703596077000,2026-07-13 00:11:43.596077,3.0590996742248535,-11.455469131469727,1235.2152824401855,1863.8194799423218,1303.9908409118652,1848.6086130142212,41.0,31.0,1,1,0,0
1783872703628065200,2026-07-13 00:11:43.628065,3.0565969944000244,-12.138508796691895,1229.3821334838867,1870.381474494934,1289.6512031555176,1848.6086130142212,40.0,28.0,1,1,0,0
1783872703662453300,2026-07-13 00:11:43.662453,2.6891586780548096,-10.715134620666504,1152.1452903747559,1838.6549949645996,1289.6512031555176,1841.3527011871338,22.5,33.0,1,1,0,0
1783872703697814900,2026-07-13 00:11:43.697815,2.900010585784912,-12.393033027648926,1000.8950233459473,1872.3682165145874,1235.2152824401855,1848.6086130142212,31.5,26.0,1,1,0,0
1783872703731998600,2026-07-13 00:11:43.731999,2.7383925914764404,-11.505003929138184,1050.1819610595703,1865.338921546936,1229.3821334838867,1848.6086130142212,29.5,31.0,1,1,0,0
1783872703765329400,2026-07-13 00:11:43.765329,2.68681001663208,-11.362330436706543,1075.1167297363281,1851.5872955322266,1152.1452903747559,1848.6086130142212,29.0,21.5,1,1,0,0
1783872703857985400,2026-07-13 00:11:43.857985,3.036571741104126,-11.738485336303711,1393.9510345458984,1847.7818965911865,1235.2152824401855,1848.6086130142212,32.0,17.0,1,1,0,0
1783872703892210400,2026-07-13 00:11:43.892210,3.180159330368042,-11.805764198303223,1612.6285552978516,1815.4699802398682,1229.3821334838867,1848.6086130142212,38.0,33.0,1,1,0,0
1783872703924262600,2026-07-13 00:11:43.924263,3.1497840881347656,-11.695584297180176,1534.1825485229492,1849.573254585266,1235.2152824401855,1848.6086130142212,39.5,25.0,1,1,0,0
1783872703957050600,2026-07-13 00:11:43.957051,3.1722633838653564,-11.766403198242188,1723.8945007324219,1828.3054828643799,1393.9510345458984,1848.6086130142212,37.5,33.0,1,1,0,0
1783872703988880400,2026-07-13 00:11:43.988880,3.102864980697632,-11.512799263000488,1729.4462203979492,1822.6499557495117,1534.1825485229492,1848.6086130142212,39.0,34.0,1,1,0,0
1783872704021774700,2026-07-13 00:11:44.021775,2.9956166744232178,-10.491286277770996,1500.5760192871094,1758.7065696716309,1500.5760192871094,1848.6086130142212,37.0,12.5,1,1,0,0
1783872704055018900,2026-07-13 00:11:44.055019,2.5200812816619873,-10.571187019348145,1107.7588081359863,1755.7224035263062,1393.9510345458984,1828.3054828643799,36.0,13.0,1,1,0,0
1783872704088999600,2026-07-13 00:11:44.089000,2.4303829669952393,-9.747788429260254,1097.319507598877,1714.936375617981,1500.5760192871094,1822.6499557495117,28.0,20.0,1,1,0,0
1783872704124237300,2026-07-13 00:11:44.124237,2.319638967514038,-10.49456787109375,872.9157447814941,1756.4876079559326,1393.9510345458984,1758.7065696716309,35.0,16.0,1,1,0,0
1783872704154357100,2026-07-13 00:11:44.154357,2.391850709915161,-9.214521408081055,1004.9745559692383,1689.6748542785645,1107.7588081359863,1756.4876079559326,27.5,22.0,1,1,0,0
1783872704186227900,2026-07-13 00:11:44.186228,2.511836051940918,-10.129317283630371,1114.505958557129,1769.8360681533813,1114.505958557129,1769.8360681533813,18.5,17.5,1,1,0,0
1783872704215531400,2026-07-13 00:11:44.215532,2.527432680130005,-10.606016159057617,981.7291259765625,1833.9773416519165,1107.7588081359863,1758.7065696716309,29.0,17.0,1,1,0,0
1783872704245655700,2026-07-13 00:11:44.245656,2.749197244644165,-10.295791625976562,1083.5582733154297,1806.091547012329,1107.7588081359863,1769.8360681533813,31.5,23.0,1,1,0,0
1783872704277824600,2026-07-13 00:11:44.277824,2.719519853591919,-9.99140453338623,1099.3083000183105,1773.8715410232544,1107.7588081359863,1769.8360681533813,30.5,22.5,1,1,0,0
1783872704308696400,2026-07-13 00:11:44.308696,2.8385181427001953,-10.733080863952637,1121.1668968200684,1819.6781873703003,1107.7588081359863,1773.8715410232544,31.5,22.5,1,1,0,0
1783872704344006000,2026-07-13 00:11:44.344006,2.6945080757141113,-10.60303020477295,915.5673027038574,1814.4569396972656,1107.7588081359863,1773.8715410232544,31.0,22.5,1,1,0,0
1783872704378103400,2026-07-13 00:11:44.378103,2.77289080619812,-9.860871315002441,1091.3840293884277,1770.6012725830078,1107.7588081359863,1770.6012725830078,33.5,22.5,1,1,0,0
1783872704418753400,2026-07-13 00:11:44.418753,2.6866304874420166,-10.554645538330078,1014.1594886779785,1808.2611560821533,1107.7588081359863,1773.8715410232544,30.5,22.5,1,1,0,0
1783872704449667500,2026-07-13 00:11:44.449668,2.4917080402374268,-10.5189847946167,906.3348770141602,1791.9071912765503,1091.3840293884277,1773.8715410232544,31.0,21.5,1,1,0,0
1783872704483143800,2026-07-13 00:11:44.483144,2.7308132648468018,-9.717517852783203,1186.171054840088,1721.6856479644775,1107.7588081359863,1770.6012725830078,29.0,29.0,1,1,0,0
1783872704517063800,2026-07-13 00:11:44.517064,3.1714956760406494,-11.558515548706055,1338.9487266540527,1828.35054397583,1107.7588081359863,1773.8715410232544,30.5,27.5,1,1,0,0
1783872704550784700,2026-07-13 00:11:44.550785,2.79168701171875,-10.24425983428955,1220.9266662597656,1800.5512952804565,1107.7588081359863,1773.8715410232544,32.5,29.5,1,1,0,0
1783872704580635400,2026-07-13 00:11:44.580635,2.9321982860565186,-10.958945274353027,1254.9543380737305,1843.177080154419,1186.171054840088,1773.8715410232544,30.5,21.0,1,1,0,0
1783872704613377300,2026-07-13 00:11:44.613377,2.8561575412750244,-10.358986854553223,1303.1357765197754,1790.6463146209717,1220.9266662597656,1790.6463146209717,30.5,24.5,1,1,0,0
1783872704651754000,2026-07-13 00:11:44.651754,2.6670119762420654,-10.605880737304688,1124.35941696167,1793.7322854995728,1124.35941696167,1790.6463146209717,40.0,28.0,1,1,0,0
1783872704683701600,2026-07-13 00:11:44.683702,2.6291797161102295,-9.120985984802246,1444.8996543884277,1667.9450273513794,1220.9266662597656,1773.8715410232544,37.5,41.0,1,1,0,0
1783872704713959500,2026-07-13 00:11:44.713959,2.6186132431030273,-7.952478885650635,1422.4834442138672,1489.1270399093628,1220.9266662597656,1790.6463146209717,31.0,40.5,1,1,0,0
1783872704745956900,2026-07-13 00:11:44.745957,2.487776517868042,-8.402832984924316,1636.5583419799805,1519.432783126831,1220.9266662597656,1773.8715410232544,54.0,39.5,1,1,0,0
1783872704774237000,2026-07-13 00:11:44.774237,2.653728485107422,-9.100902557373047,1484.324836730957,1608.852744102478,1422.4834442138672,1667.9450273513794,48.5,46.5,1,1,0,0
1783872704834783900,2026-07-13 00:11:44.834784,2.83268666267395,-8.742538452148438,1440.4339790344238,1482.13791847229,1422.4834442138672,1608.852744102478,48.0,38.0,1,1,0,0
1783872704870147400,2026-07-13 00:11:44.870147,2.7607598304748535,-9.5133695602417,1527.5446891784668,1622.9336261749268,1440.4339790344238,1622.9336261749268,52.5,40.5,1,1,0,0
1783872704898916200,2026-07-13 00:11:44.898916,2.818601608276367,-9.667542457580566,1739.614486694336,1547.051191329956,1440.4339790344238,1608.852744102478,52.5,34.0,1,1,0,0
1783872704928549000,2026-07-13 00:11:44.928549,2.9409570693969727,-8.593894958496094,1589.9394989013672,1431.4751625061035,1440.4339790344238,1608.852744102478,63.0,46.0,1,1,0,0
1783872704968083400,2026-07-13 00:11:44.968083,2.9033868312835693,-9.503188133239746,1430.1645278930664,1580.5754661560059,1440.4339790344238,1608.852744102478,56.5,40.0,1,1,0,0
1783872704997145400,2026-07-13 00:11:44.997145,2.926945209503174,-8.501410484313965,1727.6775360107422,1503.8052797317505,1440.4339790344238,1580.5754661560059,65.0,45.5,1,1,0,0
1783872705024431300,2026-07-13 00:11:45.024431,2.9642903804779053,-8.840821266174316,1468.827247619629,1517.6951885223389,1440.4339790344238,1580.5754661560059,54.5,39.5,1,1,0,0
1783872705049900500,2026-07-13 00:11:45.049901,2.8859126567840576,-7.743226528167725,1755.0535202026367,1343.202829360962,1440.4339790344238,1580.5754661560059,55.0,40.5,1,1,0,0
1783872705075606500,2026-07-13 00:11:45.075607,2.8607795238494873,-8.675518035888672,1639.0846252441406,1457.4259519577026,1468.827247619629,1517.6951885223389,67.0,47.0,1,1,0,0
1783872705109201000,2026-07-13 00:11:45.109201,2.8832485675811768,-7.6536865234375,1723.4140396118164,1310.9713792800903,1468.827247619629,1517.6951885223389,68.0,48.0,1,1,0,0
1783872705142842300,2026-07-13 00:11:45.142842,2.8743374347686768,-8.667981147766113,1484.2744827270508,1500.3283023834229,1484.2744827270508,1500.3283023834229,68.0,51.0,1,1,0,0
1783872705174062700,2026-07-13 00:11:45.174062,2.980374574661255,-7.9541473388671875,1662.5158309936523,1349.5681285858154,1484.2744827270508,1500.3283023834229,73.5,41.0,1,1,0,0
1783872705205315400,2026-07-13 00:11:45.205315,2.8736302852630615,-9.549370765686035,1613.9373779296875,1605.1549911499023,1484.2744827270508,1517.6951885223389,63.5,55.0,1,1,0,0
1783872705237860300,2026-07-13 00:11:45.237860,3.0228750705718994,-9.031329154968262,1573.499584197998,1520.4294919967651,1484.2744827270508,1500.3283023834229,72.0,36.0,1,1,0,0
1783872705278250600,2026-07-13 00:11:45.278250,2.6509487628936768,-8.769818305969238,1644.2451477050781,1530.2993059158325,1573.499584197998,1517.6951885223389,63.0,50.5,1,1,0,0
1783872705312004600,2026-07-13 00:11:45.312005,2.9816524982452393,-9.27799129486084,1715.943717956543,1516.5308713912964,1573.499584197998,1517.6951885223389,69.0,47.0,1,1,0,0
1783872705352003800,2026-07-13 00:11:45.352004,2.9430477619171143,-9.423766136169434,1708.660888671875,1509.8474025726318,1573.499584197998,1509.8474025726318,72.5,39.5,1,1,0,0
1783872705387846900,2026-07-13 00:11:45.387847,3.006460189819336,-9.133597373962402,1659.3978881835938,1468.9923524856567,1644.2451477050781,1516.5308713912964,66.0,41.5,1,1,0,0
1783872705433930800,2026-07-13 00:11:45.433931,3.1021831035614014,-9.413817405700684,1664.0823364257812,1505.4872035980225,1659.3978881835938,1509.8474025726318,73.5,38.5,1,1,0,0
1783872705468237900,2026-07-13 00:11:45.468238,3.1355574131011963,-9.249615669250488,1602.9376983642578,1441.8073892593384,1602.9376983642578,1509.8474025726318,54.5,39.5,1,1,0,0
1783872705496859100,2026-07-13 00:11:45.496859,3.14057993888855,-8.191788673400879,1681.4197540283203,1294.3397760391235,1659.3978881835938,1505.4872035980225,56.5,38.0,1,1,0,0
1783872705531138200,2026-07-13 00:11:45.531138,2.933631181716919,-9.677179336547852,1683.5983276367188,1562.9373788833618,1659.3978881835938,1509.8474025726318,52.5,46.0,1,1,0,0
1783872705565059300,2026-07-13 00:11:45.565059,2.838829755783081,-7.8738250732421875,1817.970085144043,1315.1566982269287,1659.3978881835938,1505.4872035980225,63.0,31.5,1,1,0,0
1783872705598492000,2026-07-13 00:11:45.598492,3.0248680114746094,-9.455401420593262,1612.606430053711,1506.631851196289,1659.3978881835938,1505.4872035980225,60.5,46.5,1,1,0,0
1783872705629358900,2026-07-13 00:11:45.629359,2.7557156085968018,-7.767116546630859,1741.0449981689453,1280.564546585083,1659.3978881835938,1505.4872035980225,59.0,34.0,1,1,0,0
1783872705663405900,2026-07-13 00:11:45.663406,3.0957858562469482,-9.57100772857666,1566.2280082702637,1523.3687162399292,1659.3978881835938,1505.4872035980225,51.0,47.0,1,1,0,0
1783872705694620200,2026-07-13 00:11:45.694620,3.1494081020355225,-8.714104652404785,1754.0143966674805,1345.7258939743042,1659.3978881835938,1505.4872035980225,56.0,40.5,1,1,0,0
1783872705729913600,2026-07-13 00:11:45.729914,2.9606680870056152,-9.118781089782715,1611.2565994262695,1471.624255180359,1659.3978881835938,1505.4872035980225,55.5,43.5,1,1,0,0
1783872705783487200,2026-07-13 00:11:45.783487,2.899059534072876,-7.9881463050842285,1808.950424194336,1296.4756488800049,1659.3978881835938,1505.4872035980225,57.5,40.5,1,1,0,0
1783872705833214700,2026-07-13 00:11:45.833215,3.040477991104126,-8.3176908493042,1833.4150314331055,1307.6943159103394,1659.3978881835938,1471.624255180359,54.5,40.5,1,1,0,0
1783872705878622100,2026-07-13 00:11:45.878622,2.9316489696502686,-7.866515636444092,1794.083595275879,1291.570544242859,1659.3978881835938,1471.624255180359,57.5,42.0,1,1,0,0
1783872705923735200,2026-07-13 00:11:45.923735,3.158292770385742,-9.055638313293457,1731.6560745239258,1390.263557434082,1731.6560745239258,1390.263557434082,45.0,40.5,1,1,0,0
1783872705974195000,2026-07-13 00:11:45.974195,2.953678846359253,-7.987578868865967,1675.6118774414062,1330.8907747268677,1675.6118774414062,1390.263557434082,55.0,41.0,1,1,0,0
1783872706009774800,2026-07-13 00:11:46.009775,3.0578606128692627,-8.296276092529297,1809.2948913574219,1307.8804016113281,1731.6560745239258,1390.263557434082,45.5,36.0,1,1,0,0
1783872706045629200,2026-07-13 00:11:46.045629,2.8627307415008545,-7.315740585327148,1834.140396118164,1210.5790376663208,1731.6560745239258,1390.263557434082,65.0,50.0,1,1,0,0
1783872706080266400,2026-07-13 00:11:46.080266,3.1263926029205322,-7.639924049377441,1568.217945098877,1235.7662916183472,1675.6118774414062,1330.8907747268677,53.5,46.5,1,1,0,0
1783872706124135200,2026-07-13 00:11:46.124135,3.1402487754821777,-7.765419960021973,1617.025375366211,1222.7944135665894,1731.6560745239258,1307.8804016113281,57.5,44.0,1,1,0,0
1783872706163229100,2026-07-13 00:11:46.163229,3.1557161808013916,-7.92739200592041,1733.9435577392578,1246.3688850402832,1731.6560745239258,1246.3688850402832,58.5,39.0,1,1,0,0
1783872706201385800,2026-07-13 00:11:46.201386,2.7896621227264404,-8.371125221252441,1821.0859298706055,1400.0164270401,1731.6560745239258,1330.8907747268677,54.5,49.0,1,1,0,0
1783872706236155500,2026-07-13 00:11:46.236156,2.6523916721343994,-6.9935736656188965,1849.530029296875,1167.8884029388428,1731.6560745239258,1246.3688850402832,71.0,38.0,1,1,0,0
1783872706268400600,2026-07-13 00:11:46.268401,3.026015281677246,-8.034322738647461,1669.1839218139648,1290.5164957046509,1731.6560745239258,1246.3688850402832,62.5,44.5,1,1,0,0
1783872706302056700,2026-07-13 00:11:46.302057,2.91520619392395,-8.523721694946289,1867.1100616455078,1364.9230003356934,1731.6560745239258,1330.8907747268677,66.5,51.5,1,1,0,0
1783872706344234900,2026-07-13 00:11:46.344235,2.790644645690918,-8.855916023254395,1852.3035049438477,1468.286395072937,1731.6560745239258,1290.5164957046509,65.5,55.0,1,1,0,0
1783872706369662900,2026-07-13 00:11:46.369663,2.887279748916626,-8.051627159118652,1780.8395385742188,1350.6017923355103,1731.6560745239258,1330.8907747268677,69.0,44.5,1,1,0,0
1783872706413989800,2026-07-13 00:11:46.413990,2.9765920639038086,-7.6412272453308105,1867.109489440918,1272.4632024765015,1780.8395385742188,1330.8907747268677,64.5,55.5,1,1,0,0
1783872706450899200,2026-07-13 00:11:46.450899,2.7126305103302,-7.503635883331299,1816.8508529663086,1274.7955322265625,1780.8395385742188,1290.5164957046509,67.0,48.5,1,1,0,0
1783872706484703800,2026-07-13 00:11:46.484704,2.8396031856536865,-7.721628665924072,1750.3856658935547,1293.6580181121826,1750.3856658935547,1293.6580181121826,69.0,41.0,1,1,0,0
1783872706517246900,2026-07-13 00:11:46.517247,2.8704025745391846,-6.6999592781066895,1636.3601684570312,1205.3070068359375,1780.8395385742188,1290.5164957046509,68.5,42.0,1,1,0,0
1783872706540947500,2026-07-13 00:11:46.540947,3.050635576248169,-7.164791584014893,1370.8830833435059,1283.3932638168335,1750.3856658935547,1290.5164957046509,72.0,53.0,1,1,0,0
1783872706595141400,2026-07-13 00:11:46.595141,3.034311056137085,-6.5785088539123535,1715.9172058105469,1079.0491104125977,1750.3856658935547,1290.5164957046509,82.5,35.5,1,1,0,0
1783872706629416900,2026-07-13 00:11:46.629417,2.84173321723938,-8.255864143371582,1792.9580688476562,1344.0629243850708,1780.8395385742188,1290.5164957046509,81.5,37.0,1,1,0,0
1783872706662313500,2026-07-13 00:11:46.662313,2.6101207733154297,-8.48178768157959,1921.6619491577148,1405.003547668457,1750.3856658935547,1290.5164957046509,74.0,36.5,1,1,0,0
1783872706695268300,2026-07-13 00:11:46.695268,3.2037971019744873,-8.068474769592285,1538.088035583496,1302.8367757797241,1750.3856658935547,1290.5164957046509,66.0,49.0,1,1,0,0
1783872706730173900,2026-07-13 00:11:46.730174,3.2338407039642334,-7.842655658721924,1494.4107055664062,1267.486572265625,1750.3856658935547,1290.5164957046509,67.5,39.0,1,1,0,0
1783872706765861700,2026-07-13 00:11:46.765862,2.820924997329712,-7.516685962677002,1917.2975540161133,1216.2021398544312,1750.3856658935547,1290.5164957046509,68.5,41.5,1,1,0,0
1783872706800869000,2026-07-13 00:11:46.800869,3.153919219970703,-7.61939001083374,1699.84130859375,1208.7249755859375,1750.3856658935547,1290.5164957046509,61.0,50.5,1,1,0,0
1783872706836890000,2026-07-13 00:11:46.836890,3.076833963394165,-7.542101860046387,1746.605110168457,1200.606107711792,1750.3856658935547,1267.486572265625,54.0,50.5,1,1,0,0
1783872706869018100,2026-07-13 00:11:46.869018,2.8856759071350098,-8.185805320739746,1867.4278259277344,1317.4604177474976,1750.3856658935547,1290.5164957046509,53.5,35.5,1,1,0,0
1783872706901578300,2026-07-13 00:11:46.901578,2.8817946910858154,-7.645084857940674,1830.3253173828125,1263.039469718933,1750.3856658935547,1267.486572265625,78.0,43.0,1,1,0,0
1783872706983388500,2026-07-13 00:11:46.983388,2.8123912811279297,-7.9308247566223145,1952.486228942871,1248.9259243011475,1750.3856658935547,1267.486572265625,58.5,42.5,1,1,0,0
1783872707016461400,2026-07-13 00:11:47.016461,2.785172700881958,-9.275938987731934,1986.8650436401367,1451.2078762054443,1830.3253173828125,1290.5164957046509,62.5,38.0,1,1,0,0
1783872707046201300,2026-07-13 00:11:47.046201,2.97497820854187,-8.08350658416748,2042.066764831543,1230.018138885498,1830.3253173828125,1267.486572265625,62.5,41.5,1,1,0,0
1783872707078541700,2026-07-13 00:11:47.078542,2.8604865074157715,-8.678265571594238,1935.4122161865234,1436.1521005630493,1935.4122161865234,1267.486572265625,65.5,41.5,1,1,0,0
1783872707108698100,2026-07-13 00:11:47.108698,2.710610866546631,-8.759910583496094,1999.3345260620117,1453.2999992370605,1935.4122161865234,1290.5164957046509,58.5,38.0,1,1,0,0
1783872707138307900,2026-07-13 00:11:47.138308,3.053600549697876,-8.618401527404785,1744.554328918457,1369.6935176849365,1830.3253173828125,1290.5164957046509,65.5,46.5,1,1,0,0
1783872707204824200,2026-07-13 00:11:47.204824,2.8834919929504395,-8.822314262390137,1650.6526947021484,1481.5618991851807,1935.4122161865234,1369.6935176849365,55.5,37.5,1,1,0,0
1783872707241321600,2026-07-13 00:11:47.241322,3.1152870655059814,-8.846871376037598,1727.4093627929688,1430.1635026931763,1830.3253173828125,1369.6935176849365,63.0,50.0,1,1,0,0
1783872707275966100,2026-07-13 00:11:47.275966,3.26100492477417,-8.845605850219727,1592.573356628418,1384.6485614776611,1744.554328918457,1369.6935176849365,68.5,44.0,1,1,0,0
1783872707305204200,2026-07-13 00:11:47.305204,3.0719058513641357,-9.111050605773926,1692.2296524047852,1413.4825468063354,1727.4093627929688,1384.6485614776611,63.5,44.5,1,1,0,0
1783872707335723800,2026-07-13 00:11:47.335724,2.9978411197662354,-8.716498374938965,1661.7385864257812,1396.9413042068481,1727.4093627929688,1384.6485614776611,62.0,47.5,1,1,0,0
1783872707372554600,2026-07-13 00:11:47.372555,3.1841776371002197,-8.333311080932617,1690.0802612304688,1289.5855903625488,1692.2296524047852,1369.6935176849365,65.0,44.5,1,1,0,0
1783872707406981400,2026-07-13 00:11:47.406981,3.3111302852630615,-8.775148391723633,1664.990234375,1338.7885093688965,1692.2296524047852,1384.6485614776611,62.5,48.0,1,1,0,0
1783872707440961100,2026-07-13 00:11:47.440961,3.167785882949829,-8.48072338104248,1713.1916046142578,1367.5624132156372,1713.1916046142578,1369.6935176849365,70.0,42.5,1,1,0,0
1783872707473255200,2026-07-13 00:11:47.473255,3.001133441925049,-9.546510696411133,1694.276237487793,1519.3780660629272,1692.2296524047852,1369.6935176849365,66.0,47.5,1,1,0,0
1783872707506238100,2026-07-13 00:11:47.506238,3.238430976867676,-9.036697387695312,1826.4860153198242,1359.3963384628296,1694.276237487793,1369.6935176849365,68.5,48.5,1,1,0,0
1783872707537965300,2026-07-13 00:11:47.537965,3.171272039413452,-8.818819999694824,1685.8135223388672,1414.4718647003174,1694.276237487793,1369.6935176849365,66.0,52.5,1,1,0,0
1783872707570545900,2026-07-13 00:11:47.570546,2.91579008102417,-9.492998123168945,1796.195411682129,1476.3530492782593,1694.276237487793,1369.6935176849365,68.0,49.0,1,1,0,0
1783872707602573900,2026-07-13 00:11:47.602574,2.5152337551116943,-10.205912590026855,1829.2495727539062,1713.6387825012207,1694.276237487793,1369.6935176849365,67.0,48.0,1,1,0,0
1783872707639544000,2026-07-13 00:11:47.639544,2.5882744789123535,-10.096753120422363,1874.3711471557617,1711.3111019134521,1694.276237487793,1414.4718647003174,52.0,40.0,1,1,0,0
1783872707672305100,2026-07-13 00:11:47.672305,2.7831525802612305,-9.830323219299316,1941.56494140625,1644.5071697235107,1796.195411682129,1476.3530492782593,53.0,40.5,1,1,0,0
1783872707708258500,2026-07-13 00:11:47.708259,2.6794793605804443,-10.452488899230957,2042.5697326660156,1759.5820426940918,1829.2495727539062,1644.5071697235107,53.5,39.0,1,1,0,0
1783872707740875400,2026-07-13 00:11:47.740875,2.788025140762329,-10.630732536315918,2107.590866088867,1736.3053560256958,1874.3711471557617,1644.5071697235107,51.5,30.5,1,1,0,0
1783872707773130100,2026-07-13 00:11:47.773130,2.632357358932495,-10.536503791809082,2229.758644104004,1740.9292459487915,1941.56494140625,1644.5071697235107,54.5,44.5,1,1,0,0
1783872707829037700,2026-07-13 00:11:47.829038,2.9834086894989014,-11.582093238830566,2105.906295776367,1747.8197813034058,2042.5697326660156,1736.3053560256958,47.0,30.0,1,1,0,0
1783872707864197500,2026-07-13 00:11:47.864197,2.9573841094970703,-12.522626876831055,2209.470748901367,1823.2744932174683,2105.906295776367,1736.3053560256958,46.5,33.0,1,1,0,0
1783872707916158100,2026-07-13 00:11:47.916158,2.5447351932525635,-11.576480865478516,2456.365394592285,1842.1820402145386,2105.906295776367,1740.9292459487915,53.0,31.5,1,1,0,0
1783872707951354200,2026-07-13 00:11:47.951354,2.7835376262664795,-12.49257755279541,2240.007781982422,1804.1268587112427,2105.906295776367,1747.8197813034058,55.5,43.0,1,1,0,0
1783872708005549900,2026-07-13 00:11:48.005550,2.7398369312286377,-10.936543464660645,1763.3502960205078,1818.6227083206177,2105.906295776367,1804.1268587112427,34.0,35.5,1,1,0,0
1783872708044670900,2026-07-13 00:11:48.044671,2.5273749828338623,-10.623147964477539,1724.6116638183594,1792.121410369873,2105.906295776367,1792.121410369873,42.0,36.5,1,1,0,0
1783872708077859600,2026-07-13 00:11:48.077860,2.888902425765991,-10.152295112609863,1837.9512786865234,1661.8762016296387,2105.906295776367,1747.8197813034058,36.5,40.5,1,1,0,0
1783872708120526900,2026-07-13 00:11:48.120527,2.496835947036743,-10.152922630310059,1831.8553924560547,1690.3281211853027,1837.9512786865234,1792.121410369873,35.0,43.5,1,1,0,0
1783872708157030900,2026-07-13 00:11:48.157031,2.466909646987915,-10.061488151550293,1848.3232498168945,1663.0783081054688,1848.3232498168945,1747.8197813034058,39.5,35.5,1,1,0,0
1783872708190683800,2026-07-13 00:11:48.190684,2.6984052658081055,-9.715590476989746,1809.3025207519531,1614.7429943084717,1837.9512786865234,1690.3281211853027,46.0,37.5,1,1,0,0
1783872708234418000,2026-07-13 00:11:48.234418,2.634852170944214,-8.652886390686035,1777.0572662353516,1489.254355430603,1837.9512786865234,1690.3281211853027,47.0,48.0,1,1,0,0
1783872708267841900,2026-07-13 00:11:48.267842,2.530233860015869,-8.587669372558594,1725.4663467407227,1445.7281827926636,1837.9512786865234,1663.0783081054688,48.0,45.0,1,1,0,0
1783872708300961900,2026-07-13 00:11:48.300962,2.4939029216766357,-8.492937088012695,1788.8713836669922,1404.1393995285034,1809.3025207519531,1614.7429943084717,53.5,46.0,1,1,0,0
1783872708333324800,2026-07-13 00:11:48.333325,2.7555112838745117,-8.663432121276855,1742.4261093139648,1413.3644104003906,1788.8713836669922,1489.254355430603,54.0,51.5,1,1,0,0
1783872708364781200,2026-07-13 00:11:48.364781,2.9355976581573486,-9.545013427734375,1829.3048858642578,1466.367244720459,1829.3048858642578,1466.367244720459,53.0,56.5,1,1,0,0
1783872708403619100,2026-07-13 00:11:48.403619,2.5959670543670654,-8.580644607543945,1930.5274963378906,1378.6044120788574,1809.3025207519531,1466.367244720459,54.0,33.0,1,1,0,0
1783872708439170100,2026-07-13 00:11:48.439170,2.929978609085083,-9.787814140319824,1732.5847625732422,1561.4866018295288,1788.8713836669922,1489.254355430603,55.0,50.5,1,1,0,0
1783872708469919100,2026-07-13 00:11:48.469919,3.0662894248962402,-8.591439247131348,1793.4425354003906,1351.7078161239624,1809.3025207519531,1466.367244720459,54.0,49.0,1,1,0,0
1783872708508057300,2026-07-13 00:11:48.508057,3.1024041175842285,-8.886994361877441,1658.0949783325195,1437.7180337905884,1793.4425354003906,1466.367244720459,56.0,46.0,1,1,0,0
1783872708543537700,2026-07-13 00:11:48.543538,2.7817060947418213,-7.286444187164307,1638.932228088379,1259.474754333496,1788.8713836669922,1466.367244720459,51.5,39.5,1,1,0,0
1783872708593368700,2026-07-13 00:11:48.593369,3.088087558746338,-8.636343955993652,1742.734146118164,1364.5739555358887,1788.8713836669922,1437.7180337905884,39.0,42.5,1,1,0,0
1783872708628699000,2026-07-13 00:11:48.628699,2.8789050579071045,-8.670599937438965,1725.927734375,1446.4792013168335,1742.734146118164,1446.4792013168335,55.5,32.5,1,1,0,0
1783872708659553400,2026-07-13 00:11:48.659553,2.7846925258636475,-7.107020378112793,1629.0090560913086,1275.9722471237183,1742.734146118164,1437.7180337905884,54.0,42.5,1,1,0,0
1783872708694640200,2026-07-13 00:11:48.694640,2.9071366786956787,-7.30849027633667,1827.7772903442383,1245.2058792114258,1788.8713836669922,1437.7180337905884,63.0,49.0,1,1,0,0
1783872708726834100,2026-07-13 00:11:48.726834,2.90220046043396,-8.698559761047363,1740.1338577270508,1445.759654045105,1742.734146118164,1445.759654045105,70.0,37.0,1,1,0,0
1783872708760220500,2026-07-13 00:11:48.760221,2.9818389415740967,-8.225977897644043,1857.2874069213867,1336.0514640808105,1742.734146118164,1437.7180337905884,61.5,45.5,1,1,0,0
1783872708795452400,2026-07-13 00:11:48.795452,2.939903736114502,-8.130866050720215,1829.989242553711,1326.6552686691284,1788.8713836669922,1437.7180337905884,65.0,53.5,1,1,0,0
1783872708828131100,2026-07-13 00:11:48.828131,2.9287633895874023,-7.667809009552002,1847.5767135620117,1254.1931867599487,1788.8713836669922,1437.7180337905884,62.5,39.5,1,1,0,0
1783872708864170000,2026-07-13 00:11:48.864170,2.9089457988739014,-7.497839450836182,1772.999382019043,1252.609372138977,1772.999382019043,1336.0514640808105,55.5,57.0,1,1,0,0
1783872708952261000,2026-07-13 00:11:48.952261,2.918484687805176,-6.878357410430908,1704.2003631591797,1204.4109106063843,1788.8713836669922,1326.6552686691284,56.5,37.0,1,1,0,0
1783872709002922500,2026-07-13 00:11:49.002923,2.827868700027466,-7.535126686096191,1666.2227630615234,1256.1821937561035,1772.999382019043,1256.1821937561035,53.5,51.0,1,1,0,0
1783872709033215900,2026-07-13 00:11:49.033216,3.0003554821014404,-6.592136859893799,1712.2486114501953,1121.8559741973877,1772.999382019043,1256.1821937561035,52.5,37.5,1,1,0,0
1783872709065039500,2026-07-13 00:11:49.065040,2.939875364303589,-6.878784656524658,1772.5927352905273,1116.0916090011597,1772.5927352905273,1256.1821937561035,52.5,41.5,1,1,0,0
1783872709098194500,2026-07-13 00:11:49.098194,2.843370199203491,-8.764098167419434,1598.351001739502,1478.1520366668701,1772.5927352905273,1256.1821937561035,62.0,39.5,1,1,0,0
1783872709130983200,2026-07-13 00:11:49.130983,3.117795705795288,-8.910335540771484,1775.4674911499023,1519.968032836914,1772.999382019043,1256.1821937561035,59.5,25.5,1,1,0,0
1783872709161679100,2026-07-13 00:11:49.161679,2.9932196140289307,-10.405268669128418,1357.5078964233398,1707.8050374984741,1772.5927352905273,1256.1821937561035,62.5,29.5,1,1,0,0
1783872709191810800,2026-07-13 00:11:49.191811,2.627612352371216,-9.499739646911621,1210.6922149658203,1674.9850511550903,1772.5927352905273,1478.1520366668701,38.0,26.0,1,1,0,0
1783872709221269800,2026-07-13 00:11:49.221270,2.9931814670562744,-10.330647468566895,1323.6258506774902,1711.7024660110474,1772.5927352905273,1519.968032836914,45.5,30.0,1,1,0,0
1783872709255100600,2026-07-13 00:11:49.255101,2.678536891937256,-9.719584465026855,1303.1364440917969,1685.2844953536987,1357.5078964233398,1674.9850511550903,34.5,26.0,1,1,0,0
1783872709284727600,2026-07-13 00:11:49.284728,2.9111008644104004,-10.479001998901367,1273.1196403503418,1754.5565366744995,1323.6258506774902,1674.9850511550903,45.5,31.5,1,1,0,0
1783872709316780800,2026-07-13 00:11:49.316781,2.991982936859131,-10.075129508972168,1406.9903373718262,1725.1511812210083,1406.9903373718262,1685.2844953536987,31.0,27.5,1,1,0,0
1783872709349241200,2026-07-13 00:11:49.349241,3.075517416000366,-10.977145195007324,1357.4440002441406,1765.5651569366455,1357.4440002441406,1685.2844953536987,53.5,31.0,1,1,0,0
1783872709380037400,2026-07-13 00:11:49.380037,3.0872886180877686,-11.020353317260742,1561.845588684082,1768.165946006775,1357.4440002441406,1725.1511812210083,31.0,33.5,1,1,0,0
1783872709408757100,2026-07-13 00:11:49.408757,3.003903388977051,-10.683634757995605,1292.201328277588,1790.1866436004639,1357.4440002441406,1725.1511812210083,29.5,27.0,1,1,0,0
1783872709443242900,2026-07-13 00:11:49.443243,3.1951916217803955,-11.629072189331055,1325.9246826171875,1805.6316375732422,1357.4440002441406,1765.5651569366455,28.0,31.0,1,1,0,0
1783872709475812700,2026-07-13 00:11:49.475813,3.0173416137695312,-10.975287437438965,1331.2088012695312,1798.8393306732178,1357.4440002441406,1768.165946006775,31.0,27.5,1,1,0,0
1783872709505209200,2026-07-13 00:11:49.505209,3.008359670639038,-11.253687858581543,1324.1547584533691,1869.484782218933,1331.2088012695312,1790.1866436004639,34.0,27.0,1,1,0,0
1783872709534872400,2026-07-13 00:11:49.534872,2.891681432723999,-11.209396362304688,1196.7170715332031,1828.4821510314941,1331.2088012695312,1798.8393306732178,30.0,26.5,1,1,0,0
1783872709568700100,2026-07-13 00:11:49.568700,2.8777310848236084,-9.478979110717773,1392.3351287841797,1594.9472188949585,1357.4440002441406,1768.165946006775,31.5,34.0,1,1,0,0
1783872709599351500,2026-07-13 00:11:49.599352,2.8978068828582764,-8.945218086242676,1312.9358291625977,1575.5599737167358,1331.2088012695312,1790.1866436004639,35.0,41.5,1,1,0,0
1783872709630187100,2026-07-13 00:11:49.630187,2.9061062335968018,-8.686596870422363,1554.6246528625488,1420.4541444778442,1331.2088012695312,1768.165946006775,48.5,33.5,1,1,0,0
1783872709661955500,2026-07-13 00:11:49.661956,2.9061062335968018,-8.686596870422363,1554.6246528625488,1420.4541444778442,1357.4440002441406,1594.9472188949585,55.0,33.5,1,1,0,0
1783872709695648700,2026-07-13 00:11:49.695649,2.7699882984161377,-9.0929594039917,1561.3746643066406,1524.5450735092163,1357.4440002441406,1575.5599737167358,55.0,33.5,1,1,0,0
1783872709730841500,2026-07-13 00:11:49.730842,2.9426076412200928,-7.927441120147705,1733.470344543457,1298.8831996917725,1554.6246528625488,1524.5450735092163,60.5,35.5,1,1,0,0
1783872709762368800,2026-07-13 00:11:49.762369,3.0385091304779053,-8.798588752746582,1749.5843887329102,1459.1429233551025,1554.6246528625488,1524.5450735092163,48.0,41.5,1,1,0,0
1783872709836892300,2026-07-13 00:11:49.836892,3.09892201423645,-8.098053932189941,1866.7444229125977,1300.5547523498535,1561.3746643066406,1524.5450735092163,54.5,41.5,1,1,0,0
1783872709870112400,2026-07-13 00:11:49.870112,3.0737087726593018,-8.001657485961914,1699.0715026855469,1293.9767837524414,1699.0715026855469,1459.1429233551025,56.0,47.5,1,1,0,0
1783872709900015500,2026-07-13 00:11:49.900016,3.1589949131011963,-7.662901401519775,1736.532974243164,1189.6202564239502,1699.0715026855469,1459.1429233551025,54.5,39.5,1,1,0,0
1783872709938383800,2026-07-13 00:11:49.938384,3.1159751415252686,-8.28740119934082,1838.1450653076172,1296.4564561843872,1699.0715026855469,1300.5547523498535,56.0,45.0,1,1,0,0
1783872709968672800,2026-07-13 00:11:49.968673,2.769354820251465,-7.094531536102295,1824.232292175293,1164.6521091461182,1699.0715026855469,1296.4564561843872,54.0,46.5,1,1,0,0
1783872710001281500,2026-07-13 00:11:50.001281,2.731271505355835,-7.267978668212891,1878.2329559326172,1169.097661972046,1736.532974243164,1296.4564561843872,67.0,44.5,1,1,0,0
1783872710028490700,2026-07-13 00:11:50.028491,2.731271505355835,-7.267978668212891,1878.2329559326172,1169.097661972046,1824.232292175293,1296.4564561843872,67.0,48.0,1,1,0,0
1783872710058517500,2026-07-13 00:11:50.058517,2.7617361545562744,-9.187886238098145,1870.692253112793,1497.064471244812,1824.232292175293,1296.4564561843872,64.0,38.0,1,1,0,0
1783872710093877200,2026-07-13 00:11:50.093877,3.234626531600952,-10.512788772583008,1508.162498474121,1721.1493253707886,1736.532974243164,1296.4564561843872,47.5,30.5,1,1,0,0
1783872710134322700,2026-07-13 00:11:50.134323,3.183302402496338,-10.69287395477295,1289.4143104553223,1736.1671924591064,1824.232292175293,1296.4564561843872,45.0,30.5,1,1,0,0
1783872710165523100,2026-07-13 00:11:50.165523,2.9482696056365967,-10.481072425842285,1252.9502868652344,1771.5015411376953,1736.532974243164,1497.064471244812,37.0,30.0,1,1,0,0
1783872710195713500,2026-07-13 00:11:50.195714,2.7385663986206055,-9.789685249328613,1262.714672088623,1713.4826183319092,1508.162498474121,1713.4826183319092,47.0,20.5,1,1,0,0
1783872710222246400,2026-07-13 00:11:50.222246,2.743833065032959,-10.384602546691895,1189.1449928283691,1776.745319366455,1289.4143104553223,1713.4826183319092,37.0,19.5,1,1,0,0
1783872710261304400,2026-07-13 00:11:50.261304,2.9546968936920166,-11.360204696655273,1054.5995712280273,1822.7235078811646,1262.714672088623,1713.4826183319092,30.5,30.0,1,1,0,0
1783872710295099900,2026-07-13 00:11:50.295100,2.646773099899292,-9.158663749694824,1148.1666564941406,1702.2751569747925,1262.714672088623,1713.4826183319092,39.0,28.0,1,1,0,0
1783872710326101700,2026-07-13 00:11:50.326102,2.839240074157715,-10.264147758483887,1039.2395973205566,1768.8226699829102,1189.1449928283691,1713.4826183319092,21.5,26.0,1,1,0,0
1783872710358076500,2026-07-13 00:11:50.358076,2.976595640182495,-10.360993385314941,1271.2998390197754,1775.8517265319824,1262.714672088623,1713.4826183319092,31.5,28.0,1,1,0,0
1783872710391211800,2026-07-13 00:11:50.391212,2.5910658836364746,-9.228894233703613,1196.4646339416504,1665.4852628707886,1196.4646339416504,1713.4826183319092,33.5,28.0,1,1,0,0
1783872710421973200,2026-07-13 00:11:50.421973,2.5626704692840576,-9.214960098266602,1030.6831359863281,1681.1649799346924,1189.1449928283691,1713.4826183319092,29.0,25.0,1,1,0,0
1783872710459185800,2026-07-13 00:11:50.459186,2.7202844619750977,-9.880465507507324,1084.4874382019043,1775.4323482513428,1196.4646339416504,1713.4826183319092,29.0,29.0,1,1,0,0
1783872710490869100,2026-07-13 00:11:50.490869,2.5817677974700928,-10.324118614196777,870.9493637084961,1830.4539918899536,1189.1449928283691,1713.4826183319092,26.5,23.5,1,1,0,0
1783872710526853000,2026-07-13 00:11:50.526853,2.561070203781128,-10.221328735351562,832.780933380127,1826.7717361450195,1084.4874382019043,1713.4826183319092,24.5,28.0,1,1,0,0
1783872710559109200,2026-07-13 00:11:50.559109,2.574604034423828,-10.01080322265625,821.7853546142578,1770.0144052505493,1084.4874382019043,1770.0144052505493,20.5,30.0,1,1,0,0
1783872710590915400,2026-07-13 00:11:50.590915,2.65397047996521,-10.278646469116211,880.2952766418457,1817.8530931472778,880.2952766418457,1770.0144052505493,25.5,28.0,1,1,0,0
1783872710624063600,2026-07-13 00:11:50.624063,2.868180990219116,-10.438485145568848,896.8217849731445,1817.3131942749023,896.8217849731445,1770.0144052505493,22.5,36.0,1,1,0,0
1783872710660593500,2026-07-13 00:11:50.660594,2.6977477073669434,-10.535340309143066,899.0592956542969,1815.6038522720337,899.0592956542969,1770.0144052505493,28.5,31.5,1,1,0,0
1783872710711767600,2026-07-13 00:11:50.711767,2.5975520610809326,-9.304173469543457,920.6299781799316,1737.707018852234,896.8217849731445,1770.0144052505493,28.5,20.5,1,1,0,0
1783872710741979400,2026-07-13 00:11:50.741979,2.436328172683716,-9.914414405822754,701.2680530548096,1787.0129346847534,896.8217849731445,1770.0144052505493,25.5,34.0,1,1,0,0
1783872710791111400,2026-07-13 00:11:50.791111,2.748741388320923,-10.672236442565918,932.6076507568359,1796.5967655181885,899.0592956542969,1770.0144052505493,31.5,31.0,1,1,0,0
1783872710834390800,2026-07-13 00:11:50.834391,2.6546685695648193,-9.804614067077637,964.892578125,1770.4368829727173,899.0592956542969,1770.0144052505493,24.0,30.5,1,1,0,0
1783872710885570800,2026-07-13 00:11:50.885571,2.73844838142395,-10.291068077087402,973.0573654174805,1787.442922592163,899.0592956542969,1770.4368829727173,25.0,26.0,1,1,0,0
1783872710921936000,2026-07-13 00:11:50.921936,2.6695075035095215,-9.844820022583008,1040.1042938232422,1727.7321815490723,932.6076507568359,1770.0144052505493,28.5,28.0,1,1,0,0
1783872710953803300,2026-07-13 00:11:50.953803,2.8148913383483887,-10.290295600891113,1093.0634498596191,1760.1813077926636,964.892578125,1770.0144052505493,24.5,23.5,1,1,0,0
1783872710975999700,2026-07-13 00:11:50.976000,2.7400949001312256,-9.864533424377441,1149.672794342041,1718.7174558639526,973.0573654174805,1770.0144052505493,28.0,28.0,1,1,0,0
1783872711009964500,2026-07-13 00:11:51.009964,2.901400327682495,-10.339591026306152,1127.4964332580566,1759.296178817749,1040.1042938232422,1760.1813077926636,30.5,27.0,1,1,0,0
1783872711072454800,2026-07-13 00:11:51.072455,2.875973701477051,-10.0875883102417,1272.0083236694336,1749.4487762451172,1093.0634498596191,1760.1813077926636,25.5,24.5,1,1,0,0
1783872711099479300,2026-07-13 00:11:51.099479,2.4840915203094482,-8.923181533813477,1132.1032524108887,1654.4252634048462,1127.4964332580566,1759.296178817749,25.0,24.5,1,1,0,0
1783872711143596100,2026-07-13 00:11:51.143596,2.8481109142303467,-9.986879348754883,1137.0506286621094,1757.2355270385742,1127.4964332580566,1759.296178817749,28.5,27.0,1,1,0,0
1783872711172582400,2026-07-13 00:11:51.172582,2.9319169521331787,-9.694592475891113,1301.012134552002,1726.58371925354,1132.1032524108887,1757.2355270385742,26.0,23.5,1,1,0,0
1783872711205639000,2026-07-13 00:11:51.205639,2.9607431888580322,-9.932066917419434,1252.7440071105957,1746.082067489624,1132.1032524108887,1757.2355270385742,24.5,28.0,1,1,0,0
1783872711251079200,2026-07-13 00:11:51.251079,2.8143014907836914,-10.874064445495605,1008.2490921020508,1821.783185005188,1127.4964332580566,1759.296178817749,28.0,31.0,1,1,0,0
1783872711285395400,2026-07-13 00:11:51.285395,2.660872220993042,-9.79015827178955,1062.752628326416,1738.4732961654663,1132.1032524108887,1757.2355270385742,24.5,23.5,1,1,0,0
1783872711324087100,2026-07-13 00:11:51.324087,2.4645464420318604,-9.708670616149902,1024.9078750610352,1712.2989892959595,1127.4964332580566,1757.2355270385742,27.0,30.5,1,1,0,0
1783872711357144900,2026-07-13 00:11:51.357145,2.7674179077148438,-7.356448650360107,1356.3749313354492,1411.518931388855,1127.4964332580566,1757.2355270385742,25.0,31.0,1,1,0,0
1783872711392450100,2026-07-13 00:11:51.392450,2.7332208156585693,-8.557940483093262,1133.1518173217773,1548.038363456726,1132.1032524108887,1738.4732961654663,22.0,30.0,1,1,0,0
1783872711424992800,2026-07-13 00:11:51.424993,2.740550994873047,-9.75759220123291,1166.9916152954102,1673.8934516906738,1132.1032524108887,1712.2989892959595,34.0,29.0,1,1,0,0
1783872711471988500,2026-07-13 00:11:51.471988,1.5064537525177002,-10.4291410446167,948.5118865966797,1696.6451406478882,1127.4964332580566,1696.6451406478882,28.5,12.0,1,1,0,0
1783872711507192700,2026-07-13 00:11:51.507193,1.370137333869934,-10.107062339782715,1035.6592178344727,1617.4695491790771,1132.1032524108887,1696.6451406478882,16.5,3.5,1,1,0,0
1783872711548884300,2026-07-13 00:11:51.548884,1.753991723060608,-9.68714427947998,1096.171474456787,1552.5450706481934,1127.4964332580566,1696.6451406478882,25.5,17.0,1,1,0,0
1783872711584838100,2026-07-13 00:11:51.584838,2.2644970417022705,-8.853547096252441,1237.5356674194336,1526.1962413787842,1127.4964332580566,1696.6451406478882,32.5,16.5,1,1,0,0
1783872711631410200,2026-07-13 00:11:51.631410,2.404465436935425,-9.297625541687012,1223.4012603759766,1599.096417427063,1132.1032524108887,1617.4695491790771,29.5,16.0,1,1,0,0
1783872711668782200,2026-07-13 00:11:51.668782,2.3895890712738037,-8.447078704833984,1316.3070678710938,1457.6225280761719,1132.1032524108887,1599.096417427063,37.0,22.5,1,1,0,0
1783872711704987400,2026-07-13 00:11:51.704987,2.8384850025177,-8.55834674835205,1500.0283241271973,1425.5197048187256,1223.4012603759766,1599.096417427063,44.0,37.0,1,1,0,0
1783872711743964000,2026-07-13 00:11:51.743964,2.9300777912139893,-8.299626350402832,1604.3466567993164,1364.6140098571777,1223.4012603759766,1599.096417427063,46.0,35.5,1,1,0,0
1783872711776149200,2026-07-13 00:11:51.776149,2.92407488822937,-8.79462718963623,1647.030258178711,1426.8637895584106,1316.3070678710938,1457.6225280761719,47.5,53.5,1,1,0,0
1783872711815355300,2026-07-13 00:11:51.815355,2.854269504547119,-8.333050727844238,1694.4211959838867,1370.6481456756592,1500.0283241271973,1426.8637895584106,42.5,39.0,1,1,0,0
1783872711902066700,2026-07-13 00:11:51.902067,2.7548635005950928,-7.810037612915039,1869.3618774414062,1243.035912513733,1604.3466567993164,1426.8637895584106,65.0,55.0,1,1,0,0
1783872711941634200,2026-07-13 00:11:51.941634,2.836118459701538,-7.511348247528076,1871.8437194824219,1208.0804109573364,1647.030258178711,1426.8637895584106,71.0,53.0,1,1,0,0
1783872711975407200,2026-07-13 00:11:51.975407,3.156193733215332,-7.7690348625183105,1542.599868774414,1257.0267915725708,1542.599868774414,1370.6481456756592,56.5,57.5,1,1,0,0
1783872712004349500,2026-07-13 00:11:52.004349,3.035632848739624,-6.3589067459106445,1767.7057266235352,978.3470034599304,1647.030258178711,1257.0267915725708,68.0,41.5,1,1,0,0
1783872712039752000,2026-07-13 00:11:52.039752,3.0095267295837402,-5.972989559173584,1575.693130493164,1016.5575742721558,1647.030258178711,1257.0267915725708,47.5,41.5,1,1,0,0
1783872712071088400,2026-07-13 00:11:52.071088,2.8716461658477783,-7.367391109466553,1613.0027770996094,1261.8709802627563,1613.0027770996094,1261.8709802627563,69.0,54.0,1,1,0,0
1783872712138478900,2026-07-13 00:11:52.138479,3.119213581085205,-6.981689929962158,1657.3419570922852,1078.7296295166016,1647.030258178711,1257.0267915725708,75.5,51.0,1,1,0,0
1783872712182842600,2026-07-13 00:11:52.182843,3.0136940479278564,-8.089189529418945,1678.458595275879,1267.492651939392,1647.030258178711,1257.0267915725708,68.5,53.5,1,1,0,0
1783872712213435000,2026-07-13 00:11:52.213435,2.867671012878418,-7.627715587615967,1828.8110733032227,1246.079683303833,1647.030258178711,1257.0267915725708,81.0,52.0,1,1,0,0
1783872712244879100,2026-07-13 00:11:52.244879,2.8262851238250732,-7.606873989105225,1734.755516052246,1314.3715858459473,1657.3419570922852,1257.0267915725708,78.5,47.0,1,1,0,0
1783872712275671000,2026-07-13 00:11:52.275671,3.0104806423187256,-6.698913097381592,1771.0676193237305,1079.6841382980347,1678.458595275879,1257.0267915725708,84.5,54.0,1,1,0,0
1783872712305646200,2026-07-13 00:11:52.305646,2.9887382984161377,-6.683631420135498,1764.8122787475586,1080.0567865371704,1734.755516052246,1257.0267915725708,68.0,58.5,1,1,0,0
1783872712336082000,2026-07-13 00:11:52.336082,2.851422071456909,-7.4348530769348145,1839.6408081054688,1207.916259765625,1734.755516052246,1257.0267915725708,68.0,39.0,1,1,0,0
1783872712381190500,2026-07-13 00:11:52.381190,3.2585034370422363,-7.656099796295166,1620.2659606933594,1222.833275794983,1678.458595275879,1222.833275794983,69.0,40.5,1,1,0,0
1783872712406923000,2026-07-13 00:11:52.406923,3.361593723297119,-7.854942798614502,1731.3804626464844,1179.5791387557983,1734.755516052246,1222.833275794983,72.5,51.0,1,1,0,0
1783872712439563700,2026-07-13 00:11:52.439564,3.1486403942108154,-8.306756973266602,1711.2712860107422,1232.4498891830444,1731.3804626464844,1232.4498891830444,70.0,52.5,1,1,0,0
1783872712474438200,2026-07-13 00:11:52.474438,3.2000582218170166,-8.547701835632324,1983.94775390625,1271.2148427963257,1731.3804626464844,1222.833275794983,63.0,56.5,1,1,0,0
1783872712511304600,2026-07-13 00:11:52.511305,3.3213486671447754,-8.376280784606934,1641.8546676635742,1260.9888315200806,1731.3804626464844,1232.4498891830444,63.0,57.5,1,1,0,0
1783872712544089300,2026-07-13 00:11:52.544089,3.2306880950927734,-8.179239273071289,1872.166633605957,1263.2508277893066,1731.3804626464844,1232.4498891830444,66.5,43.5,1,1,0,0
1783872712579183500,2026-07-13 00:11:52.579184,3.0136330127716064,-9.4865083694458,1618.497657775879,1511.583685874939,1731.3804626464844,1260.9888315200806,72.5,47.5,1,1,0,0
1783872712613073600,2026-07-13 00:11:52.613074,3.145261526107788,-7.2567243576049805,1873.3829498291016,1080.8780193328857,1731.3804626464844,1232.4498891830444,79.5,53.5,1,1,0,0
1783872712651399500,2026-07-13 00:11:52.651399,3.2618372440338135,-8.567383766174316,1668.5449600219727,1323.218822479248,1731.3804626464844,1260.9888315200806,68.0,52.0,1,1,0,0
1783872712683183400,2026-07-13 00:11:52.683183,3.175281286239624,-7.588326454162598,1777.9403686523438,1128.4772157669067,1731.3804626464844,1260.9888315200806,79.5,51.0,1,1,0,0
1783872712716181600,2026-07-13 00:11:52.716182,3.032383680343628,-7.015766620635986,1794.0814971923828,1111.090064048767,1731.3804626464844,1232.4498891830444,76.0,51.0,1,1,0,0
1783872712746763100,2026-07-13 00:11:52.746763,3.186072587966919,-10.97893238067627,1682.9957962036133,1749.5335340499878,1731.3804626464844,1260.9888315200806,60.5,28.5,1,1,0,0
1783872712784120400,2026-07-13 00:11:52.784120,2.9078240394592285,-10.132567405700684,1331.773853302002,1739.1715049743652,1731.3804626464844,1260.9888315200806,49.0,28.5,1,1,0,0
1783872712838688200,2026-07-13 00:11:52.838688,3.0508439540863037,-10.5626859664917,1293.3923721313477,1741.9947385787964,1731.3804626464844,1260.9888315200806,47.5,38.5,1,1,0,0
1783872712883567900,2026-07-13 00:11:52.883568,2.892890691757202,-9.955321311950684,1476.6888618469238,1715.8401012420654,1682.9957962036133,1715.8401012420654,37.5,26.5,1,1,0,0
1783872712922917300,2026-07-13 00:11:52.922917,3.01568865776062,-10.843481063842773,1378.3454895019531,1785.7675552368164,1476.6888618469238,1715.8401012420654,40.5,31.5,1,1,0,0
1783872712970929400,2026-07-13 00:11:52.970929,3.1221261024475098,-11.241133689880371,1333.1439971923828,1811.967134475708,1476.6888618469238,1715.8401012420654,42.5,35.5,1,1,0,0
1783872713029112600,2026-07-13 00:11:53.029113,3.0900843143463135,-10.59786319732666,1472.8498458862305,1783.610463142395,1476.6888618469238,1715.8401012420654,37.5,28.0,1,1,0,0
1783872713060808300,2026-07-13 00:11:53.060808,2.9614193439483643,-12.314929962158203,1091.971206665039,1875.82266330719,1472.8498458862305,1783.610463142395,41.5,40.0,1,1,0,0
1783872713093816900,2026-07-13 00:11:53.093817,3.0091731548309326,-11.025433540344238,1463.984775543213,1857.3819398880005,1472.8498458862305,1783.610463142395,36.5,35.5,1,1,0,0
1783872713151882500,2026-07-13 00:11:53.151882,3.0762720108032227,-11.59339427947998,1332.3123931884766,1863.8843297958374,1472.8498458862305,1783.610463142395,34.0,35.5,1,1,0,0
1783872713187621400,2026-07-13 00:11:53.187621,2.9370052814483643,-11.310858726501465,1650.6961822509766,1882.561206817627,1472.8498458862305,1857.3819398880005,44.5,32.5,1,1,0,0
1783872713226989700,2026-07-13 00:11:53.226990,2.893944025039673,-11.82384204864502,1269.1876411437988,1915.5961275100708,1472.8498458862305,1857.3819398880005,45.0,27.5,1,1,0,0
1783872713271314500,2026-07-13 00:11:53.271314,3.139244794845581,-11.81418228149414,1475.0618934631348,1876.6487836837769,1472.8498458862305,1863.8843297958374,56.0,39.0,1,1,0,0
1783872713307996700,2026-07-13 00:11:53.307997,3.0402112007141113,-12.81514835357666,1058.9421272277832,1848.2270240783691,1472.8498458862305,1857.3819398880005,42.0,26.5,1,1,0,0
1783872713343396400,2026-07-13 00:11:53.343396,3.186014175415039,-12.519705772399902,1545.3326225280762,1844.6317911148071,1472.8498458862305,1857.3819398880005,40.5,31.0,1,1,0,0
1783872713378034400,2026-07-13 00:11:53.378034,3.179260492324829,-12.545190811157227,1606.8731307983398,1840.6271934509277,1472.8498458862305,1857.3819398880005,51.0,34.5,1,1,0,0
1783872713409683700,2026-07-13 00:11:53.409684,3.0992448329925537,-11.892908096313477,1860.831069946289,1839.279294013977,1472.8498458862305,1848.2270240783691,52.0,31.0,1,1,0,0
1783872713450167500,2026-07-13 00:11:53.450168,3.1820971965789795,-12.194062232971191,1732.5843811035156,1839.0145301818848,1545.3326225280762,1844.6317911148071,64.0,34.5,1,1,0,0
1783872713487766100,2026-07-13 00:11:53.487766,3.0514936447143555,-12.167431831359863,1849.6240615844727,1851.746916770935,1606.8731307983398,1851.746916770935,41.5,37.5,1,1,0,0
1783872713522955500,2026-07-13 00:11:53.522955,3.0945627689361572,-12.247353553771973,1781.7802429199219,1845.9596633911133,1732.5843811035156,1845.9596633911133,45.5,46.5,1,1,0,0
1783872713558763500,2026-07-13 00:11:53.558764,3.080369234085083,-11.956027030944824,1840.5633926391602,1835.9899520874023,1732.5843811035156,1844.6317911148071,45.5,34.0,1,1,0,0
1783872713608372700,2026-07-13 00:11:53.608373,3.076037883758545,-11.72270679473877,1874.639892578125,1808.296799659729,1781.7802429199219,1845.9596633911133,47.5,44.5,1,1,0,0
1783872713639734400,2026-07-13 00:11:53.639734,3.039611577987671,-12.222589492797852,1888.3354187011719,1841.913104057312,1781.7802429199219,1844.6317911148071,46.5,46.0,1,1,0,0
1783872713675045300,2026-07-13 00:11:53.675045,2.9035439491271973,-12.389473915100098,2110.228729248047,1863.766074180603,1840.5633926391602,1844.6317911148071,45.5,29.5,1,1,0,0
1783872713712765100,2026-07-13 00:11:53.712765,2.7893424034118652,-12.342339515686035,2126.1449813842773,1874.5077848434448,1874.639892578125,1845.9596633911133,53.5,39.0,1,1,0,0
1783872713750780800,2026-07-13 00:11:53.750781,2.9696366786956787,-12.57083797454834,2046.2854385375977,1827.4656534194946,1888.3354187011719,1844.6317911148071,64.5,28.0,1,1,0,0
1783872713788122400,2026-07-13 00:11:53.788122,3.0508992671966553,-12.63997745513916,1836.0553741455078,1830.2733898162842,1840.5633926391602,1844.6317911148071,57.0,42.0,1,1,0,0
1783872713822874700,2026-07-13 00:11:53.822875,3.1401400566101074,-12.764862060546875,1929.8700332641602,1805.5111169815063,1888.3354187011719,1844.6317911148071,62.5,30.5,1,1,0,0
1783872713857010300,2026-07-13 00:11:53.857010,2.893233299255371,-12.602864265441895,2103.638458251953,1877.7315616607666,1888.3354187011719,1844.6317911148071,47.5,31.0,1,1,0,0
1783872713892151400,2026-07-13 00:11:53.892151,2.897217273712158,-12.201460838317871,1898.6251831054688,1875.890612602234,1888.3354187011719,1844.6317911148071,60.5,39.0,1,1,0,0
1783872713926997600,2026-07-13 00:11:53.926997,2.9319393634796143,-12.3167085647583,1780.1589965820312,1881.349802017212,1888.3354187011719,1844.6317911148071,56.0,29.5,1,1,0,0
1783872713958148300,2026-07-13 00:11:53.958148,3.0892860889434814,-12.4349946975708,1662.260627746582,1872.2243309020996,1888.3354187011719,1872.2243309020996,49.5,31.0,1,1,0,0
1783872714046339700,2026-07-13 00:11:54.046340,3.3294899463653564,-12.420022010803223,1544.313907623291,1780.6100845336914,1888.3354187011719,1844.6317911148071,53.0,33.5,1,1,0,0
1783872714084714400,2026-07-13 00:11:54.084714,2.9538490772247314,-12.405776023864746,1945.6781387329102,1860.6524467468262,1888.3354187011719,1860.6524467468262,61.0,42.0,1,1,0,0
1783872714115529100,2026-07-13 00:11:54.115529,3.0829989910125732,-12.274993896484375,1992.410659790039,1832.2256803512573,1888.3354187011719,1860.6524467468262,51.5,29.5,1,1,0,0
1783872714152287200,2026-07-13 00:11:54.152287,2.889723777770996,-12.07944107055664,2044.2989349365234,1871.3440895080566,1888.3354187011719,1860.6524467468262,46.0,31.0,1,1,0,0
1783872714183158200,2026-07-13 00:11:54.183158,3.22981333732605,-12.787970542907715,1674.4609832763672,1814.6755695343018,1888.3354187011719,1860.6524467468262,52.5,33.5,1,1,0,0
1783872714215930900,2026-07-13 00:11:54.215931,2.8332319259643555,-11.668455123901367,2019.211196899414,1846.8036651611328,1888.3354187011719,1860.6524467468262,63.5,26.5,1,1,0,0
1783872714248379400,2026-07-13 00:11:54.248379,3.068244695663452,-12.444302558898926,1920.2417373657227,1844.3529605865479,1888.3354187011719,1860.6524467468262,52.5,29.5,1,1,0,0
1783872714279396800,2026-07-13 00:11:54.279397,2.845698595046997,-11.620183944702148,2282.7362060546875,1810.5931282043457,1888.3354187011719,1846.8036651611328,59.5,31.0,1,1,0,0
1783872714312298400,2026-07-13 00:11:54.312299,3.047652006149292,-12.114781379699707,2275.115394592285,1803.6062717437744,1920.2417373657227,1846.8036651611328,57.5,40.5,1,1,0,0
1783872714344688500,2026-07-13 00:11:54.344688,2.880213737487793,-11.913935661315918,2490.9164428710938,1758.150577545166,1920.2417373657227,1844.3529605865479,66.5,39.5,1,1,0,0
1783872714378765000,2026-07-13 00:11:54.378765,2.6522061824798584,-12.715678215026855,2561.559295654297,1790.0081872940063,2275.115394592285,1810.5931282043457,53.5,39.5,1,1,0,0
1783872714411019300,2026-07-13 00:11:54.411019,2.6673858165740967,-12.48276424407959,2565.511703491211,1862.6251220703125,2275.115394592285,1846.8036651611328,52.5,35.0,1,1,0,0
1783872714442069100,2026-07-13 00:11:54.442069,2.7717974185943604,-12.34700870513916,2427.6676177978516,1811.4213943481445,2427.6676177978516,1811.4213943481445,62.0,42.0,1,1,0,0
1783872714475388600,2026-07-13 00:11:54.475389,2.741081953048706,-12.37181568145752,2411.299705505371,1834.0257406234741,2411.299705505371,1811.4213943481445,65.5,42.0,1,1,0,0
1783872714508899500,2026-07-13 00:11:54.508900,2.354935646057129,-11.842328071594238,2553.9934158325195,1774.9693393707275,2427.6676177978516,1811.4213943481445,68.0,39.5,1,1,0,0
1783872714539677900,2026-07-13 00:11:54.539678,2.08117413520813,-11.19752311706543,2602.1005630493164,1696.3186264038086,2427.6676177978516,1811.4213943481445,67.0,54.5,1,1,0,0
1783872714570197700,2026-07-13 00:11:54.570198,2.1032636165618896,-10.833943367004395,2691.8704986572266,1580.9195041656494,2427.6676177978516,1811.4213943481445,67.0,48.5,1,1,0,0
1783872714599796600,2026-07-13 00:11:54.599797,1.9750521183013916,-11.156825065612793,2760.4516983032227,1632.0961713790894,2553.9934158325195,1774.9693393707275,67.0,48.0,1,1,0,0
1783872714635374500,2026-07-13 00:11:54.635375,1.9508130550384521,-11.654372215270996,2761.6134643554688,1729.1679382324219,2602.1005630493164,1729.1679382324219,68.5,48.0,1,1,0,0
1783872714666795300,2026-07-13 00:11:54.666795,2.0112104415893555,-10.848557472229004,2665.8517837524414,1599.2082357406616,2665.8517837524414,1729.1679382324219,69.5,43.0,1,1,0,0
1783872714699359000,2026-07-13 00:11:54.699359,2.2594218254089355,-10.863375663757324,2745.2157974243164,1605.1232814788818,2665.8517837524414,1729.1679382324219,66.5,49.0,1,1,0,0
1783872714731927500,2026-07-13 00:11:54.731928,1.9826099872589111,-10.565585136413574,2644.7677612304688,1562.7175569534302,2644.7677612304688,1729.1679382324219,76.0,51.0,1,1,0,0
1783872714767850800,2026-07-13 00:11:54.767851,2.2565038204193115,-10.588990211486816,2648.497772216797,1576.8386125564575,2665.8517837524414,1605.1232814788818,64.0,50.0,1,1,0,0
1783872714799868000,2026-07-13 00:11:54.799868,2.4400384426116943,-10.3986234664917,2574.588203430176,1556.5685033798218,2648.497772216797,1605.1232814788818,70.0,48.0,1,1,0,0
1783872714833467900,2026-07-13 00:11:54.833468,2.2025930881500244,-9.902535438537598,2480.404281616211,1529.9036502838135,2644.7677612304688,1576.8386125564575,72.0,53.5,1,1,0,0
1783872714867975900,2026-07-13 00:11:54.867976,2.347651243209839,-10.140024185180664,2406.920051574707,1508.4580183029175,2644.7677612304688,1576.8386125564575,61.0,54.0,1,1,0,0
1783872714931891700,2026-07-13 00:11:54.931892,2.322305679321289,-9.510710716247559,2323.3171463012695,1399.5987176895142,2574.588203430176,1556.5685033798218,53.5,51.5,1,1,0,0
1783872714959624100,2026-07-13 00:11:54.959624,2.132068157196045,-8.336971282958984,2373.583984375,1228.1651496887207,2480.404281616211,1529.9036502838135,84.0,56.5,1,1,0,0
1783872714988226000,2026-07-13 00:11:54.988226,2.0171351432800293,-8.171987533569336,2471.9371795654297,1147.078514099121,2471.9371795654297,1508.4580183029175,79.5,59.0,1,1,0,0
1783872715020078500,2026-07-13 00:11:55.020079,2.0013210773468018,-8.94152545928955,2550.332832336426,1307.0785999298096,2550.332832336426,1399.5987176895142,87.0,59.0,1,1,0,0
1783872715047886600,2026-07-13 00:11:55.047887,2.001436948776245,-9.57807445526123,2567.686080932617,1383.575677871704,2480.404281616211,1383.575677871704,80.0,54.5,1,1,0,0
1783872715085157500,2026-07-13 00:11:55.085157,2.1048781871795654,-8.43139362335205,2580.043601989746,1210.2384567260742,2550.332832336426,1383.575677871704,82.5,56.5,1,1,0,0
1783872715122686700,2026-07-13 00:11:55.122687,2.096855401992798,-10.002190589904785,2696.213150024414,1462.4470472335815,2550.332832336426,1399.5987176895142,80.0,63.5,1,1,0,0
1783872715152694900,2026-07-13 00:11:55.152695,1.713018774986267,-8.962357521057129,2706.337356567383,1243.6476945877075,2567.686080932617,1383.575677871704,87.0,54.0,1,1,0,0
1783872715186906600,2026-07-13 00:11:55.186907,2.042365312576294,-8.762344360351562,2623.0804443359375,1194.2062377929688,2580.043601989746,1383.575677871704,87.0,50.0,1,1,0,0
1783872715215874400,2026-07-13 00:11:55.215874,2.085418224334717,-7.6794610023498535,2464.3476486206055,1035.8022451400757,2550.332832336426,1383.575677871704,91.0,53.0,1,1,0,0
1783872715248692300,2026-07-13 00:11:55.248692,2.0617926120758057,-7.686863899230957,2459.212112426758,1024.1988897323608,2567.686080932617,1243.6476945877075,90.5,56.5,1,1,0,0
1783872715281002500,2026-07-13 00:11:55.281003,2.1345019340515137,-7.003122806549072,2428.7704467773438,935.7987642288208,2550.332832336426,1194.2062377929688,95.0,56.0,1,1,0,0
1783872715317232500,2026-07-13 00:11:55.317232,2.186450958251953,-7.102449417114258,2362.52384185791,907.3629379272461,2464.3476486206055,1035.8022451400757,96.0,62.5,1,1,0,0
1783872715349621300,2026-07-13 00:11:55.349621,2.230396032333374,-6.777877330780029,2276.179885864258,940.1450157165527,2459.212112426758,1024.1988897323608,98.0,57.5,1,1,0,0
1783872715384749900,2026-07-13 00:11:55.384750,2.1864473819732666,-6.885006427764893,2273.506546020508,954.2931318283081,2428.7704467773438,954.2931318283081,97.0,61.5,1,1,0,0
1783872715415933900,2026-07-13 00:11:55.415934,1.979573369026184,-7.1010422706604,2323.4689712524414,978.1307578086853,2362.52384185791,978.1307578086853,102.5,62.0,1,1,0,0
1783872715449116800,2026-07-13 00:11:55.449117,2.1487932205200195,-7.309384822845459,2310.8802795410156,979.4433116912842,2323.4689712524414,979.4433116912842,93.0,57.5,1,1,0,0
1783872715483026300,2026-07-13 00:11:55.483026,2.135343551635742,-7.464107990264893,2368.8894271850586,949.9426484107971,2368.8894271850586,954.2931318283081,96.5,62.0,1,1,0,0
1783872715516861500,2026-07-13 00:11:55.516861,1.9429281949996948,-8.57844352722168,2533.7337493896484,1132.6887607574463,2362.52384185791,978.1307578086853,99.5,57.5,1,1,0,0
1783872715557009800,2026-07-13 00:11:55.557010,2.106815814971924,-7.713672161102295,2379.404830932617,977.1154522895813,2368.8894271850586,978.1307578086853,99.0,60.0,1,1,0,0
1783872715593133500,2026-07-13 00:11:55.593133,2.017960786819458,-8.421550750732422,2533.7732315063477,1092.6982164382935,2368.8894271850586,978.1307578086853,93.0,62.0,1,1,0,0
1783872715637164500,2026-07-13 00:11:55.637165,1.9449117183685303,-8.683784484863281,2615.007209777832,1115.0658130645752,2379.404830932617,978.1307578086853,96.0,65.0,1,1,0,0
1783872715675005600,2026-07-13 00:11:55.675006,2.0176401138305664,-8.480687141418457,2531.0176849365234,1066.5946006774902,2379.404830932617,978.1307578086853,92.5,64.5,1,1,0,0
1783872715707870600,2026-07-13 00:11:55.707871,2.080631732940674,-8.368319511413574,2607.3461532592773,1038.5925769805908,2531.0176849365234,1038.5925769805908,89.5,63.5,1,1,0,0
1783872715760033600,2026-07-13 00:11:55.760034,2.080631732940674,-8.368319511413574,2607.3461532592773,1038.5925769805908,2531.0176849365234,1038.5925769805908,89.5,63.5,1,1,0,0
1783872715807133500,2026-07-13 00:11:55.807133,2.1454384326934814,-7.412079334259033,2432.8262329101562,909.971296787262,2432.8262329101562,978.1307578086853,89.0,64.0,1,1,0,0
1783872715849801400,2026-07-13 00:11:55.849802,2.160269260406494,-7.691522598266602,2595.2346801757812,860.8614206314087,2531.0176849365234,1038.5925769805908,97.5,65.5,1,1,0,0
1783872715884122200,2026-07-13 00:11:55.884122,2.191772937774658,-7.269223690032959,2526.2954711914062,890.0558948516846,2531.0176849365234,978.1307578086853,107.0,64.5,1,1,0,0
1783872715939715000,2026-07-13 00:11:55.939715,2.161689281463623,-7.297519207000732,2512.069892883301,876.0530352592468,2512.069892883301,909.971296787262,110.5,65.0,1,1,0,0
1783872715977197100,2026-07-13 00:11:55.977197,2.161689281463623,-7.297519207000732,2512.069892883301,876.0530352592468,2526.2954711914062,890.0558948516846,109.5,64.0,1,1,0,0
1783872716013124800,2026-07-13 00:11:56.013125,2.172273874282837,-6.934696674346924,2527.626419067383,830.0145268440247,2527.626419067383,890.0558948516846,108.0,62.0,1,1,0,0
1783872716047853500,2026-07-13 00:11:56.047853,2.2724790573120117,-6.968240737915039,2537.7744674682617,825.354278087616,2526.2954711914062,876.0530352592468,106.5,66.0,1,1,0,0
1783872716091684600,2026-07-13 00:11:56.091685,2.3003790378570557,-7.253640651702881,2566.899299621582,841.7322039604187,2527.626419067383,876.0530352592468,107.5,66.0,1,1,0,0
1783872716126878300,2026-07-13 00:11:56.126878,2.40472674369812,-7.363440990447998,2613.2280349731445,802.4899363517761,2527.626419067383,841.7322039604187,104.0,59.0,1,1,0,0
1783872716165519600,2026-07-13 00:11:56.165520,2.0904927253723145,-8.174149513244629,2681.07967376709,986.7463111877441,2537.7744674682617,876.0530352592468,94.5,58.5,1,1,0,0
1783872716212196400,2026-07-13 00:11:56.212196,2.163738965988159,-7.798851490020752,2569.4740295410156,944.3745613098145,2566.899299621582,876.0530352592468,105.0,65.0,1,1,0,0
1783872716249046000,2026-07-13 00:11:56.249046,2.086500883102417,-7.834709167480469,2570.261001586914,949.6505260467529,2569.4740295410156,876.0530352592468,96.5,66.5,1,1,0,0
1783872716286011900,2026-07-13 00:11:56.286012,2.0971267223358154,-7.89477014541626,2551.0086059570312,977.0653247833252,2551.0086059570312,944.3745613098145,100.5,65.0,1,1,0,0
1783872716324122700,2026-07-13 00:11:56.324123,2.278998613357544,-7.206989288330078,2435.9216690063477,901.8093347549438,2566.899299621582,901.8093347549438,102.5,62.0,1,1,0,0
1783872716364610400,2026-07-13 00:11:56.364610,2.278998613357544,-7.206989288330078,2435.9216690063477,901.8093347549438,2551.0086059570312,901.8093347549438,111.5,65.5,1,1,0,0
1783872716403547800,2026-07-13 00:11:56.403548,2.3360209465026855,-7.1564154624938965,2449.1222381591797,882.6989531517029,2551.0086059570312,901.8093347549438,97.0,59.0,1,1,0,0
1783872716438210500,2026-07-13 00:11:56.438210,2.2864341735839844,-7.313429355621338,2418.521308898926,922.8598475456238,2449.1222381591797,901.8093347549438,108.0,61.5,1,1,0,0
1783872716471196500,2026-07-13 00:11:56.471196,2.258760690689087,-7.261751651763916,2473.815155029297,886.0646486282349,2473.815155029297,901.8093347549438,103.5,59.5,1,1,0,0
1783872716495057000,2026-07-13 00:11:56.495057,2.1947312355041504,-7.728978633880615,2439.2980575561523,998.8593459129333,2449.1222381591797,901.8093347549438,104.5,59.0,1,1,0,0
1783872716517992900,2026-07-13 00:11:56.517993,2.212993860244751,-7.503122806549072,2417.115592956543,948.9569067955017,2449.1222381591797,901.8093347549438,87.0,58.0,1,1,0,0
1783872716552200900,2026-07-13 00:11:56.552201,2.1413395404815674,-7.618465423583984,2448.715400695801,962.1290564537048,2449.1222381591797,901.8093347549438,104.5,59.0,1,1,0,0
1783872716571445500,2026-07-13 00:11:56.571445,2.2058658599853516,-7.2074971199035645,2359.280014038086,951.516330242157,2448.715400695801,948.9569067955017,98.0,62.5,1,1,0,0
1783872716593543300,2026-07-13 00:11:56.593544,2.1211471557617188,-7.254213809967041,2380.79891204834,957.9352736473083,2448.715400695801,948.9569067955017,93.0,61.0,1,1,0,0
1783872716619224100,2026-07-13 00:11:56.619224,2.2333033084869385,-6.9480390548706055,2280.1984786987305,938.6237859725952,2448.715400695801,938.6237859725952,99.0,64.5,1,1,0,0
1783872716643224400,2026-07-13 00:11:56.643224,2.282482862472534,-6.646590709686279,2365.7791137695312,855.6647896766663,2380.79891204834,948.9569067955017,92.5,64.0,1,1,0,0
1783872716664223600,2026-07-13 00:11:56.664223,2.322962522506714,-6.776719570159912,2266.745376586914,900.3005623817444,2380.79891204834,938.6237859725952,98.0,64.5,1,1,0,0
1783872716684017800,2026-07-13 00:11:56.684018,2.2224209308624268,-6.9225687980651855,2347.9679107666016,904.5765399932861,2365.7791137695312,938.6237859725952,92.0,59.0,1,1,0,0
1783872716716881700,2026-07-13 00:11:56.716882,2.281890869140625,-6.80292272567749,2322.340202331543,879.7785043716431,2365.7791137695312,904.5765399932861,95.5,66.5,1,1,0,0
1783872716749333700,2026-07-13 00:11:56.749334,2.3287909030914307,-7.271605491638184,2462.6787185668945,867.1701550483704,2380.79891204834,904.5765399932861,93.0,61.5,1,1,0,0
1783872716785169900,2026-07-13 00:11:56.785170,2.3287909030914307,-7.271605491638184,2462.6787185668945,867.1701550483704,2365.7791137695312,904.5765399932861,87.5,58.0,1,1,0,0
1783872716818342200,2026-07-13 00:11:56.818342,2.1900782585144043,-7.231430530548096,2463.175582885742,919.937252998352,2380.79891204834,904.5765399932861,91.0,56.5,1,1,0,0
1783872716854074000,2026-07-13 00:11:56.854074,2.2445690631866455,-6.751306533813477,2344.358444213867,840.2823805809021,2380.79891204834,904.5765399932861,87.5,67.0,1,1,0,0
1783872716921084500,2026-07-13 00:11:56.921084,2.1689224243164062,-7.5462164878845215,2454.5785903930664,938.9858841896057,2380.79891204834,904.5765399932861,85.0,56.5,1,1,0,0
1783872716961217500,2026-07-13 00:11:56.961218,2.2009103298187256,-6.310324192047119,2348.281669616699,839.7508263587952,2380.79891204834,904.5765399932861,83.5,60.0,1,1,0,0
1783872716982534700,2026-07-13 00:11:56.982535,2.210462808609009,-7.12053918838501,2466.416358947754,892.0494914054871,2380.79891204834,904.5765399932861,90.5,63.0,1,1,0,0
1783872717001349800,2026-07-13 00:11:57.001350,2.247995376586914,-6.922323703765869,2393.6988830566406,902.0493626594543,2380.79891204834,904.5765399932861,82.0,58.0,1,1,0,0
1783872717020881900,2026-07-13 00:11:57.020882,2.108438491821289,-7.41492223739624,2451.621437072754,924.7362613677979,2380.79891204834,904.5765399932861,89.0,67.0,1,1,0,0
1783872717053651400,2026-07-13 00:11:57.053652,2.1763319969177246,-7.19285249710083,2440.4773712158203,880.2573084831238,2393.6988830566406,904.5765399932861,83.0,58.0,1,1,0,0
1783872717088122400,2026-07-13 00:11:57.088122,2.3080995082855225,-6.575075626373291,2285.495376586914,892.1104669570923,2380.79891204834,904.5765399932861,94.5,65.0,1,1,0,0
1783872717137467500,2026-07-13 00:11:57.137467,2.310359239578247,-6.354245662689209,2328.114128112793,865.5209541320801,2380.79891204834,904.5765399932861,86.5,59.0,1,1,0,0
1783872717160574100,2026-07-13 00:11:57.160574,2.2726619243621826,-6.576637268066406,2400.6725311279297,854.3087840080261,2393.6988830566406,892.1104669570923,91.0,59.0,1,1,0,0
1783872717186071900,2026-07-13 00:11:57.186072,2.104261636734009,-6.8344340324401855,2346.00772857666,882.2096586227417,2380.79891204834,892.1104669570923,84.5,57.5,1,1,0,0
1783872717219688100,2026-07-13 00:11:57.219688,2.2081737518310547,-6.475192546844482,2358.0503463745117,851.1238694190979,2380.79891204834,882.2096586227417,90.5,67.0,1,1,0,0
1783872717255049100,2026-07-13 00:11:57.255049,2.1251699924468994,-7.020135402679443,2162.7954483032227,1035.4901552200317,2380.79891204834,892.1104669570923,69.0,57.0,1,1,0,0
1783872717288451800,2026-07-13 00:11:57.288452,2.746795415878296,-6.441704750061035,1787.8820419311523,939.022421836853,2358.0503463745117,892.1104669570923,69.5,56.0,1,1,0,0
1783872717321298800,2026-07-13 00:11:57.321299,2.465973377227783,-6.904568195343018,1813.607406616211,1035.1736545562744,2358.0503463745117,892.1104669570923,62.5,58.5,1,1,0,0
1783872717354291900,2026-07-13 00:11:57.354292,2.622988224029541,-7.139161586761475,1639.1796112060547,1088.7280702590942,2162.7954483032227,939.022421836853,70.5,50.5,1,1,0,0
1783872717389382600,2026-07-13 00:11:57.389383,2.625617742538452,-6.230649948120117,1728.5087585449219,1010.2808475494385,1813.607406616211,939.022421836853,65.0,53.5,1,1,0,0
1783872717423005900,2026-07-13 00:11:57.423006,2.7436881065368652,-7.068159580230713,1788.337516784668,1084.302306175232,1813.607406616211,1010.2808475494385,69.0,58.5,1,1,0,0
1783872717455904400,2026-07-13 00:11:57.455904,2.677523374557495,-7.1974873542785645,1780.7334899902344,1117.2733306884766,1788.337516784668,1010.2808475494385,64.0,44.0,1,1,0,0
1783872717489039200,2026-07-13 00:11:57.489039,2.9274964332580566,-7.325201034545898,1732.5408935546875,1170.8705425262451,1788.337516784668,1010.2808475494385,68.5,46.0,1,1,0,0
1783872717524802800,2026-07-13 00:11:57.524803,2.829787254333496,-7.127852439880371,1816.459846496582,1152.2763967514038,1813.607406616211,1084.302306175232,68.5,44.5,1,1,0,0
1783872717556925300,2026-07-13 00:11:57.556925,3.094200372695923,-6.368823051452637,1761.0729217529297,1015.2579545974731,1788.337516784668,1015.2579545974731,68.0,45.5,1,1,0,0
1783872717591230000,2026-07-13 00:11:57.591230,3.143685817718506,-5.907027244567871,1675.1218795776367,1003.9902925491333,1788.337516784668,1010.2808475494385,67.0,57.0,1,1,0,0
1783872717625414500,2026-07-13 00:11:57.625414,3.1953353881835938,-5.835087299346924,1666.3354873657227,988.682210445404,1788.337516784668,1015.2579545974731,72.5,57.0,1,1,0,0
1783872717664189400,2026-07-13 00:11:57.664189,3.2360386848449707,-7.003056526184082,1590.4415130615234,1115.5635118484497,1761.0729217529297,1015.2579545974731,68.5,58.0,1,1,0,0
1783872717692228200,2026-07-13 00:11:57.692228,3.18489146232605,-7.895540714263916,1773.7958908081055,1217.2363996505737,1773.7958908081055,1015.2579545974731,62.0,42.5,1,1,0,0
1783872717724364900,2026-07-13 00:11:57.724365,2.5882575511932373,-9.203095436096191,2134.563446044922,1427.2807836532593,1788.337516784668,1015.2579545974731,64.5,54.0,1,1,0,0
1783872717758990100,2026-07-13 00:11:57.758990,2.7759618759155273,-9.641036033630371,1901.5792846679688,1464.3765687942505,1773.7958908081055,1115.5635118484497,54.5,41.0,1,1,0,0
1783872717802022100,2026-07-13 00:11:57.802022,2.4573423862457275,-8.734216690063477,2175.7097244262695,1404.5183658599854,1788.337516784668,1217.2363996505737,54.0,47.0,1,1,0,0
1783872717826737600,2026-07-13 00:11:57.826738,2.473292112350464,-10.563355445861816,2228.659439086914,1578.5789489746094,1901.5792846679688,1404.5183658599854,60.0,47.5,1,1,0,0
1783872717859134500,2026-07-13 00:11:57.859134,2.2795398235321045,-9.277321815490723,2283.790969848633,1437.0871782302856,1901.5792846679688,1404.5183658599854,57.0,55.0,1,1,0,0
1783872717892945500,2026-07-13 00:11:57.892945,2.4447410106658936,-10.711583137512207,2264.986228942871,1596.3726043701172,2175.7097244262695,1404.5183658599854,55.0,43.5,1,1,0,0
1783872717934102200,2026-07-13 00:11:57.934102,2.285235643386841,-9.613802909851074,2339.7151947021484,1441.721796989441,2228.659439086914,1437.0871782302856,52.5,51.0,1,1,0,0
1783872717959691600,2026-07-13 00:11:57.959692,2.780609369277954,-9.676047325134277,2017.3089981079102,1433.8583946228027,2017.3089981079102,1433.8583946228027,55.0,51.0,1,1,0,0
1783872717993719500,2026-07-13 00:11:57.993720,2.8121237754821777,-8.830780982971191,1835.2079391479492,1328.3592462539673,2175.7097244262695,1404.5183658599854,50.5,42.5,1,1,0,0
1783872718026946700,2026-07-13 00:11:58.026947,2.8922626972198486,-8.557194709777832,1779.7622680664062,1330.6398391723633,2017.3089981079102,1433.8583946228027,49.5,46.5,1,1,0,0
1783872718061868900,2026-07-13 00:11:58.061869,2.858593225479126,-8.809035301208496,1939.4399642944336,1369.6234226226807,2017.3089981079102,1404.5183658599854,48.0,42.0,1,1,0,0
1783872718094989300,2026-07-13 00:11:58.094989,3.0424976348876953,-7.981894493103027,1774.588966369629,1209.5798254013062,1939.4399642944336,1369.6234226226807,48.0,49.5,1,1,0,0
1783872718128507600,2026-07-13 00:11:58.128508,3.0424976348876953,-7.981894493103027,1774.588966369629,1209.5798254013062,1939.4399642944336,1369.6234226226807,43.0,40.0,1,1,0,0
1783872718161025900,2026-07-13 00:11:58.161026,3.0837929248809814,-7.650905132293701,1819.3603515625,1137.89963722229,1939.4399642944336,1369.6234226226807,48.0,42.0,1,1,0,0
1783872718196868200,2026-07-13 00:11:58.196868,2.968113422393799,-8.29200267791748,1792.3423767089844,1269.4166898727417,1819.3603515625,1269.4166898727417,48.0,41.5,1,1,0,0
1783872718230136300,2026-07-13 00:11:58.230136,3.014625072479248,-8.650235176086426,1749.521827697754,1337.8041982650757,1819.3603515625,1337.8041982650757,45.5,47.0,1,1,0,0
1783872718263811700,2026-07-13 00:11:58.263812,3.1059367656707764,-7.912415504455566,1876.583480834961,1238.4856939315796,1876.583480834961,1269.4166898727417,45.5,42.0,1,1,0,0
1783872718298010200,2026-07-13 00:11:58.298010,2.9558489322662354,-8.205098152160645,1786.8532180786133,1286.8499755859375,1819.3603515625,1269.4166898727417,49.5,41.0,1,1,0,0
1783872718331799700,2026-07-13 00:11:58.331800,3.194599151611328,-7.563710689544678,1619.1547393798828,1166.2700176239014,1819.3603515625,1269.4166898727417,63.5,51.5,1,1,0,0
1783872718368724200,2026-07-13 00:11:58.368724,3.204744815826416,-8.450839042663574,1794.9119567871094,1342.4406051635742,1819.3603515625,1269.4166898727417,50.0,46.0,1,1,0,0
1783872718396903200,2026-07-13 00:11:58.396903,3.200315237045288,-7.189352512359619,1743.6103820800781,1135.5503797531128,1794.9119567871094,1269.4166898727417,54.0,46.5,1,1,0,0
1783872718431279000,2026-07-13 00:11:58.431279,2.4193451404571533,-9.529065132141113,1899.4606018066406,1576.578140258789,1819.3603515625,1269.4166898727417,48.5,50.0,1,1,0,0
1783872718464614300,2026-07-13 00:11:58.464614,2.4318392276763916,-8.959696769714355,2081.267738342285,1509.9538564682007,1819.3603515625,1269.4166898727417,42.5,42.0,1,1,0,0
1783872718498885400,2026-07-13 00:11:58.498885,2.761662721633911,-10.883587837219238,1847.1527099609375,1702.3208141326904,1819.3603515625,1269.4166898727417,53.5,42.5,1,1,0,0
1783872718532004300,2026-07-13 00:11:58.532004,2.452997922897339,-10.589539527893066,2141.597366333008,1674.4529008865356,1847.1527099609375,1509.9538564682007,47.0,38.0,1,1,0,0
1783872718565167200,2026-07-13 00:11:58.565167,2.5062739849090576,-9.889911651611328,2282.833671569824,1629.4018030166626,1847.1527099609375,1509.9538564682007,42.5,39.5,1,1,0,0
1783872718601140800,2026-07-13 00:11:58.601141,2.507625102996826,-11.132781982421875,1910.992431640625,1800.7663488388062,1847.1527099609375,1629.4018030166626,53.0,47.5,1,1,0,0
1783872718632764500,2026-07-13 00:11:58.632764,2.368415355682373,-9.560577392578125,1914.272689819336,1635.1089477539062,1910.992431640625,1629.4018030166626,39.0,47.0,1,1,0,0
1783872718665902700,2026-07-13 00:11:58.665903,2.5189783573150635,-9.622613906860352,1807.2021484375,1693.6297416687012,1847.1527099609375,1629.4018030166626,21.5,39.0,1,1,0,0
1783872718734729200,2026-07-13 00:11:58.734729,2.6302542686462402,-9.895539283752441,1826.565170288086,1636.7015838623047,1847.1527099609375,1635.1089477539062,35.0,32.5,1,1,0,0
1783872718758786600,2026-07-13 00:11:58.758787,2.7092339992523193,-7.806063652038574,1704.2837142944336,1356.6350936889648,1847.1527099609375,1629.4018030166626,26.0,24.5,1,1,0,0
1783872718781641500,2026-07-13 00:11:58.781641,2.749662160873413,-9.466964721679688,1938.5005950927734,1535.4198217391968,1847.1527099609375,1629.4018030166626,43.5,41.5,1,1,0,0
1783872718803894000,2026-07-13 00:11:58.803894,2.6453588008880615,-7.656834125518799,1883.439826965332,1318.2991743087769,1847.1527099609375,1629.4018030166626,48.0,35.0,1,1,0,0
1783872718835072400,2026-07-13 00:11:58.835073,2.9259462356567383,-8.326560020446777,1874.1127014160156,1352.6298999786377,1847.1527099609375,1535.4198217391968,41.5,39.0,1,1,0,0
1783872718870020100,2026-07-13 00:11:58.870020,2.7659249305725098,-7.867450714111328,1896.537208557129,1347.8283882141113,1874.1127014160156,1535.4198217391968,50.5,39.0,1,1,0,0
1783872718902311800,2026-07-13 00:11:58.902312,3.3032093048095703,-8.097806930541992,1433.3248138427734,1326.5788555145264,1847.1527099609375,1352.6298999786377,47.5,42.5,1,1,0,0
1783872718937043300,2026-07-13 00:11:58.937043,3.134295701980591,-8.482028007507324,1642.2697067260742,1324.2486715316772,1847.1527099609375,1352.6298999786377,56.5,41.5,1,1,0,0
1783872718970749900,2026-07-13 00:11:58.970750,3.074939489364624,-8.788207054138184,1681.8496704101562,1376.6958713531494,1847.1527099609375,1376.6958713531494,48.5,52.0,1,1,0,0
1783872719004593200,2026-07-13 00:11:59.004593,3.0508272647857666,-8.341315269470215,1826.8638610839844,1342.8518772125244,1826.8638610839844,1352.6298999786377,44.0,40.0,1,1,0,0
1783872719038273200,2026-07-13 00:11:59.038273,3.1499903202056885,-8.704354286193848,1748.7380981445312,1328.1331062316895,1826.8638610839844,1352.6298999786377,54.0,52.0,1,1,0,0
1783872719071160800,2026-07-13 00:11:59.071161,3.232764482498169,-8.404582023620605,1665.3675079345703,1260.6487274169922,1826.8638610839844,1352.6298999786377,54.0,52.0,1,1,0,0
1783872719103834000,2026-07-13 00:11:59.103834,3.3739123344421387,-9.577611923217773,1529.694652557373,1439.8932456970215,1826.8638610839844,1352.6298999786377,53.5,47.5,1,1,0,0
1783872719139259900,2026-07-13 00:11:59.139260,3.242056369781494,-8.927390098571777,1702.0408630371094,1435.4097843170166,1748.7380981445312,1352.6298999786377,52.0,45.0,1,1,0,0
1783872719174110600,2026-07-13 00:11:59.174111,3.2496747970581055,-8.300936698913574,1682.2423934936523,1368.4169054031372,1702.0408630371094,1352.6298999786377,49.5,53.0,1,1,0,0
1783872719206752500,2026-07-13 00:11:59.206753,3.161792039871216,-8.44509220123291,1774.635887145996,1378.1882524490356,1774.635887145996,1368.4169054031372,49.5,53.0,1,1,0,0
1783872719240874700,2026-07-13 00:11:59.240875,3.1331746578216553,-9.109898567199707,1907.8378677368164,1410.075068473816,1748.7380981445312,1368.4169054031372,52.0,52.5,1,1,0,0
1783872719280085500,2026-07-13 00:11:59.280086,3.0273561477661133,-9.03282356262207,1925.2948760986328,1408.4770679473877,1774.635887145996,1368.4169054031372,47.5,50.0,1,1,0,0
1783872719304185300,2026-07-13 00:11:59.304185,3.302506685256958,-9.2830171585083,1730.7920455932617,1415.5653715133667,1774.635887145996,1378.1882524490356,42.0,47.5,1,1,0,0
1783872719326785000,2026-07-13 00:11:59.326785,3.138479471206665,-9.643309593200684,1634.2824935913086,1556.412696838379,1748.7380981445312,1408.4770679473877,42.5,50.5,1,1,0,0
1783872719349870800,2026-07-13 00:11:59.349871,3.222322702407837,-9.767067909240723,1558.2450866699219,1482.0114374160767,1748.7380981445312,1408.4770679473877,45.5,47.5,1,1,0,0
1783872719375529400,2026-07-13 00:11:59.375530,3.065422773361206,-10.254996299743652,1530.1596641540527,1615.8311367034912,1730.7920455932617,1415.5653715133667,43.0,50.5,1,1,0,0
1783872719411191600,2026-07-13 00:11:59.411191,2.8168540000915527,-10.30308723449707,1859.280776977539,1695.6236362457275,1748.7380981445312,1482.0114374160767,45.0,46.5,1,1,0,0
1783872719443408900,2026-07-13 00:11:59.443409,3.0732548236846924,-10.49128246307373,1421.718692779541,1671.5340614318848,1730.7920455932617,1482.0114374160767,39.0,44.5,1,1,0,0
1783872719476842300,2026-07-13 00:11:59.476842,3.0429704189300537,-10.53296947479248,1544.4774627685547,1665.4139757156372,1730.7920455932617,1615.8311367034912,41.0,44.5,1,1,0,0
1783872719536814900,2026-07-13 00:11:59.536815,2.9770829677581787,-9.07400131225586,1869.5173263549805,1531.8281650543213,1748.7380981445312,1531.8281650543213,44.5,30.0,1,1,0,0
1783872719561170200,2026-07-13 00:11:59.561170,3.3060011863708496,-10.527235984802246,1460.9188079833984,1608.510136604309,1730.7920455932617,1608.510136604309,45.0,46.0,1,1,0,0
1783872719582662200,2026-07-13 00:11:59.582662,3.1123077869415283,-10.036054611206055,1673.2030868530273,1630.0561428070068,1730.7920455932617,1615.8311367034912,45.0,45.0,1,1,0,0
1783872719612352500,2026-07-13 00:11:59.612353,3.0041935443878174,-9.581219673156738,1576.0363578796387,1559.6530437469482,1730.7920455932617,1559.6530437469482,39.5,44.5,1,1,0,0
1783872719647108500,2026-07-13 00:11:59.647109,3.2157132625579834,-9.957358360290527,1406.511402130127,1578.8096189498901,1673.2030868530273,1608.510136604309,40.5,43.0,1,1,0,0
1783872719682983300,2026-07-13 00:11:59.682983,3.018419027328491,-10.358908653259277,1465.9847259521484,1639.7206783294678,1673.2030868530273,1615.8311367034912,43.0,35.5,1,1,0,0
1783872719713971800,2026-07-13 00:11:59.713972,2.9700543880462646,-9.935364723205566,1697.6022720336914,1609.0270280838013,1697.6022720336914,1608.510136604309,45.0,28.5,1,1,0,0
1783872719747734000,2026-07-13 00:11:59.747734,2.954299211502075,-10.236638069152832,1544.5829391479492,1646.7686891555786,1673.2030868530273,1609.0270280838013,41.0,46.0,1,1,0,0
1783872719780895500,2026-07-13 00:11:59.780895,2.8413069248199463,-9.528818130493164,1640.6404495239258,1574.1426944732666,1673.2030868530273,1609.0270280838013,36.5,44.5,1,1,0,0
1783872719814227000,2026-07-13 00:11:59.814227,3.0457448959350586,-9.241805076599121,1576.9333839416504,1483.0800294876099,1673.2030868530273,1608.510136604309,39.0,42.5,1,1,0,0
1783872719846857800,2026-07-13 00:11:59.846858,2.941326856613159,-9.21103572845459,1645.1473236083984,1516.0303115844727,1645.1473236083984,1608.510136604309,42.5,44.5,1,1,0,0
1783872719881489200,2026-07-13 00:11:59.881489,3.1430180072784424,-9.46956729888916,1635.7721328735352,1510.030746459961,1645.1473236083984,1574.1426944732666,41.5,48.0,1,1,0,0
1783872719915143000,2026-07-13 00:11:59.915143,2.9104464054107666,-9.488493919372559,1768.8222885131836,1586.1519575119019,1673.2030868530273,1586.1519575119019,48.5,49.0,1,1,0,0
1783872719947753700,2026-07-13 00:11:59.947754,2.7368314266204834,-8.42351245880127,1908.5559844970703,1453.7791013717651,1645.1473236083984,1574.1426944732666,41.0,45.0,1,1,0,0
1783872719982460600,2026-07-13 00:11:59.982461,3.183513641357422,-9.892996788024902,1464.3503189086914,1654.4429063796997,1645.1473236083984,1574.1426944732666,47.5,46.0,1,1,0,0
1783872720016038200,2026-07-13 00:12:00.016038,3.0938527584075928,-8.606345176696777,1533.8047981262207,1468.6529636383057,1645.1473236083984,1574.1426944732666,47.0,41.0,1,1,0,0
1783872720050056300,2026-07-13 00:12:00.050056,3.048567533493042,-10.235278129577637,1539.30082321167,1648.2315063476562,1645.1473236083984,1574.1426944732666,47.0,44.5,1,1,0,0
1783872720094362600,2026-07-13 00:12:00.094363,3.0094997882843018,-8.694165229797363,1730.6083679199219,1456.2735557556152,1645.1473236083984,1574.1426944732666,46.5,39.5,1,1,0,0
1783872720119069500,2026-07-13 00:12:00.119069,3.121361255645752,-8.9406099319458,1513.3001327514648,1480.3636074066162,1645.1473236083984,1574.1426944732666,46.5,43.5,1,1,0,0
1783872720161235100,2026-07-13 00:12:00.161235,3.022061824798584,-7.337279319763184,1724.4903564453125,1256.3642263412476,1645.1473236083984,1574.1426944732666,56.0,44.5,1,1,0,0
1783872720185507300,2026-07-13 00:12:00.185507,3.1382904052734375,-9.196816444396973,1701.5380859375,1486.2620830535889,1645.1473236083984,1486.2620830535889,46.0,43.5,1,1,0,0
1783872720230981000,2026-07-13 00:12:00.230981,2.950376033782959,-8.615241050720215,1751.0305404663086,1492.1702146530151,1645.1473236083984,1492.1702146530151,47.5,37.0,1,1,0,0
1783872720253840100,2026-07-13 00:12:00.253840,3.155352830886841,-8.826350212097168,1677.0675659179688,1489.7093772888184,1677.0675659179688,1489.7093772888184,47.5,46.5,1,1,0,0
1783872720286201500,2026-07-13 00:12:00.286202,3.05243182182312,-9.772771835327148,1525.9796142578125,1569.0855979919434,1645.1473236083984,1489.7093772888184,53.5,46.5,1,1,0,0
1783872720319399100,2026-07-13 00:12:00.319399,3.065006732940674,-9.83248233795166,1576.0016441345215,1544.9211597442627,1645.1473236083984,1492.1702146530151,44.0,40.0,1,1,0,0
1783872720353306600,2026-07-13 00:12:00.353307,3.0898005962371826,-9.653074264526367,1566.7555809020996,1519.3359851837158,1645.1473236083984,1492.1702146530151,48.5,38.0,1,1,0,0
1783872720386677600,2026-07-13 00:12:00.386678,3.0128138065338135,-10.318218231201172,1708.804702758789,1621.9284534454346,1645.1473236083984,1519.3359851837158,43.0,46.5,1,1,0,0
1783872720422228600,2026-07-13 00:12:00.422229,2.888545274734497,-9.389904022216797,1776.8115997314453,1530.2774906158447,1645.1473236083984,1519.3359851837158,37.5,46.5,1,1,0,0
1783872720461960000,2026-07-13 00:12:00.461960,3.021303653717041,-9.897486686706543,1692.371940612793,1593.7656164169312,1645.1473236083984,1519.3359851837158,43.0,47.0,1,1,0,0
1783872720489321000,2026-07-13 00:12:00.489321,2.8502652645111084,-10.024444580078125,1745.7624435424805,1642.3354148864746,1692.371940612793,1530.2774906158447,40.5,40.0,1,1,0,0
1783872720523267800,2026-07-13 00:12:00.523268,3.0400431156158447,-11.124469757080078,1641.1731719970703,1776.247262954712,1645.1473236083984,1530.2774906158447,47.5,41.0,1,1,0,0
1783872720556860300,2026-07-13 00:12:00.556860,2.948861837387085,-11.311551094055176,1718.947410583496,1767.8152322769165,1692.371940612793,1593.7656164169312,40.0,40.5,1,1,0,0
1783872720589602500,2026-07-13 00:12:00.589602,2.986065626144409,-11.577364921569824,1615.1905059814453,1756.6193342208862,1692.371940612793,1642.3354148864746,39.5,39.5,1,1,0,0
1783872720623979300,2026-07-13 00:12:00.623979,2.652207851409912,-11.614680290222168,1978.5661697387695,1824.2124319076538,1692.371940612793,1756.6193342208862,38.0,39.0,1,1,0,0
1783872720657905500,2026-07-13 00:12:00.657905,2.6581053733825684,-11.403929710388184,1970.970344543457,1833.4543704986572,1692.371940612793,1756.6193342208862,41.5,41.5,1,1,0,0
1783872720691618400,2026-07-13 00:12:00.691618,2.934471368789673,-11.66872501373291,1872.1263885498047,1723.3457565307617,1692.371940612793,1723.3457565307617,57.5,40.0,1,1,0,0
1783872720724874500,2026-07-13 00:12:00.724874,2.5347554683685303,-11.138935089111328,2153.4826278686523,1785.3646278381348,1872.1263885498047,1756.6193342208862,54.5,35.5,1,1,0,0
1783872720771091000,2026-07-13 00:12:00.771091,2.5103344917297363,-11.120771408081055,2206.0935974121094,1771.6957330703735,1872.1263885498047,1756.6193342208862,54.5,35.5,1,1,0,0
1783872720793340800,2026-07-13 00:12:00.793341,2.5992648601531982,-11.671223640441895,2173.7573623657227,1768.3780193328857,1872.1263885498047,1756.6193342208862,57.5,41.5,1,1,0,0
1783872720825159600,2026-07-13 00:12:00.825160,2.6097004413604736,-11.609068870544434,2161.785888671875,1822.6937055587769,2153.4826278686523,1768.3780193328857,51.0,36.0,1,1,0,0
1783872720858912000,2026-07-13 00:12:00.858912,2.819645643234253,-11.62825870513916,1946.4305877685547,1815.353512763977,1946.4305877685547,1768.3780193328857,61.5,39.0,1,1,0,0
1783872720893031800,2026-07-13 00:12:00.893032,2.8292877674102783,-11.40917682647705,2093.0816650390625,1735.1644039154053,2093.0816650390625,1756.6193342208862,36.0,36.5,1,1,0,0
1783872720927745600,2026-07-13 00:12:00.927746,2.9894654750823975,-11.308517456054688,1944.7999954223633,1758.042812347412,2093.0816650390625,1768.3780193328857,41.5,30.5,1,1,0,0
1783872720960851800,2026-07-13 00:12:00.960852,2.728346347808838,-11.297350883483887,2117.2975540161133,1749.7721910476685,2093.0816650390625,1758.042812347412,44.5,37.0,1,1,0,0
1783872720993408100,2026-07-13 00:12:00.993408,2.91153883934021,-11.788578033447266,1830.7207107543945,1797.8767156600952,2093.0816650390625,1758.042812347412,41.0,40.5,1,1,0,0
1783872721026128000,2026-07-13 00:12:01.026128,3.032872438430786,-11.243452072143555,1991.5229797363281,1781.5535068511963,2093.0816650390625,1768.3780193328857,40.5,40.5,1,1,0,0
1783872721061997700,2026-07-13 00:12:01.061998,3.209097385406494,-11.983903884887695,1345.2571868896484,1815.9303665161133,2093.0816650390625,1768.3780193328857,39.0,41.0,1,1,0,0
1783872721094038500,2026-07-13 00:12:01.094038,3.1043853759765625,-10.55108642578125,1718.7837600708008,1773.0995416641235,1991.5229797363281,1773.0995416641235,36.5,31.0,1,1,0,0
1783872721167734400,2026-07-13 00:12:01.167734,3.1648008823394775,-11.265250205993652,1407.2477340698242,1835.3856801986694,1991.5229797363281,1773.0995416641235,32.0,30.0,1,1,0,0
1783872721190855500,2026-07-13 00:12:01.190856,2.998013734817505,-11.317727088928223,1274.1423606872559,1863.6173009872437,1718.7837600708008,1773.0995416641235,30.5,28.0,1,1,0,0
1783872721211985000,2026-07-13 00:12:01.211985,3.104767322540283,-12.175297737121582,1000.169563293457,1842.7852392196655,1718.7837600708008,1773.0995416641235,31.0,27.5,1,1,0,0
1783872721234070700,2026-07-13 00:12:01.234071,2.6459100246429443,-9.843750953674316,1232.2707176208496,1727.4699211120605,1407.2477340698242,1773.0995416641235,25.0,31.5,1,1,0,0
1783872721263175100,2026-07-13 00:12:01.263175,2.8123362064361572,-10.82486629486084,958.914852142334,1744.7125911712646,1274.1423606872559,1773.0995416641235,26.0,22.5,1,1,0,0
1783872721297142000,2026-07-13 00:12:01.297142,2.8436977863311768,-10.8901948928833,1006.6717147827148,1820.8497762680054,1232.2707176208496,1773.0995416641235,23.0,25.0,1,1,0,0
1783872721357206200,2026-07-13 00:12:01.357206,2.9406192302703857,-11.19096565246582,1112.8828048706055,1772.857904434204,1232.2707176208496,1773.0995416641235,24.0,26.0,1,1,0,0
1783872721384065600,2026-07-13 00:12:01.384066,2.505967378616333,-9.018519401550293,1210.4670524597168,1645.4849243164062,1210.4670524597168,1773.0995416641235,21.0,26.0,1,1,0,0
1783872721406044400,2026-07-13 00:12:01.406044,2.9338505268096924,-10.584829330444336,1165.760898590088,1756.4496994018555,1210.4670524597168,1773.0995416641235,22.0,28.0,1,1,0,0
1783872721432043700,2026-07-13 00:12:01.432044,2.8676578998565674,-9.110759735107422,1241.6674613952637,1640.293002128601,1232.2707176208496,1772.857904434204,22.5,31.0,1,1,0,0
1783872721466423000,2026-07-13 00:12:01.466423,2.7847983837127686,-10.025931358337402,1079.9955368041992,1727.3476123809814,1210.4670524597168,1756.4496994018555,24.5,31.0,1,1,0,0
1783872721499808200,2026-07-13 00:12:01.499808,2.8104746341705322,-9.345852851867676,1182.7741622924805,1721.3112115859985,1210.4670524597168,1756.4496994018555,22.0,26.5,1,1,0,0
1783872721533969500,2026-07-13 00:12:01.533969,2.755777597427368,-9.575871467590332,1058.4515571594238,1683.085560798645,1210.4670524597168,1727.3476123809814,16.0,28.0,1,1,0,0
1783872721568576900,2026-07-13 00:12:01.568577,2.758492946624756,-9.021540641784668,1211.4797592163086,1620.9627389907837,1210.4670524597168,1727.3476123809814,30.5,31.0,1,1,0,0
1783872721603041800,2026-07-13 00:12:01.603042,2.652080774307251,-9.723770141601562,1099.8896598815918,1693.3066844940186,1210.4670524597168,1721.3112115859985,26.5,31.5,1,1,0,0
1783872721635660200,2026-07-13 00:12:01.635660,3.0620386600494385,-10.815706253051758,1457.2907447814941,1797.9470491409302,1210.4670524597168,1727.3476123809814,31.0,29.5,1,1,0,0
1783872721668748600,2026-07-13 00:12:01.668749,2.8617990016937256,-9.61451244354248,1667.4489974975586,1670.7098484039307,1210.4670524597168,1721.3112115859985,41.0,34.5,1,1,0,0
1783872721702963000,2026-07-13 00:12:01.702963,2.941870927810669,-9.390671730041504,1589.1128540039062,1608.0989837646484,1210.4670524597168,1721.3112115859985,37.5,46.5,1,1,0,0
1783872721740782900,2026-07-13 00:12:01.740783,2.876166582107544,-10.043795585632324,1615.1420593261719,1626.261591911316,1457.2907447814941,1721.3112115859985,32.5,40.0,1,1,0,0
1783872721771131200,2026-07-13 00:12:01.771131,2.7294344902038574,-9.524847984313965,1959.8432540893555,1590.8901691436768,1589.1128540039062,1670.7098484039307,42.5,41.5,1,1,0,0
1783872721805108800,2026-07-13 00:12:01.805109,2.787503719329834,-9.564021110534668,1955.3863525390625,1594.1580533981323,1589.1128540039062,1626.261591911316,43.5,46.0,1,1,0,0
1783872721838941900,2026-07-13 00:12:01.838942,2.565955877304077,-9.72663688659668,1984.8138809204102,1663.208246231079,1615.1420593261719,1663.208246231079,55.5,38.0,1,1,0,0
1783872721871908300,2026-07-13 00:12:01.871908,2.5087802410125732,-10.08496379852295,2032.5536727905273,1598.6263751983643,1955.3863525390625,1626.261591911316,42.0,46.5,1,1,0,0
1783872721913219100,2026-07-13 00:12:01.913219,2.509300708770752,-9.59639835357666,1960.5186462402344,1564.7088289260864,1955.3863525390625,1626.261591911316,59.5,39.0,1,1,0,0
1783872721935666700,2026-07-13 00:12:01.935667,2.5087802410125732,-10.08496379852295,2032.5536727905273,1598.6263751983643,1960.5186462402344,1626.261591911316,40.0,46.5,1,1,0,0
1783872721966666600,2026-07-13 00:12:01.966666,2.5627262592315674,-9.857583045959473,2097.487449645996,1536.9820594787598,1960.5186462402344,1598.6263751983643,51.5,45.0,1,1,0,0
1783872721995543600,2026-07-13 00:12:01.995543,2.5406863689422607,-9.750479698181152,1960.422134399414,1572.2341537475586,1960.422134399414,1598.6263751983643,41.0,51.0,1,1,0,0
1783872722017864200,2026-07-13 00:12:02.017864,2.7454662322998047,-9.171900749206543,1901.4455795288086,1452.1594047546387,1960.5186462402344,1598.6263751983643,61.0,46.5,1,1,0,0
1783872722056793500,2026-07-13 00:12:02.056794,2.589097499847412,-8.504937171936035,2052.295684814453,1401.4625549316406,1960.5186462402344,1572.2341537475586,53.5,47.5,1,1,0,0
1783872722077964600,2026-07-13 00:12:02.077965,2.6849443912506104,-7.914287090301514,2001.7675399780273,1305.0329685211182,1960.5186462402344,1572.2341537475586,56.5,48.5,1,1,0,0
1783872722108530100,2026-07-13 00:12:02.108530,2.7888784408569336,-6.55664587020874,1849.020767211914,1112.120509147644,1960.5186462402344,1452.1594047546387,56.0,53.0,1,1,0,0
1783872722142376000,2026-07-13 00:12:02.142376,2.8872478008270264,-5.49921178817749,1564.609718322754,979.5411229133606,1960.5186462402344,1401.4625549316406,63.0,48.0,1,1,0,0
1783872722181930200,2026-07-13 00:12:02.181930,2.8872478008270264,-5.49921178817749,1564.609718322754,979.5411229133606,1960.5186462402344,1305.0329685211182,65.0,54.5,1,1,0,0
1783872722210165800,2026-07-13 00:12:02.210166,2.1378161907196045,-3.8699827194213867,673.9171504974365,735.5257868766785,1849.020767211914,1112.120509147644,60.0,46.0,1,1,0,0
1783872722243989600,2026-07-13 00:12:02.243989,1.7029125690460205,-3.8196771144866943,585.2612495422363,597.2079634666443,1564.609718322754,979.5411229133606,77.5,46.5,1,1,0,0
1783872722286758400,2026-07-13 00:12:02.286758,0.7217826247215271,-3.4004204273223877,478.69858741760254,538.7688875198364,1564.609718322754,979.5411229133606,92.0,40.0,1,1,0,0
1783872722310863200,2026-07-13 00:12:02.310863,0.6704756617546082,-3.356764316558838,454.92539405822754,443.7863230705261,673.9171504974365,735.5257868766785,79.0,55.0,1,1,0,0
1783872722344529500,2026-07-13 00:12:02.344529,1.2040445804595947,-2.522522449493408,676.271390914917,462.45256066322327,676.271390914917,597.2079634666443,87.5,42.5,1,1,0,0
1783872722379139900,2026-07-13 00:12:02.379140,1.3975001573562622,-2.705303192138672,705.5177211761475,418.1957244873047,705.5177211761475,538.7688875198364,84.0,39.5,1,1,0,0
1783872722412782500,2026-07-13 00:12:02.412783,0.8596554398536682,-2.319197654724121,651.805830001831,423.3965873718262,673.9171504974365,462.45256066322327,86.5,35.0,1,1,0,0
1783872722445166800,2026-07-13 00:12:02.445167,3.461284637451172,-3.811197280883789,1631.9501876831055,641.5666937828064,676.271390914917,597.2079634666443,69.0,50.5,1,1,0,0
1783872722479250400,2026-07-13 00:12:02.479250,2.7849104404449463,-7.023126602172852,1879.3176651000977,1066.034436225891,705.5177211761475,538.7688875198364,55.0,50.5,1,1,0,0
1783872722515060100,2026-07-13 00:12:02.515060,2.760841131210327,-5.642782688140869,1839.0090942382812,860.6927394866943,705.5177211761475,597.2079634666443,93.5,49.0,1,1,0,0
1783872722547031200,2026-07-13 00:12:02.547031,2.590709924697876,-6.075047969818115,1847.5547790527344,888.1353139877319,1631.9501876831055,641.5666937828064,75.0,40.5,1,1,0,0
1783872722583409800,2026-07-13 00:12:02.583410,2.460530996322632,-6.040972709655762,1982.3930740356445,922.5659966468811,1839.0090942382812,860.6927394866943,78.0,53.5,1,1,0,0
1783872722614598500,2026-07-13 00:12:02.614599,2.5773327350616455,-5.438049793243408,1768.8920974731445,824.2714405059814,1768.8920974731445,824.2714405059814,79.5,58.5,1,1,0,0
1783872722647728400,2026-07-13 00:12:02.647728,2.8625943660736084,-5.8257269859313965,1856.0611724853516,887.9202604293823,1839.0090942382812,860.6927394866943,81.0,56.5,1,1,0,0
1783872722681243500,2026-07-13 00:12:02.681243,2.8543670177459717,-6.599342346191406,1785.171127319336,1004.5837163925171,1839.0090942382812,860.6927394866943,79.5,59.5,1,1,0,0
1783872722715548800,2026-07-13 00:12:02.715549,3.003840208053589,-6.49547815322876,1936.3727569580078,932.1878552436829,1839.0090942382812,860.6927394866943,71.0,53.5,1,1,0,0
1783872722748339800,2026-07-13 00:12:02.748340,2.8639681339263916,-6.127572536468506,1818.4806823730469,948.7946033477783,1839.0090942382812,887.9202604293823,98.0,48.0,1,1,0,0
1783872722781139500,2026-07-13 00:12:02.781139,3.0358707904815674,-5.591249942779541,1732.9769134521484,809.4133734703064,1839.0090942382812,860.6927394866943,95.5,56.0,1,1,0,0
1783872722814766000,2026-07-13 00:12:02.814766,3.0525946617126465,-5.264823913574219,1689.9765014648438,834.2546224594116,1839.0090942382812,860.6927394866943,94.5,58.0,1,1,0,0
1783872722848948600,2026-07-13 00:12:02.848948,3.2074172496795654,-5.593620777130127,1624.753761291504,891.781210899353,1818.4806823730469,887.9202604293823,81.0,44.0,1,1,0,0
1783872722883138000,2026-07-13 00:12:02.883138,3.2074172496795654,-5.593620777130127,1624.753761291504,891.781210899353,1732.9769134521484,860.6927394866943,94.5,55.5,1,1,0,0
1783872722949348000,2026-07-13 00:12:02.949348,3.1778624057769775,-5.911197185516357,1400.4361152648926,971.8831777572632,1689.9765014648438,887.9202604293823,94.5,56.0,1,1,0,0
1783872722970950500,2026-07-13 00:12:02.970950,3.363105535507202,-4.767143249511719,1524.5152473449707,788.6753678321838,1624.753761291504,887.9202604293823,95.5,58.5,1,1,0,0
1783872722991527300,2026-07-13 00:12:02.991527,3.2343485355377197,-5.267948150634766,1418.3513641357422,877.7311444282532,1624.753761291504,877.7311444282532,84.5,58.5,1,1,0,0
1783872723016994200,2026-07-13 00:12:03.016994,3.0681612491607666,-5.475390434265137,1608.5121154785156,936.6511106491089,1608.5121154785156,887.9202604293823,90.5,54.0,1,1,0,0
1783872723050794600,2026-07-13 00:12:03.050795,3.052931547164917,-5.559457778930664,1570.672607421875,939.4896030426025,1608.5121154785156,887.9202604293823,86.0,59.5,1,1,0,0
1783872723083983300,2026-07-13 00:12:03.083983,3.0407636165618896,-5.828248977661133,1575.0480651855469,970.6524014472961,1608.5121154785156,887.9202604293823,83.5,51.5,1,1,0,0
1783872723118830700,2026-07-13 00:12:03.118831,3.1549322605133057,-6.3230881690979,1623.0804443359375,1023.6072540283203,1608.5121154785156,936.6511106491089,88.5,52.5,1,1,0,0
1783872723150944400,2026-07-13 00:12:03.150944,3.2394254207611084,-5.801533222198486,1592.0658111572266,941.5342211723328,1608.5121154785156,939.4896030426025,94.5,48.0,1,1,0,0
1783872723186146700,2026-07-13 00:12:03.186147,3.2330193519592285,-6.103572368621826,1557.4121475219727,963.5807275772095,1608.5121154785156,941.5342211723328,79.0,57.5,1,1,0,0
1783872723218945400,2026-07-13 00:12:03.218945,3.176144599914551,-6.226464748382568,1577.8337478637695,992.7896857261658,1608.5121154785156,941.5342211723328,70.0,53.5,1,1,0,0
1783872723252074700,2026-07-13 00:12:03.252075,3.4115025997161865,-5.588629245758057,1501.5912055969238,886.073887348175,1592.0658111572266,939.4896030426025,67.5,54.5,1,1,0,0
1783872723286223100,2026-07-13 00:12:03.286223,3.219749689102173,-5.647193431854248,1198.171329498291,934.345543384552,1577.8337478637695,941.5342211723328,68.5,40.0,1,1,0,0
1783872723320091600,2026-07-13 00:12:03.320092,3.0049197673797607,-5.394830703735352,1021.2616920471191,917.8351759910583,1577.8337478637695,939.4896030426025,70.5,39.5,1,1,0,0
1783872723352878500,2026-07-13 00:12:03.352879,2.6818525791168213,-6.204044342041016,804.9367904663086,1076.412320137024,1501.5912055969238,939.4896030426025,79.0,40.0,1,1,0,0
1783872723387863300,2026-07-13 00:12:03.387863,2.838949203491211,-5.026702880859375,966.317081451416,898.1500267982483,1198.171329498291,939.4896030426025,71.5,35.5,1,1,0,0
1783872723421708300,2026-07-13 00:12:03.421708,2.9502341747283936,-8.103527069091797,1242.1906471252441,1440.3531551361084,1242.1906471252441,939.4896030426025,61.0,31.5,1,1,0,0
1783872723455624800,2026-07-13 00:12:03.455625,3.1311957836151123,-10.485033988952637,1328.7150382995605,1782.222032546997,1328.7150382995605,939.4896030426025,53.5,40.0,1,1,0,0
1783872723489739300,2026-07-13 00:12:03.489739,3.1526741981506348,-10.301575660705566,1437.4114036560059,1766.4101123809814,1242.1906471252441,939.4896030426025,53.5,34.0,1,1,0,0
1783872723524026300,2026-07-13 00:12:03.524026,2.9763410091400146,-10.353296279907227,1247.4693298339844,1780.042290687561,1247.4693298339844,1440.3531551361084,56.0,39.0,1,1,0,0
1783872723557803400,2026-07-13 00:12:03.557804,3.1505396366119385,-9.434569358825684,1434.4246864318848,1677.4283647537231,1328.7150382995605,1677.4283647537231,47.5,29.0,1,1,0,0
1783872723591027800,2026-07-13 00:12:03.591028,2.749985933303833,-8.919568061828613,1065.2973175048828,1598.5791683197021,1242.1906471252441,1598.5791683197021,41.0,46.5,1,1,0,0
1783872723624175800,2026-07-13 00:12:03.624176,2.8831911087036133,-10.937077522277832,914.4741058349609,1837.3887538909912,1247.4693298339844,1677.4283647537231,40.5,34.0,1,1,0,0
1783872723672288400,2026-07-13 00:12:03.672288,2.9081292152404785,-9.135176658630371,1243.849754333496,1658.2319736480713,1243.849754333496,1677.4283647537231,36.0,30.5,1,1,0,0
